version 2
JvmtiExport can_access_local_variables 0
JvmtiExport can_hotswap_or_post_breakpoint 1
JvmtiExport can_post_on_exceptions 0
# 717 ciObject found
instanceKlass com/sun/tools/javac/jvm/ClassReader
ciInstanceKlass java/lang/Cloneable 1 0 7 100 1 100 1 1 1
instanceKlass lombok/With
instanceKlass lombok/Value
instanceKlass lombok/javac/JavacASTAdapter
instanceKlass lombok/experimental/UtilityClass
instanceKlass lombok/ToString
instanceKlass lombok/Synchronized
instanceKlass lombok/experimental/SuperBuilder
instanceKlass lombok/javac/handlers/JavacSingularsRecipes$StatementMaker
instanceKlass lombok/javac/handlers/JavacSingularsRecipes$ExpressionMaker
instanceKlass lombok/javac/handlers/HandleBuilder$BuilderJob
instanceKlass lombok/experimental/StandardException
instanceKlass lombok/SneakyThrows
instanceKlass lombok/Singular
instanceKlass lombok/Setter
instanceKlass lombok/core/PrintAST
instanceKlass lombok/NonNull
instanceKlass lombok/extern/slf4j/XSlf4j
instanceKlass lombok/extern/slf4j/Slf4j
instanceKlass lombok/extern/log4j/Log4j
instanceKlass lombok/extern/log4j/Log4j2
instanceKlass lombok/extern/java/Log
instanceKlass lombok/extern/jbosslog/JBossLog
instanceKlass lombok/extern/flogger/Flogger
instanceKlass lombok/CustomLog
instanceKlass lombok/extern/apachecommons/CommonsLog
instanceKlass lombok/Locked$Write
instanceKlass lombok/Locked$Read
instanceKlass lombok/Locked
instanceKlass lombok/extern/jackson/Jacksonized
instanceKlass lombok/experimental/Helper
instanceKlass lombok/Getter
instanceKlass lombok/experimental/FieldNameConstants
instanceKlass lombok/core/LombokImmutableList
instanceKlass lombok/core/JavaIdentifiers
instanceKlass lombok/experimental/ExtensionMethod
instanceKlass lombok/EqualsAndHashCode
instanceKlass lombok/experimental/Delegate
instanceKlass lombok/Data
instanceKlass lombok/RequiredArgsConstructor
instanceKlass lombok/NoArgsConstructor
instanceKlass lombok/AllArgsConstructor
instanceKlass lombok/Cleanup
instanceKlass lombok/Builder$Default
instanceKlass lombok/Builder
instanceKlass lombok/javac/handlers/HandleConstructor
instanceKlass lombok/core/LombokInternalAliasing
instanceKlass lombok/core/AlreadyHandledAnnotations
instanceKlass lombok/javac/ResolutionResetNeeded
instanceKlass lombok/core/HandlerPriority
instanceKlass lombok/javac/HandlerLibrary$AnnotationHandlerContainer
instanceKlass lombok/experimental/Accessors
instanceKlass lombok/javac/JavacAnnotationHandler
instanceKlass lombok/core/SpiLoadUtil$1$1
instanceKlass lombok/core/SpiLoadUtil$1
instanceKlass java/util/Vector$1
instanceKlass lombok/core/SpiLoadUtil
instanceKlass lombok/core/configuration/ConfigurationKeysLoader
instanceKlass lombok/core/configuration/CheckerFrameworkVersion
instanceKlass lombok/core/configuration/TypeName
instanceKlass lombok/core/configuration/LogDeclaration
instanceKlass lombok/core/configuration/IdentifierName
instanceKlass lombok/core/configuration/ConfigurationDataType$6
instanceKlass lombok/core/configuration/ConfigurationDataType$7
instanceKlass lombok/core/configuration/NullAnnotationLibrary
instanceKlass lombok/core/configuration/ConfigurationValueType
instanceKlass lombok/core/configuration/ConfigurationDataType$5
instanceKlass lombok/core/configuration/ConfigurationDataType$4
instanceKlass lombok/core/configuration/ConfigurationDataType$3
instanceKlass lombok/core/configuration/ConfigurationDataType$2
instanceKlass lombok/core/configuration/ConfigurationDataType$1
instanceKlass lombok/core/configuration/ConfigurationValueParser
instanceKlass lombok/core/configuration/ConfigurationDataType
instanceKlass lombok/core/configuration/ConfigurationKey
instanceKlass lombok/ConfigurationKeys
instanceKlass lombok/core/configuration/ConfigurationKeysLoader$LoaderLoader
instanceKlass lombok/core/TypeLibrary
instanceKlass lombok/javac/HandlerLibrary
instanceKlass lombok/javac/JavacASTVisitor
instanceKlass lombok/javac/JavacTransformer
instanceKlass java/text/BreakIterator
instanceKlass com/sun/tools/javac/api/JavacScope
instanceKlass com/sun/source/util/DocTreePath
# instanceKlass java/lang/invoke/LambdaForm$MH+0x000000002f350800
# instanceKlass java/lang/invoke/LambdaForm$MH+0x000000002f350400
instanceKlass com/sun/source/util/TaskEvent
instanceKlass lombok/core/LombokNode
instanceKlass lombok/core/AST
instanceKlass lombok/javac/handlers/JavacHandlerUtil
instanceKlass lombok/javac/JavacTreeMaker$FieldId
instanceKlass lombok/javac/JavacTreeMaker$MethodId
instanceKlass lombok/javac/JavacTreeMaker
instanceKlass javax/lang/model/type/TypeVisitor
instanceKlass lombok/javac/JavacTreeMaker$SchroedingerType
instanceKlass lombok/javac/Javac
instanceKlass lombok/javac/apt/Java9Compiler
instanceKlass lombok/javac/apt/LombokFileObjects$Compiler
instanceKlass lombok/javac/apt/LombokFileObject
instanceKlass lombok/javac/apt/LombokFileObjects
instanceKlass lombok/javac/apt/MessagerDiagnosticsReceiver
instanceKlass javax/tools/ForwardingJavaFileManager
# instanceKlass java/lang/invoke/LambdaForm$MH+0x000000002f350000
# instanceKlass java/lang/invoke/LambdaForm$MH+0x000000002f34fc00
# instanceKlass java/lang/invoke/LambdaForm$MH+0x000000002f34f800
instanceKlass java/lang/invoke/LambdaFormEditor$1
instanceKlass lombok/permit/dummy/Parent
instanceKlass java/lang/Class$EnclosingMethodInfo
# instanceKlass java/lang/invoke/LambdaForm$MH+0x000000002f34f400
# instanceKlass java/lang/invoke/LambdaForm$MH+0x000000002f34f000
instanceKlass lombok/core/CleanupRegistry
instanceKlass java/util/stream/WhileOps$DropWhileSink
instanceKlass java/util/stream/SliceOps
instanceKlass java/util/stream/WhileOps$DropWhileOp
instanceKlass java/util/stream/WhileOps
instanceKlass  @bci sun/misc/Unsafe lambda$beforeMemoryAccessSlow$0 (Ljava/util/stream/Stream;)Ljava/util/List; 1 <appendix> argL0 ; # sun/misc/Unsafe$$Lambda+0x000000002f1e4860
instanceKlass java/lang/StackStreamFactory$FrameBuffer
instanceKlass java/lang/StackStreamFactory
instanceKlass  @bci sun/misc/Unsafe beforeMemoryAccessSlow ()V 26 <appendix> argL0 ; # sun/misc/Unsafe$$Lambda+0x000000002f1e2de8
instanceKlass sun/misc/Unsafe$StackWalkerHolder
instanceKlass lombok/permit/Permit$Fake
instanceKlass lombok/permit/Permit
instanceKlass lombok/core/DiagnosticsReceiver
instanceKlass lombok/launch/AnnotationProcessorHider$AstModificationNotifierData
instanceKlass sun/misc/Unsafe
instanceKlass lombok/core/AnnotationProcessor$ProcessorDescriptor
instanceKlass lombok/launch/ClassFileMetaData
instanceKlass java/util/zip/ZipFile$ZipEntryIterator
instanceKlass java/util/WeakHashMap$HashIterator
instanceKlass java/net/URLDecoder
instanceKlass lombok/launch/PackageShader
instanceKlass lombok/launch/Main
instanceKlass com/sun/tools/javac/processing/JavacProcessingEnvironment$ProcessorState
instanceKlass com/sun/tools/javac/processing/JavacRoundEnvironment
instanceKlass javax/lang/model/util/AbstractElementVisitor6
instanceKlass javax/lang/model/element/ElementVisitor
instanceKlass  @bci com/sun/tools/javac/processing/JavacProcessingEnvironment$Round <init> (Lcom/sun/tools/javac/processing/JavacProcessingEnvironment;ILjava/util/Set;Lcom/sun/tools/javac/util/Log$DeferredDiagnosticHandler;)V 24 <appendix> argL0 ; # com/sun/tools/javac/processing/JavacProcessingEnvironment$Round$$Lambda+0x000000002f3461b0
instanceKlass  @bci com/sun/tools/javac/processing/JavacProcessingEnvironment$Round <init> (Lcom/sun/tools/javac/processing/JavacProcessingEnvironment;ILjava/util/Set;Lcom/sun/tools/javac/util/Log$DeferredDiagnosticHandler;)V 15 <appendix> argL0 ; # com/sun/tools/javac/processing/JavacProcessingEnvironment$Round$$Lambda+0x000000002f345f58
instanceKlass com/sun/tools/javac/processing/JavacProcessingEnvironment$Round
instanceKlass com/sun/tools/javac/tree/JCTree$1
instanceKlass  @bci com/sun/tools/javac/code/TypeAnnotations annotationTargetType (Lcom/sun/tools/javac/tree/JCTree;Lcom/sun/tools/javac/code/Attribute$Compound;Lcom/sun/tools/javac/code/Symbol;)Lcom/sun/tools/javac/code/TypeAnnotations$AnnotationType; 64 <appendix> member <vmtarget> ; # com/sun/tools/javac/code/TypeAnnotations$$Lambda+0x000000002f345448
instanceKlass  @bci com/sun/tools/javac/code/TypeAnnotations annotationTargetType (Lcom/sun/tools/javac/tree/JCTree;Lcom/sun/tools/javac/code/Attribute$Compound;Lcom/sun/tools/javac/code/Symbol;)Lcom/sun/tools/javac/code/TypeAnnotations$AnnotationType; 50 <appendix> member <vmtarget> ; # com/sun/tools/javac/code/TypeAnnotations$$Lambda+0x000000002f344ff8
instanceKlass  @bci com/sun/tools/javac/code/TypeAnnotations annotationTargets (Lcom/sun/tools/javac/code/Symbol$TypeSymbol;)Lcom/sun/tools/javac/util/List; 56 <appendix> argL0 ; # com/sun/tools/javac/code/TypeAnnotations$$Lambda+0x000000002f344b50
instanceKlass com/sun/tools/javac/code/TypeAnnotationPosition
instanceKlass com/sun/tools/javac/code/Flags
instanceKlass  @bci com/sun/tools/javac/code/Type constValue ()Ljava/lang/Object; 3 <appendix> argL0 ; # com/sun/tools/javac/code/Type$$Lambda+0x000000002f344020
instanceKlass  @bci com/sun/tools/javac/code/Types$TypeMapping visit (Lcom/sun/tools/javac/util/List;Ljava/lang/Object;)Lcom/sun/tools/javac/util/List; 3 <appendix> member <vmtarget> ; # com/sun/tools/javac/code/Types$TypeMapping$$Lambda+0x000000002f343dd0
instanceKlass com/sun/tools/javac/comp/Resolve$MethodResolutionContext$Candidate
instanceKlass com/sun/tools/javac/code/Types$ImplementationCache$Entry
instanceKlass  @bci com/sun/tools/javac/code/Types membersClosure (Lcom/sun/tools/javac/code/Type;Z)Lcom/sun/tools/javac/code/Scope$CompoundScope; 15 <appendix> member <vmtarget> ; # com/sun/tools/javac/code/Types$$Lambda+0x000000002f3432d0
instanceKlass com/sun/tools/javac/comp/Resolve$LookupFilter
instanceKlass com/sun/tools/javac/comp/Resolve$MethodResolutionContext
instanceKlass com/sun/tools/javac/code/Types$25
instanceKlass com/sun/tools/javac/tree/TreeMaker$2
instanceKlass com/sun/tools/javac/comp/TypeEnter$1
instanceKlass com/sun/tools/javac/jvm/ClassReader$ParameterAnnotations
instanceKlass  @bci com/sun/tools/javac/comp/Check checkUniqueImport (Lcom/sun/tools/javac/util/JCDiagnostic$DiagnosticPosition;Lcom/sun/tools/javac/code/Scope;Lcom/sun/tools/javac/code/Scope;Lcom/sun/tools/javac/code/Scope;Lcom/sun/tools/javac/code/Symbol;Z)Z 2 <appendix> member <vmtarget> ; # com/sun/tools/javac/comp/Check$$Lambda+0x000000002f341470
instanceKlass  @bci com/sun/tools/javac/comp/Check checkImportsUnique (Lcom/sun/tools/javac/tree/JCTree$JCCompilationUnit;)V 90 <appendix> argL0 ; # com/sun/tools/javac/comp/Check$$Lambda+0x000000002f341218
instanceKlass  @bci com/sun/tools/javac/comp/TypeEnter complete (Lcom/sun/tools/javac/code/Symbol;)V 191 <appendix> argL0 ; # com/sun/tools/javac/comp/TypeEnter$$Lambda+0x000000002f340ff0
instanceKlass  @bci com/sun/tools/javac/code/TypeAnnotations validateTypeAnnotationsSignatures (Lcom/sun/tools/javac/comp/Env;Lcom/sun/tools/javac/tree/JCTree$JCClassDecl;)V 7 <appendix> member <vmtarget> ; # com/sun/tools/javac/code/TypeAnnotations$$Lambda+0x000000002f340dc0
instanceKlass  @bci com/sun/tools/javac/code/TypeAnnotations organizeTypeAnnotationsSignatures (Lcom/sun/tools/javac/comp/Env;Lcom/sun/tools/javac/tree/JCTree$JCClassDecl;)V 7 <appendix> member <vmtarget> ; # com/sun/tools/javac/code/TypeAnnotations$$Lambda+0x000000002f340b90
instanceKlass  @bci com/sun/tools/javac/jvm/ClassReader$11 read (Lcom/sun/tools/javac/code/Symbol;I)V 79 <appendix> member <vmtarget> ; # com/sun/tools/javac/jvm/ClassReader$11$$Lambda+0x000000002f340960
instanceKlass com/sun/tools/javac/util/Iterators$1
instanceKlass  @bci com/sun/tools/javac/code/Scope$FilterImportScope lambda$getSymbolsByName$0 (Lcom/sun/tools/javac/util/List;)Ljava/util/Iterator; 10 <appendix> member <vmtarget> ; # com/sun/tools/javac/code/Scope$FilterImportScope$$Lambda+0x000000002f340498
instanceKlass  @bci com/sun/tools/javac/code/Scope$FilterImportScope lambda$getSymbolsByName$0 (Lcom/sun/tools/javac/util/List;)Ljava/util/Iterator; 1 <appendix> argL0 ; # com/sun/tools/javac/code/Scope$FilterImportScope$$Lambda+0x000000002f340250
instanceKlass  @bci com/sun/tools/javac/code/Scope$FilterImportScope getSymbolsByName (Lcom/sun/tools/javac/util/Name;Ljava/util/function/Predicate;Lcom/sun/tools/javac/code/Scope$LookupKind;)Ljava/lang/Iterable; 62 <appendix> member <vmtarget> ; # com/sun/tools/javac/code/Scope$FilterImportScope$$Lambda+0x000000002f340000
instanceKlass  @bci com/sun/tools/javac/code/Scope$CompoundScope lambda$getSymbolsByName$0 (Lcom/sun/tools/javac/util/Name;Ljava/util/function/Predicate;Lcom/sun/tools/javac/code/Scope$LookupKind;)Ljava/util/Iterator; 7 <appendix> member <vmtarget> ; # com/sun/tools/javac/code/Scope$CompoundScope$$Lambda+0x000000002f33c400
instanceKlass  @bci com/sun/tools/javac/code/Scope$CompoundScope getSymbolsByName (Lcom/sun/tools/javac/util/Name;Ljava/util/function/Predicate;Lcom/sun/tools/javac/code/Scope$LookupKind;)Ljava/lang/Iterable; 4 <appendix> member <vmtarget> ; # com/sun/tools/javac/code/Scope$CompoundScope$$Lambda+0x000000002f33cc80
instanceKlass  @bci com/sun/tools/javac/comp/Annotate queueScanTreeAndTypeAnnotate (Lcom/sun/tools/javac/tree/JCTree;Lcom/sun/tools/javac/comp/Env;Lcom/sun/tools/javac/code/Symbol;Lcom/sun/tools/javac/tree/JCTree;)V 12 <appendix> member <vmtarget> ; # com/sun/tools/javac/comp/Annotate$$Lambda+0x000000002f33ca50
instanceKlass  @bci com/sun/tools/javac/comp/TypeEnter defaultConstructor (Lcom/sun/tools/javac/tree/TreeMaker;Lcom/sun/tools/javac/comp/TypeEnter$DefaultConstructorHelper;)Lcom/sun/tools/javac/tree/JCTree; 144 <appendix> member <vmtarget> ; # com/sun/tools/javac/comp/TypeEnter$$Lambda+0x000000002f33c800
instanceKlass com/sun/tools/javac/comp/TypeEnter$BasicConstructorHelper
instanceKlass  @bci com/sun/tools/javac/comp/Annotate annotateLater (Lcom/sun/tools/javac/util/List;Lcom/sun/tools/javac/comp/Env;Lcom/sun/tools/javac/code/Symbol;Lcom/sun/tools/javac/tree/JCTree;)V 32 <appendix> member <vmtarget> ; # com/sun/tools/javac/comp/Annotate$$Lambda+0x000000002f33d948
instanceKlass  @bci com/sun/tools/javac/comp/Annotate annotateLater (Lcom/sun/tools/javac/util/List;Lcom/sun/tools/javac/comp/Env;Lcom/sun/tools/javac/code/Symbol;Lcom/sun/tools/javac/tree/JCTree;)V 19 <appendix> member <vmtarget> ; # com/sun/tools/javac/comp/Annotate$$Lambda+0x000000002f33d718
instanceKlass com/sun/tools/javac/code/SymbolMetadata
instanceKlass  @bci com/sun/tools/javac/code/Scope$NamedImportScope lambda$getSymbolsByName$0 ([Lcom/sun/tools/javac/code/Scope;Lcom/sun/tools/javac/util/Name;Ljava/util/function/Predicate;Lcom/sun/tools/javac/code/Scope$LookupKind;)Ljava/util/Iterator; 7 <appendix> member <vmtarget> ; # com/sun/tools/javac/code/Scope$NamedImportScope$$Lambda+0x000000002f33fdb0
instanceKlass  @bci com/sun/tools/javac/code/Scope$NamedImportScope getSymbolsByName (Lcom/sun/tools/javac/util/Name;Ljava/util/function/Predicate;Lcom/sun/tools/javac/code/Scope$LookupKind;)Ljava/lang/Iterable; 29 <appendix> member <vmtarget> ; # com/sun/tools/javac/code/Scope$NamedImportScope$$Lambda+0x000000002f33fb60
instanceKlass com/sun/tools/javac/jvm/ClassReader$CompleterDeproxy
instanceKlass  @bci com/sun/tools/javac/jvm/ClassReader parameter (IILcom/sun/tools/javac/code/Type;Lcom/sun/tools/javac/code/Symbol$MethodSymbol;Ljava/util/Set;)Lcom/sun/tools/javac/code/Symbol$VarSymbol; 155 <appendix> member <vmtarget> ; # com/sun/tools/javac/jvm/ClassReader$$Lambda+0x000000002f33f1d8
instanceKlass com/sun/tools/javac/jvm/ClassReader$AnnotationDeproxy
instanceKlass com/sun/tools/javac/jvm/ClassReader$ProxyVisitor
instanceKlass  @bci com/sun/tools/javac/jvm/ClassReader parameter (IILcom/sun/tools/javac/code/Type;Lcom/sun/tools/javac/code/Symbol$MethodSymbol;Ljava/util/Set;)Lcom/sun/tools/javac/code/Symbol$VarSymbol; 83 <appendix> member <vmtarget> ; # com/sun/tools/javac/jvm/ClassReader$$Lambda+0x000000002f33e210
instanceKlass com/sun/tools/javac/jvm/Code$1
instanceKlass com/sun/tools/javac/jvm/ClassReader$28
instanceKlass  @bci com/sun/tools/javac/jvm/PoolReader getType (I)Lcom/sun/tools/javac/code/Type; 14 <appendix> member <vmtarget> ; # com/sun/tools/javac/jvm/PoolReader$$Lambda+0x000000002f33a698
instanceKlass  @cpi com/sun/tools/javac/jvm/PoolReader 361 form vmentry <vmtarget> ; # java/lang/invoke/LambdaForm$DMH+0x000000002f33c000
instanceKlass com/sun/tools/javac/util/Name$NameMapper
instanceKlass  @bci com/sun/tools/javac/code/Scope$ScopeImpl remove (Lcom/sun/tools/javac/code/Symbol;)V 21 <appendix> member <vmtarget> ; # com/sun/tools/javac/code/Scope$ScopeImpl$$Lambda+0x000000002f33a230
instanceKlass  @bci com/sun/tools/javac/jvm/ClassReader readInnerClasses (Lcom/sun/tools/javac/code/Symbol$ClassSymbol;)V 67 <appendix> member <vmtarget> ; # com/sun/tools/javac/jvm/ClassReader$$Lambda+0x000000002f33a000
instanceKlass  @bci com/sun/tools/javac/jvm/ClassReader readInnerClasses (Lcom/sun/tools/javac/code/Symbol$ClassSymbol;)V 41 <appendix> member <vmtarget> ; # com/sun/tools/javac/jvm/ClassReader$$Lambda+0x000000002f339dd0
instanceKlass com/sun/tools/javac/jvm/ClassReader$SourceFileObject
instanceKlass  @bci com/sun/tools/javac/code/ClassFinder classFileNotFound (Lcom/sun/tools/javac/code/Symbol$ClassSymbol;)Lcom/sun/tools/javac/code/Symbol$CompletionFailure; 4 <appendix> member <vmtarget> ; # com/sun/tools/javac/code/ClassFinder$$Lambda+0x000000002f339628
instanceKlass  @bci com/sun/tools/javac/code/ClassFinder loadClass (Lcom/sun/tools/javac/code/Symbol$ModuleSymbol;Lcom/sun/tools/javac/util/Name;)Lcom/sun/tools/javac/code/Symbol$ClassSymbol; 28 <appendix> member <vmtarget> ; # com/sun/tools/javac/code/ClassFinder$$Lambda+0x000000002f3393f8
instanceKlass com/sun/tools/javac/comp/MatchBindingsComputer$1
instanceKlass java/nio/file/FileTreeWalker$1
instanceKlass  @bci com/sun/tools/javac/comp/Check checkDeprecated (Lcom/sun/tools/javac/util/JCDiagnostic$DiagnosticPosition;Lcom/sun/tools/javac/code/Symbol;Lcom/sun/tools/javac/code/Symbol;)V 2 <appendix> member <vmtarget> ; # com/sun/tools/javac/comp/Check$$Lambda+0x000000002f338d40
instanceKlass com/sun/tools/javac/comp/Attr$13
instanceKlass  @bci com/sun/tools/javac/code/Symtab lookupPackage (Lcom/sun/tools/javac/code/Symbol$ModuleSymbol;Lcom/sun/tools/javac/util/Name;Z)Lcom/sun/tools/javac/code/Symbol$PackageSymbol; 112 <appendix> member <vmtarget> ; # com/sun/tools/javac/code/Symtab$$Lambda+0x000000002f3388d0
instanceKlass  @bci com/sun/tools/javac/code/Symtab lookupPackage (Lcom/sun/tools/javac/code/Symbol$ModuleSymbol;Lcom/sun/tools/javac/util/Name;Z)Lcom/sun/tools/javac/code/Symbol$PackageSymbol; 101 <appendix> argL0 ; # com/sun/tools/javac/code/Symtab$$Lambda+0x000000002f338688
instanceKlass com/sun/tools/javac/code/Scope$FilterImportScope$SymbolImporter
instanceKlass com/sun/tools/javac/platform/JDKPlatformProvider$PlatformDescriptionImpl$1$1
instanceKlass  @bci com/sun/tools/javac/platform/JDKPlatformProvider$PlatformDescriptionImpl$1 list (Ljavax/tools/JavaFileManager$Location;Ljava/lang/String;Ljava/util/Set;Z)Ljava/lang/Iterable; 33 <appendix> member <vmtarget> ; # com/sun/tools/javac/platform/JDKPlatformProvider$PlatformDescriptionImpl$1$$Lambda+0x000000002f330a30
instanceKlass  @bci com/sun/tools/javac/comp/TypeEnter$ImportsPhase resolveImports (Lcom/sun/tools/javac/tree/JCTree$JCCompilationUnit;Lcom/sun/tools/javac/comp/Env;)V 94 <appendix> member <vmtarget> ; # com/sun/tools/javac/comp/TypeEnter$ImportsPhase$$Lambda+0x000000002f330800
instanceKlass  @bci com/sun/tools/javac/comp/TypeEnter$ImportsPhase resolveImports (Lcom/sun/tools/javac/tree/JCTree$JCCompilationUnit;Lcom/sun/tools/javac/comp/Env;)V 82 <appendix> member <vmtarget> ; # com/sun/tools/javac/comp/TypeEnter$ImportsPhase$$Lambda+0x000000002f333d18
instanceKlass com/sun/tools/javac/code/Scope$ImportFilter
instanceKlass  @bci com/sun/tools/javac/code/DeferredLintHandler push (Lcom/sun/tools/javac/tree/JCTree;)V 64 <appendix> member <vmtarget> ; # com/sun/tools/javac/code/DeferredLintHandler$$Lambda+0x000000002f3338d0
instanceKlass com/sun/tools/javac/code/Scope$ScopeImpl$2
instanceKlass  @bci com/sun/tools/javac/code/Scope$ScopeImpl getSymbolsByName (Lcom/sun/tools/javac/util/Name;Ljava/util/function/Predicate;Lcom/sun/tools/javac/code/Scope$LookupKind;)Ljava/lang/Iterable; 4 <appendix> member <vmtarget> ; # com/sun/tools/javac/code/Scope$ScopeImpl$$Lambda+0x000000002f333410
instanceKlass com/sun/tools/javac/comp/Check$6
instanceKlass com/sun/tools/javac/comp/AttrContext
instanceKlass  @bci com/sun/tools/javac/comp/Enter visitTopLevel (Lcom/sun/tools/javac/tree/JCTree$JCCompilationUnit;)V 287 <appendix> member <vmtarget> ; # com/sun/tools/javac/comp/Enter$$Lambda+0x000000002f332000
instanceKlass  @cpi com/sun/tools/javac/comp/TypeEnter$ImportsPhase 730 form vmentry <vmtarget> ; # java/lang/invoke/LambdaForm$DMH+0x000000002f330400
instanceKlass  @bci com/sun/tools/javac/comp/Enter visitTopLevel (Lcom/sun/tools/javac/tree/JCTree$JCCompilationUnit;)V 273 <appendix> member <vmtarget> ; # com/sun/tools/javac/comp/Enter$$Lambda+0x000000002f337b90
instanceKlass com/sun/tools/javac/code/Scope$ScopeImpl$1
instanceKlass  @bci com/sun/tools/javac/code/Scope$ScopeImpl getSymbols (Ljava/util/function/Predicate;Lcom/sun/tools/javac/code/Scope$LookupKind;)Ljava/lang/Iterable; 3 <appendix> member <vmtarget> ; # com/sun/tools/javac/code/Scope$ScopeImpl$$Lambda+0x000000002f3376c8
instanceKlass com/sun/tools/javac/code/ClassFinder$2
instanceKlass com/sun/tools/javac/code/ClassFinder$1
instanceKlass  @bci com/sun/tools/javac/code/ClassFinder list (Ljavax/tools/JavaFileManager$Location;Lcom/sun/tools/javac/code/Symbol$PackageSymbol;Ljava/lang/String;Ljava/util/Set;)Ljava/lang/Iterable; 26 <appendix> member <vmtarget> ; # com/sun/tools/javac/code/ClassFinder$$Lambda+0x000000002f336ba8
instanceKlass  @bci java/nio/file/Files asUncheckedRunnable (Ljava/io/Closeable;)Ljava/lang/Runnable; 1 <appendix> member <vmtarget> ; # java/nio/file/Files$$Lambda+0x000000002f1e0158
instanceKlass java/nio/file/Files$2
instanceKlass  @bci com/sun/tools/javac/file/JavacFileManager pathsAndContainers (Ljavax/tools/JavaFileManager$Location;Lcom/sun/tools/javac/file/RelativePath$RelativeDirectory;)Ljava/util/List; 22 <appendix> member <vmtarget> ; # com/sun/tools/javac/file/JavacFileManager$$Lambda+0x000000002f336958
instanceKlass java/util/ComparableTimSort
instanceKlass  @bci com/sun/tools/javac/file/JavacFileManager indexPathsAndContainersByRelativeDirectory (Ljavax/tools/JavaFileManager$Location;)Ljava/util/Map; 213 <appendix> argL0 ; # com/sun/tools/javac/file/JavacFileManager$$Lambda+0x000000002f336720
instanceKlass  @bci com/sun/tools/javac/file/JavacFileManager indexPathsAndContainersByRelativeDirectory (Ljavax/tools/JavaFileManager$Location;)Ljava/util/Map; 167 <appendix> member <vmtarget> ; # com/sun/tools/javac/file/JavacFileManager$$Lambda+0x000000002f3364d0
instanceKlass java/util/concurrent/locks/AbstractQueuedLongSynchronizer$Node
instanceKlass  @bci jdk/nio/zipfs/ZipFileSystem lambda$createVersionedLinks$0 (Ljava/util/HashMap;Ljdk/nio/zipfs/ZipFileSystem$IndexNode;)V 8 <appendix> member <vmtarget> ; # jdk/nio/zipfs/ZipFileSystem$$Lambda+0x000000002f2abc30
instanceKlass  @bci jdk/nio/zipfs/ZipFileSystem createVersionedLinks (I)Ljava/util/function/Function; 50 <appendix> member <vmtarget> ; # jdk/nio/zipfs/ZipFileSystem$$Lambda+0x000000002f2ab9e0
instanceKlass  @bci jdk/nio/zipfs/ZipFileSystem createVersionedLinks (I)Ljava/util/function/Function; 39 <appendix> member <vmtarget> ; # jdk/nio/zipfs/ZipFileSystem$$Lambda+0x000000002f2ab7a0
instanceKlass  @bci jdk/nio/zipfs/ZipFileSystem determineReleaseVersion (Ljava/util/Map;)Ljava/util/Optional; 64 <appendix> member <vmtarget> ; # jdk/nio/zipfs/ZipFileSystem$$TypeSwitch+0x000000002f2ab590
instanceKlass java/lang/classfile/MethodModel
instanceKlass java/lang/classfile/FieldModel
instanceKlass  @bci jdk/internal/classfile/impl/ClassFileImpl attributeMapper ()Ljava/util/function/Function; 7 <appendix> argL0 ; # jdk/internal/classfile/impl/ClassFileImpl$$Lambda+0x80000004b
instanceKlass java/lang/classfile/ClassModel
instanceKlass java/lang/classfile/AttributedElement
instanceKlass java/lang/classfile/CompoundElement
instanceKlass java/lang/classfile/instruction/SwitchCase
instanceKlass  @bci java/lang/runtime/SwitchBootstraps generateTypeSwitchSkeleton (Ljava/lang/Class;[Ljava/lang/Object;Ljava/util/List;Ljava/util/List;)Ljava/util/function/Consumer; 45 <appendix> member <vmtarget> ; # java/lang/runtime/SwitchBootstraps$$Lambda+0x800000019
instanceKlass java/lang/classfile/AccessFlags
instanceKlass  @bci java/lang/runtime/SwitchBootstraps generateTypeSwitch (Ljava/lang/invoke/MethodHandles$Lookup;Ljava/lang/Class;[Ljava/lang/Object;)Ljava/lang/invoke/MethodHandle; 70 <appendix> member <vmtarget> ; # java/lang/runtime/SwitchBootstraps$$Lambda+0x800000018
instanceKlass jdk/internal/misc/PreviewFeatures
instanceKlass java/lang/runtime/SwitchBootstraps
instanceKlass sun/nio/fs/BasicFileAttributesHolder
instanceKlass java/nio/file/Files$3
instanceKlass java/nio/file/SimpleFileVisitor
instanceKlass java/nio/file/FileVisitor
instanceKlass com/sun/tools/javac/file/JavacFileManager$ArchiveContainer
instanceKlass com/sun/tools/javac/file/JavacFileManager$PathAndContainer
instanceKlass  @bci com/sun/tools/javac/file/JavacFileManager pathsAndContainers (Ljavax/tools/JavaFileManager$Location;Lcom/sun/tools/javac/file/RelativePath$RelativeDirectory;)Ljava/util/List; 6 <appendix> member <vmtarget> ; # com/sun/tools/javac/file/JavacFileManager$$Lambda+0x000000002f335b80
instanceKlass java/util/RegularEnumSet$EnumSetIterator
instanceKlass  @bci com/sun/tools/javac/code/ClassFinder fillIn (Lcom/sun/tools/javac/code/Symbol$PackageSymbol;)V 27 <appendix> member <vmtarget> ; # com/sun/tools/javac/code/ClassFinder$$Lambda+0x000000002f335950
instanceKlass  @bci com/sun/tools/javac/comp/Modules completeModule (Lcom/sun/tools/javac/code/Symbol$ModuleSymbol;)V 327 <appendix> member <vmtarget> ; # com/sun/tools/javac/comp/Modules$$Lambda+0x000000002f335720
instanceKlass  @bci com/sun/tools/javac/comp/Modules initVisiblePackages (Lcom/sun/tools/javac/code/Symbol$ModuleSymbol;Ljava/util/Collection;)V 103 <appendix> member <vmtarget> ; # com/sun/tools/javac/comp/Modules$$Lambda+0x000000002f3354e0
instanceKlass  @bci java/util/stream/Collectors joining (Ljava/lang/CharSequence;Ljava/lang/CharSequence;Ljava/lang/CharSequence;)Ljava/util/stream/Collector; 22 <appendix> argL0 ; # java/util/stream/Collectors$$Lambda+0x800000043
instanceKlass  @bci java/util/stream/Collectors joining (Ljava/lang/CharSequence;Ljava/lang/CharSequence;Ljava/lang/CharSequence;)Ljava/util/stream/Collector; 17 <appendix> argL0 ; # java/util/stream/Collectors$$Lambda+0x800000041
instanceKlass  @bci java/util/stream/Collectors joining (Ljava/lang/CharSequence;Ljava/lang/CharSequence;Ljava/lang/CharSequence;)Ljava/util/stream/Collector; 12 <appendix> argL0 ; # java/util/stream/Collectors$$Lambda+0x80000003e
instanceKlass  @bci java/util/stream/Collectors joining (Ljava/lang/CharSequence;Ljava/lang/CharSequence;Ljava/lang/CharSequence;)Ljava/util/stream/Collector; 7 <appendix> member <vmtarget> ; # java/util/stream/Collectors$$Lambda+0x800000046
instanceKlass  @bci com/sun/tools/javac/comp/Modules setupAllModules ()V 974 <appendix> argL0 ; # com/sun/tools/javac/comp/Modules$$Lambda+0x000000002f335298
instanceKlass  @bci com/sun/tools/javac/comp/Modules setupAllModules ()V 964 <appendix> argL0 ; # com/sun/tools/javac/comp/Modules$$Lambda+0x000000002f335040
instanceKlass  @bci com/sun/tools/javac/comp/Modules lambda$setupAllModules$2 (Lcom/sun/tools/javac/code/Symbol$ModuleSymbol;)Z 11 <appendix> argL0 ; # com/sun/tools/javac/comp/Modules$$Lambda+0x000000002f334de8
instanceKlass  @bci com/sun/tools/javac/comp/Modules setupAllModules ()V 400 <appendix> argL0 ; # com/sun/tools/javac/comp/Modules$$Lambda+0x000000002f334b90
instanceKlass  @bci com/sun/tools/javac/comp/Modules setupAllModules ()V 329 <appendix> argL0 ; # com/sun/tools/javac/comp/Modules$$Lambda+0x000000002f334938
instanceKlass  @bci com/sun/tools/javac/comp/Modules setupAllModules ()V 285 <appendix> argL0 ; # com/sun/tools/javac/comp/Modules$$Lambda+0x000000002f3346e0
instanceKlass  @bci com/sun/tools/javac/comp/Modules setupAllModules ()V 279 <appendix> member <vmtarget> ; # com/sun/tools/javac/comp/Modules$$Lambda+0x000000002f334480
instanceKlass  @bci com/sun/tools/javac/comp/Modules completeModule (Lcom/sun/tools/javac/code/Symbol$ModuleSymbol;)V 10 <appendix> member <vmtarget> ; # com/sun/tools/javac/comp/Modules$$Lambda+0x000000002f334240
instanceKlass com/sun/tools/javac/jvm/ClassReader$UsesProvidesCompleter
instanceKlass  @bci com/sun/tools/javac/jvm/ClassReader readClass (Lcom/sun/tools/javac/code/Symbol$ClassSymbol;)V 419 <appendix> member <vmtarget> ; # com/sun/tools/javac/jvm/ClassReader$$Lambda+0x000000002f32fdc0
instanceKlass  @bci com/sun/tools/javac/util/List collector ()Ljava/util/stream/Collector; 15 <appendix> argL0 ; # com/sun/tools/javac/util/List$$Lambda+0x000000002f32fb78
instanceKlass  @bci com/sun/tools/javac/util/List collector ()Ljava/util/stream/Collector; 10 <appendix> argL0 ; # com/sun/tools/javac/util/List$$Lambda+0x000000002f32f928
instanceKlass  @bci com/sun/tools/javac/util/List collector ()Ljava/util/stream/Collector; 5 <appendix> argL0 ; # com/sun/tools/javac/util/List$$Lambda+0x000000002f32f6f0
instanceKlass  @bci com/sun/tools/javac/util/List collector ()Ljava/util/stream/Collector; 0 <appendix> argL0 ; # com/sun/tools/javac/util/List$$Lambda+0x000000002f32f4c8
instanceKlass  @bci com/sun/tools/javac/code/Symbol$ClassSymbol getPermittedSubclasses ()Lcom/sun/tools/javac/util/List; 9 <appendix> argL0 ; # com/sun/tools/javac/code/Symbol$ClassSymbol$$Lambda+0x000000002f32f280
instanceKlass com/sun/tools/javac/jvm/ClassReader$InterimProvidesDirective
instanceKlass  @bci com/sun/tools/javac/jvm/ClassReader$24 read (Lcom/sun/tools/javac/code/Symbol;I)V 977 <appendix> member <vmtarget> ; # com/sun/tools/javac/jvm/ClassReader$24$$Lambda+0x000000002f32ec20
instanceKlass  @bci com/sun/tools/javac/jvm/ClassReader$24 read (Lcom/sun/tools/javac/code/Symbol;I)V 919 <appendix> member <vmtarget> ; # com/sun/tools/javac/jvm/ClassReader$24$$Lambda+0x000000002f32e9f0
instanceKlass com/sun/tools/javac/jvm/ClassReader$InterimUsesDirective
instanceKlass  @bci com/sun/tools/javac/jvm/ClassReader$24 read (Lcom/sun/tools/javac/code/Symbol;I)V 830 <appendix> member <vmtarget> ; # com/sun/tools/javac/jvm/ClassReader$24$$Lambda+0x000000002f32e5a8
instanceKlass javax/lang/model/element/ModuleElement$ExportsDirective
instanceKlass  @bci com/sun/tools/javac/jvm/ClassReader$24 read (Lcom/sun/tools/javac/code/Symbol;I)V 175 <appendix> member <vmtarget> ; # com/sun/tools/javac/jvm/ClassReader$24$$Lambda+0x000000002f32dca8
instanceKlass  @cpi com/sun/tools/javac/jvm/ClassReader$24 373 form vmentry <vmtarget> ; # java/lang/invoke/LambdaForm$DMH+0x000000002f330000
instanceKlass  @bci com/sun/tools/javac/jvm/ClassReader$24 read (Lcom/sun/tools/javac/code/Symbol;I)V 63 <appendix> member <vmtarget> ; # com/sun/tools/javac/jvm/ClassReader$24$$Lambda+0x000000002f32da78
instanceKlass com/sun/tools/javac/jvm/PoolReader$Utf8Mapper
instanceKlass com/sun/tools/javac/jvm/PoolReader$ImmutablePoolHelper
instanceKlass com/sun/tools/javac/jvm/PoolReader
instanceKlass com/sun/tools/javac/comp/Modules$3
instanceKlass com/sun/tools/javac/code/ModuleFinder$1
instanceKlass javax/tools/ForwardingFileObject
instanceKlass javax/tools/StandardLocation$LazyPatternHolder
instanceKlass com/sun/tools/javac/file/JavacFileManager$DirectoryContainer
instanceKlass  @bci com/sun/tools/javac/comp/Modules initModules (Lcom/sun/tools/javac/util/List;)V 30 <appendix> member <vmtarget> ; # com/sun/tools/javac/comp/Modules$$Lambda+0x000000002f32c520
instanceKlass com/sun/tools/javac/parser/JavacParser$LambdaClassifier
instanceKlass  @bci com/sun/tools/javac/parser/JavacParser methodDeclaratorRest (ILcom/sun/tools/javac/tree/JCTree$JCModifiers;Lcom/sun/tools/javac/tree/JCTree$JCExpression;Lcom/sun/tools/javac/util/Name;Lcom/sun/tools/javac/util/List;ZZZLcom/sun/tools/javac/parser/Tokens$Comment;)Lcom/sun/tools/javac/tree/JCTree; 224 <appendix> argL0 ; # com/sun/tools/javac/parser/JavacParser$$Lambda+0x000000002f32bc60
instanceKlass com/sun/tools/javac/parser/Scanner$1
instanceKlass com/sun/tools/javac/parser/JavadocTokenizer$OffsetMap
instanceKlass com/sun/tools/javac/util/JCDiagnostic$SimpleDiagnosticPosition
instanceKlass com/sun/tools/javac/util/Position$LineMapImpl
instanceKlass com/sun/tools/javac/util/Position$LineMap
instanceKlass com/sun/tools/javac/util/Position
instanceKlass  @bci com/sun/tools/javac/tree/TreeMaker TopLevel (Lcom/sun/tools/javac/util/List;)Lcom/sun/tools/javac/tree/JCTree$JCCompilationUnit; 117 <appendix> member <vmtarget> ; # com/sun/tools/javac/tree/TreeMaker$$Lambda+0x000000002f325cf0
instanceKlass com/sun/tools/javac/tree/TreeInfo$2
instanceKlass com/sun/tools/javac/tree/TreeInfo
instanceKlass  @bci com/sun/tools/javac/parser/JavacParser arguments ()Lcom/sun/tools/javac/util/List; 80 <appendix> argL0 ; # com/sun/tools/javac/parser/JavacParser$$Lambda+0x000000002f327c90
instanceKlass com/sun/tools/javac/parser/JavacParser$2
instanceKlass  @bci com/sun/tools/javac/parser/JavacParser accept (Lcom/sun/tools/javac/parser/Tokens$TokenKind;)V 2 <appendix> argL0 ; # com/sun/tools/javac/parser/JavacParser$$Lambda+0x000000002f327838
instanceKlass com/sun/tools/javac/resources/CompilerProperties$Errors
instanceKlass com/sun/tools/javac/util/IntHashTable
instanceKlass com/sun/tools/javac/parser/LazyDocCommentTable
instanceKlass  @bci com/sun/tools/javac/parser/JavacParser <init> (Lcom/sun/tools/javac/parser/ParserFactory;Lcom/sun/tools/javac/parser/Lexer;ZZZZ)V 70 <appendix> argL0 ; # com/sun/tools/javac/parser/JavacParser$$Lambda+0x000000002f326ef8
instanceKlass com/sun/tools/javac/parser/JavacParser$ErrorRecoveryAction
instanceKlass com/sun/tools/javac/parser/JavacParser$AbstractEndPosTable
instanceKlass com/sun/tools/javac/tree/EndPosTable
instanceKlass com/sun/tools/javac/parser/JavacParser
instanceKlass com/sun/tools/javac/parser/Scanner
instanceKlass com/sun/source/tree/LineMap
instanceKlass com/sun/tools/javac/file/BaseFileManager$ContentCacheEntry
instanceKlass com/sun/tools/javac/util/ArrayUtils
instanceKlass com/sun/tools/javac/util/DiagnosticSource
instanceKlass com/sun/tools/javac/main/JavaCompiler$InitialFileParser
instanceKlass com/sun/tools/javac/main/JavaCompiler$InitialFileParserIntf
instanceKlass  @bci com/sun/tools/javac/util/Log$DeferredDiagnosticHandler <init> (Lcom/sun/tools/javac/util/Log;Ljava/util/function/Predicate;Z)V 28 <appendix> argL0 ; # com/sun/tools/javac/util/Log$DeferredDiagnosticHandler$$Lambda+0x000000002f321050
instanceKlass javax/annotation/processing/AbstractProcessor
instanceKlass com/sun/tools/javac/processing/JavacProcessingEnvironment$DiscoveredProcessors$ProcessorStateIterator
instanceKlass com/sun/tools/javac/processing/JavacProcessingEnvironment$DiscoveredProcessors
instanceKlass com/sun/tools/javac/util/Iterators$CompoundIterator
instanceKlass  @bci com/sun/tools/javac/processing/JavacProcessingEnvironment initProcessorIterator (Ljava/lang/Iterable;)V 234 <appendix> argL0 ; # com/sun/tools/javac/processing/JavacProcessingEnvironment$$Lambda+0x000000002f3206c0
instanceKlass  @bci java/util/stream/ReferencePipeline toArray ()[Ljava/lang/Object; 1 <appendix> argL0 ; # java/util/stream/ReferencePipeline$$Lambda+0x000000002f1dcd28
instanceKlass  @bci com/sun/tools/javac/processing/JavacProcessingEnvironment initProcessorIterator (Ljava/lang/Iterable;)V 202 <appendix> argL0 ; # com/sun/tools/javac/processing/JavacProcessingEnvironment$$Lambda+0x000000002f320478
instanceKlass com/sun/tools/javac/platform/PlatformDescription$PluginInfo
instanceKlass javax/annotation/processing/Processor
instanceKlass com/sun/tools/javac/file/JavacFileManager$3
instanceKlass  @bci com/sun/tools/javac/file/JavacFileManager asFiles (Ljava/lang/Iterable;)Ljava/lang/Iterable; 7 <appendix> member <vmtarget> ; # com/sun/tools/javac/file/JavacFileManager$$Lambda+0x000000002f301c00
instanceKlass com/sun/tools/javac/model/JavacTypes
instanceKlass com/sun/tools/javac/processing/JavacMessager
instanceKlass com/sun/tools/javac/processing/JavacFiler
instanceKlass com/sun/tools/javac/util/ForwardingDiagnosticFormatter$ForwardingConfiguration
instanceKlass com/sun/tools/javac/code/Types$DefaultSymbolVisitor
instanceKlass com/sun/tools/javac/util/ForwardingDiagnosticFormatter
instanceKlass  @bci com/sun/tools/javac/main/JavaCompiler <init> (Lcom/sun/tools/javac/util/Context;)V 408 <appendix> member <vmtarget> ; # com/sun/tools/javac/main/JavaCompiler$$Lambda+0x000000002f31cfb8
instanceKlass com/sun/tools/javac/code/ModuleFinder$ModuleNameFromSourceReader
instanceKlass  @bci com/sun/tools/javac/main/JavaCompiler <init> (Lcom/sun/tools/javac/util/Context;)V 395 <appendix> member <vmtarget> ; # com/sun/tools/javac/main/JavaCompiler$$Lambda+0x000000002f31cb80
instanceKlass com/sun/tools/javac/comp/Modules$PackageNameFinder
instanceKlass com/sun/tools/javac/api/MultiTaskListener
instanceKlass com/sun/tools/javac/comp/ThisEscapeAnalyzer$Ref
instanceKlass com/sun/tools/javac/comp/WarningAnalyzer
instanceKlass com/sun/tools/javac/parser/UnicodeReader
instanceKlass com/sun/tools/javac/parser/ScannerFactory
instanceKlass com/sun/tools/javac/parser/Tokens$Token
instanceKlass com/sun/tools/javac/parser/Tokens
instanceKlass com/sun/tools/javac/tree/DCTree
instanceKlass com/sun/tools/javac/tree/DocTreeMaker$SentenceBreaker
instanceKlass com/sun/tools/javac/parser/ReferenceParser
instanceKlass com/sun/tools/javac/model/JavacElements
instanceKlass com/sun/tools/javac/tree/DocCommentTable
instanceKlass com/sun/tools/javac/api/JavacTrees$DocCommentTreeTransformer
instanceKlass com/sun/source/util/DocSourcePositions
instanceKlass com/sun/source/tree/Scope
instanceKlass com/sun/source/util/SourcePositions
instanceKlass com/sun/source/doctree/SeeTree
instanceKlass com/sun/source/doctree/SerialTree
instanceKlass com/sun/source/doctree/EndElementTree
instanceKlass com/sun/source/doctree/StartElementTree
instanceKlass com/sun/source/doctree/SpecTree
instanceKlass com/sun/source/doctree/CommentTree
instanceKlass com/sun/source/doctree/EntityTree
instanceKlass com/sun/source/doctree/ErroneousTree
instanceKlass com/sun/source/doctree/RawTextTree
instanceKlass com/sun/source/doctree/ReferenceTree
instanceKlass com/sun/source/doctree/LiteralTree
instanceKlass com/sun/source/doctree/AuthorTree
instanceKlass com/sun/source/doctree/HiddenTree
instanceKlass com/sun/source/doctree/DocRootTree
instanceKlass com/sun/source/doctree/SummaryTree
instanceKlass com/sun/source/doctree/SinceTree
instanceKlass com/sun/source/doctree/SnippetTree
instanceKlass com/sun/source/doctree/DocTypeTree
instanceKlass com/sun/source/doctree/ProvidesTree
instanceKlass com/sun/source/doctree/ParamTree
instanceKlass com/sun/source/doctree/AttributeTree
instanceKlass com/sun/source/doctree/SerialFieldTree
instanceKlass com/sun/source/doctree/IdentifierTree
instanceKlass com/sun/source/doctree/UnknownInlineTagTree
instanceKlass com/sun/source/doctree/LinkTree
instanceKlass com/sun/source/doctree/SerialDataTree
instanceKlass com/sun/source/doctree/VersionTree
instanceKlass com/sun/source/doctree/ReturnTree
instanceKlass com/sun/source/doctree/InheritDocTree
instanceKlass com/sun/source/doctree/UsesTree
instanceKlass com/sun/source/doctree/ThrowsTree
instanceKlass com/sun/source/doctree/UnknownBlockTagTree
instanceKlass com/sun/source/doctree/SystemPropertyTree
instanceKlass com/sun/source/doctree/DeprecatedTree
instanceKlass com/sun/source/doctree/BlockTagTree
instanceKlass com/sun/source/doctree/EscapeTree
instanceKlass com/sun/source/doctree/TextTree
instanceKlass com/sun/source/doctree/IndexTree
instanceKlass com/sun/source/doctree/ValueTree
instanceKlass com/sun/source/doctree/InlineTagTree
instanceKlass com/sun/source/doctree/DocCommentTree
instanceKlass com/sun/source/doctree/DocTree
instanceKlass com/sun/tools/javac/parser/Tokens$Comment
instanceKlass com/sun/tools/javac/tree/DocTreeMaker
instanceKlass com/sun/source/util/DocTreeFactory
instanceKlass com/sun/tools/javac/parser/Lexer
instanceKlass com/sun/tools/javac/parser/ParserFactory
instanceKlass  @bci com/sun/tools/javac/code/ClassFinder <init> (Lcom/sun/tools/javac/util/Context;)V 330 <appendix> argL0 ; # com/sun/tools/javac/code/ClassFinder$$Lambda+0x000000002f30f4b0
instanceKlass jdk/internal/jimage/ImageReader$Node
instanceKlass jdk/internal/jrtfs/SystemImage$2
instanceKlass java/lang/Class$Holder
instanceKlass  @bci jdk/internal/jrtfs/SystemImage <clinit> ()V 0 <appendix> argL0 ; # jdk/internal/jrtfs/SystemImage$$Lambda+0x000000002f1db888
instanceKlass jdk/internal/jrtfs/SystemImage
instanceKlass jdk/internal/jrtfs/JrtPath
instanceKlass com/sun/tools/javac/file/JRTIndex
instanceKlass com/sun/tools/javac/jvm/ClassReader$AttributeReader
instanceKlass com/sun/tools/javac/code/Preview$1
instanceKlass com/sun/tools/javac/comp/Analyzer$2
instanceKlass com/sun/tools/javac/comp/Analyzer$1
instanceKlass com/sun/tools/javac/comp/Analyzer$StatementAnalyzer
instanceKlass com/sun/tools/javac/comp/Analyzer$DeferredAnalysisHelper
instanceKlass com/sun/tools/javac/comp/Analyzer
instanceKlass  @bci com/sun/tools/javac/code/Symtab <init> (Lcom/sun/tools/javac/util/Context;)V 2310 <appendix> member <vmtarget> ; # com/sun/tools/javac/code/Symtab$$Lambda+0x000000002f302ae0
instanceKlass com/sun/tools/javac/code/Symtab$2
instanceKlass com/sun/tools/javac/code/Symtab$1
instanceKlass  @bci com/sun/tools/javac/code/Symtab doEnterClass (Lcom/sun/tools/javac/code/Symbol$ModuleSymbol;Lcom/sun/tools/javac/code/Symbol$ClassSymbol;)V 8 <appendix> argL0 ; # com/sun/tools/javac/code/Symtab$$Lambda+0x000000002f307d70
instanceKlass  @bci com/sun/tools/javac/code/Symtab getClass (Lcom/sun/tools/javac/code/Symbol$ModuleSymbol;Lcom/sun/tools/javac/util/Name;)Lcom/sun/tools/javac/code/Symbol$ClassSymbol; 7 <appendix> member <vmtarget> ; # com/sun/tools/javac/code/Symtab$$Lambda+0x000000002f307b40
instanceKlass  @bci com/sun/tools/javac/code/Symtab enterPackage (Lcom/sun/tools/javac/code/Symbol$ModuleSymbol;Lcom/sun/tools/javac/util/Name;)Lcom/sun/tools/javac/code/Symbol$PackageSymbol; 29 <appendix> member <vmtarget> ; # com/sun/tools/javac/code/Symtab$$Lambda+0x000000002f307910
instanceKlass com/sun/tools/javac/jvm/JNIWriter
instanceKlass com/sun/tools/javac/jvm/Code
instanceKlass com/sun/tools/javac/jvm/PoolWriter$WriteablePoolHelper
instanceKlass com/sun/tools/javac/code/Types$SignatureGenerator
instanceKlass com/sun/tools/javac/jvm/PoolWriter
instanceKlass  @bci com/sun/tools/javac/comp/Lower$TypePairs hashCode ()I 1 <appendix> form vmentry <vmtarget> ; # java/lang/invoke/LambdaForm$MH+0x000000002f301800
# instanceKlass java/lang/invoke/LambdaForm$MH+0x000000002f301400
# instanceKlass java/lang/invoke/LambdaForm$MH+0x000000002f301000
instanceKlass  @bci com/sun/tools/javac/comp/Lower$TypePairs hashCode ()I 1 <appendix> argL2 argL2 form vmentry <vmtarget> ; # java/lang/invoke/LambdaForm$MH+0x000000002f300c00
instanceKlass  @bci java/lang/runtime/ObjectMethods bootstrap (Ljava/lang/invoke/MethodHandles$Lookup;Ljava/lang/String;Ljava/lang/invoke/TypeDescriptor;Ljava/lang/Class;Ljava/lang/String;[Ljava/lang/invoke/MethodHandle;)Ljava/lang/Object; 37 <appendix> argL0 ; # java/lang/runtime/ObjectMethods$$Lambda+0x800000015
instanceKlass java/lang/invoke/DirectMethodHandle$1
instanceKlass java/lang/invoke/MethodHandleImpl$2
instanceKlass java/lang/runtime/ObjectMethods
instanceKlass  @bci com/sun/tools/javac/util/Options lambda$getBoolean$0 (Ljava/lang/String;Z)Ljava/lang/Boolean; 21 <appendix> argL0 ; # com/sun/tools/javac/util/Options$$Lambda+0x000000002f305270
instanceKlass  @bci com/sun/tools/javac/util/Options lambda$getBoolean$0 (Ljava/lang/String;Z)Ljava/lang/Boolean; 13 <appendix> member <vmtarget> ; # com/sun/tools/javac/util/Options$$Lambda+0x000000002f305020
instanceKlass  @bci com/sun/tools/javac/util/Options getBoolean (Ljava/lang/String;Z)Z 4 <adapter> ; # java/lang/invoke/LambdaForm$MH+0x000000002f300800
instanceKlass  @bci com/sun/tools/javac/util/Options getBoolean (Ljava/lang/String;Z)Z 4 <appendix> form vmentry <vmtarget> ; # java/lang/invoke/LambdaForm$DMH+0x000000002f300400
instanceKlass  @bci com/sun/tools/javac/util/Options getBoolean (Ljava/lang/String;Z)Z 4 <appendix> member <vmtarget> ; # com/sun/tools/javac/util/Options$$Lambda+0x000000002f304df0
instanceKlass com/sun/tools/javac/comp/ConstFold
instanceKlass  @bci com/sun/tools/javac/comp/Operators initBinaryOperators ()V 1049 <appendix> argL0 ; # com/sun/tools/javac/comp/Operators$$Lambda+0x000000002f2ffaf0
instanceKlass  @bci com/sun/tools/javac/comp/Operators initBinaryOperators ()V 951 <appendix> argL0 ; # com/sun/tools/javac/comp/Operators$$Lambda+0x000000002f2ff898
instanceKlass  @bci com/sun/tools/javac/comp/Operators initBinaryOperators ()V 855 <appendix> argL0 ; # com/sun/tools/javac/comp/Operators$$Lambda+0x000000002f2ff640
instanceKlass  @bci com/sun/tools/javac/comp/Operators$BinaryNumericOperator <init> (Lcom/sun/tools/javac/comp/Operators;Lcom/sun/tools/javac/tree/JCTree$Tag;)V 3 <appendix> argL0 ; # com/sun/tools/javac/comp/Operators$BinaryNumericOperator$$Lambda+0x000000002f2ff168
instanceKlass  @bci com/sun/tools/javac/comp/Operators$BinaryOperatorHelper addBinaryOperator (Lcom/sun/tools/javac/comp/Operators$OperatorType;Lcom/sun/tools/javac/comp/Operators$OperatorType;Lcom/sun/tools/javac/comp/Operators$OperatorType;[I)Lcom/sun/tools/javac/comp/Operators$BinaryOperatorHelper; 11 <appendix> form vmentry <vmtarget> ; # java/lang/invoke/LambdaForm$DMH+0x000000002f300000
instanceKlass  @bci com/sun/tools/javac/comp/Operators$BinaryOperatorHelper addBinaryOperator (Lcom/sun/tools/javac/comp/Operators$OperatorType;Lcom/sun/tools/javac/comp/Operators$OperatorType;Lcom/sun/tools/javac/comp/Operators$OperatorType;[I)Lcom/sun/tools/javac/comp/Operators$BinaryOperatorHelper; 11 <appendix> member <vmtarget> ; # com/sun/tools/javac/comp/Operators$BinaryOperatorHelper$$Lambda+0x000000002f2fecb8
instanceKlass  @bci com/sun/tools/javac/comp/Operators initUnaryOperators ()V 180 <appendix> argL0 ; # com/sun/tools/javac/comp/Operators$$Lambda+0x000000002f2fde60
instanceKlass  @bci com/sun/tools/javac/comp/Operators$UnaryOperatorHelper addUnaryOperator (Lcom/sun/tools/javac/comp/Operators$OperatorType;Lcom/sun/tools/javac/comp/Operators$OperatorType;[I)Lcom/sun/tools/javac/comp/Operators$UnaryOperatorHelper; 9 <appendix> member <vmtarget> ; # com/sun/tools/javac/comp/Operators$UnaryOperatorHelper$$Lambda+0x000000002f2fdc30
instanceKlass  @bci com/sun/tools/javac/comp/Operators$OperatorType <clinit> ()V 192 <appendix> argL0 ; # com/sun/tools/javac/comp/Operators$OperatorType$$Lambda+0x000000002f2fd7e8
instanceKlass  @bci com/sun/tools/javac/comp/Operators$OperatorType <clinit> ()V 173 <appendix> argL0 ; # com/sun/tools/javac/comp/Operators$OperatorType$$Lambda+0x000000002f2fd5a0
instanceKlass  @bci com/sun/tools/javac/comp/Operators$OperatorType <clinit> ()V 154 <appendix> argL0 ; # com/sun/tools/javac/comp/Operators$OperatorType$$Lambda+0x000000002f2fd358
instanceKlass  @bci com/sun/tools/javac/comp/Operators$OperatorType <clinit> ()V 135 <appendix> argL0 ; # com/sun/tools/javac/comp/Operators$OperatorType$$Lambda+0x000000002f2fd110
instanceKlass  @bci com/sun/tools/javac/comp/Operators$OperatorType <clinit> ()V 116 <appendix> argL0 ; # com/sun/tools/javac/comp/Operators$OperatorType$$Lambda+0x000000002f2fcec8
instanceKlass  @bci com/sun/tools/javac/comp/Operators$OperatorType <clinit> ()V 97 <appendix> argL0 ; # com/sun/tools/javac/comp/Operators$OperatorType$$Lambda+0x000000002f2fcc80
instanceKlass  @bci com/sun/tools/javac/comp/Operators$OperatorType <clinit> ()V 79 <appendix> argL0 ; # com/sun/tools/javac/comp/Operators$OperatorType$$Lambda+0x000000002f2fca38
instanceKlass  @bci com/sun/tools/javac/comp/Operators$OperatorType <clinit> ()V 61 <appendix> argL0 ; # com/sun/tools/javac/comp/Operators$OperatorType$$Lambda+0x000000002f2fc7f0
instanceKlass  @bci com/sun/tools/javac/comp/Operators$OperatorType <clinit> ()V 43 <appendix> argL0 ; # com/sun/tools/javac/comp/Operators$OperatorType$$Lambda+0x000000002f2fc5a8
instanceKlass  @bci com/sun/tools/javac/comp/Operators$OperatorType <clinit> ()V 25 <appendix> argL0 ; # com/sun/tools/javac/comp/Operators$OperatorType$$Lambda+0x000000002f2fc360
instanceKlass  @bci com/sun/tools/javac/comp/Operators$OperatorType <clinit> ()V 7 <appendix> argL0 ; # com/sun/tools/javac/comp/Operators$OperatorType$$Lambda+0x000000002f2fc118
instanceKlass  @bci com/sun/tools/javac/comp/Operators$UnaryNumericOperator <init> (Lcom/sun/tools/javac/comp/Operators;Lcom/sun/tools/javac/tree/JCTree$Tag;)V 3 <appendix> argL0 ; # com/sun/tools/javac/comp/Operators$UnaryNumericOperator$$Lambda+0x000000002f2fbc70
instanceKlass  @bci com/sun/tools/javac/code/Symbol$MethodSymbol <clinit> ()V 0 <appendix> argL0 ; # com/sun/tools/javac/code/Symbol$MethodSymbol$$Lambda+0x000000002f2fb398
instanceKlass com/sun/tools/javac/comp/Operators$OperatorHelper
instanceKlass com/sun/tools/javac/comp/Operators
instanceKlass com/sun/tools/javac/comp/Lower$EnumMapping
instanceKlass com/sun/tools/javac/jvm/PoolConstant$Dynamic
instanceKlass com/sun/tools/javac/jvm/StringConcat
instanceKlass com/sun/tools/javac/jvm/Items$Item
instanceKlass com/sun/tools/javac/jvm/Gen$GenFinalizer
instanceKlass com/sun/tools/javac/jvm/ClassWriter$AttributeWriter
instanceKlass com/sun/tools/javac/jvm/ClassFile
instanceKlass com/sun/tools/javac/util/MandatoryWarningHandler
instanceKlass  @bci com/sun/tools/javac/util/Options isLintExplicitlyEnabled (Lcom/sun/tools/javac/code/Lint$LintCategory;)Z 10 <appendix> member <vmtarget> ; # com/sun/tools/javac/util/Options$$Lambda+0x000000002f2f33d0
instanceKlass com/sun/tools/javac/code/Preview
instanceKlass com/sun/tools/javac/code/ModuleFinder$ModuleLocationIterator
instanceKlass com/sun/tools/javac/code/ModuleFinder
instanceKlass com/sun/tools/javac/comp/Flow$PatternDescription
instanceKlass com/sun/tools/javac/comp/Flow
instanceKlass com/sun/tools/javac/comp/Infer$GraphStrategy
instanceKlass com/sun/tools/javac/comp/InferenceContext
instanceKlass com/sun/tools/javac/comp/Infer$IncorporationEngine
instanceKlass com/sun/tools/javac/code/Type$UndetVar$UndetVarListener
instanceKlass javax/lang/model/element/TypeParameterElement
instanceKlass com/sun/tools/javac/comp/Infer
instanceKlass com/sun/tools/javac/util/Dependencies
instanceKlass com/sun/tools/javac/comp/TypeEnvs
instanceKlass com/sun/tools/javac/code/TypeAnnotations
instanceKlass  @bci com/sun/tools/javac/code/DeferredLintHandler pushImmediate (Lcom/sun/tools/javac/code/Lint;)V 5 <appendix> member <vmtarget> ; # com/sun/tools/javac/code/DeferredLintHandler$$Lambda+0x000000002f2ee690
instanceKlass com/sun/tools/javac/code/DeferredLintHandler$LintLogger
instanceKlass com/sun/tools/javac/code/DeferredLintHandler
instanceKlass  @bci com/sun/tools/javac/comp/TypeEnter$ImportsPhase <init> (Lcom/sun/tools/javac/comp/TypeEnter;)V 28 <appendix> member <vmtarget> ; # com/sun/tools/javac/comp/TypeEnter$ImportsPhase$$Lambda+0x000000002f2ed8f0
instanceKlass com/sun/tools/javac/comp/TypeEnter$DefaultConstructorHelper
instanceKlass com/sun/tools/javac/util/GraphUtils$DependencyKind
instanceKlass com/sun/tools/javac/comp/TypeEnter$Phase
instanceKlass com/sun/tools/javac/comp/TypeEnter
instanceKlass  @bci com/sun/tools/javac/code/Types <init> (Lcom/sun/tools/javac/util/Context;)V 360 <appendix> argL0 ; # com/sun/tools/javac/code/Types$$Lambda+0x000000002f2eb200
instanceKlass com/sun/tools/javac/code/Types$CandidatesCache
instanceKlass com/sun/tools/javac/code/Types$ImplementationCache
instanceKlass com/sun/tools/javac/code/Types$3
instanceKlass com/sun/tools/javac/code/Types$DescriptorCache
instanceKlass com/sun/tools/javac/code/Types
instanceKlass com/sun/tools/javac/tree/TreeMaker$AnnotationBuilder
instanceKlass com/sun/tools/javac/code/Attribute$Visitor
instanceKlass com/sun/tools/javac/tree/TreeMaker
instanceKlass com/sun/tools/javac/tree/JCTree$Factory
instanceKlass com/sun/tools/javac/comp/DeferredAttr$4
instanceKlass com/sun/tools/javac/tree/TreeCopier
instanceKlass com/sun/tools/javac/comp/DeferredAttr$DeferredAttrContext
instanceKlass com/sun/tools/javac/comp/DeferredAttr$DeferredStuckPolicy
instanceKlass com/sun/tools/javac/comp/AttrRecover
instanceKlass com/sun/tools/javac/comp/Resolve$ReferenceLookupResult
instanceKlass com/sun/tools/javac/api/Formattable$LocalizedString
instanceKlass com/sun/tools/javac/comp/Resolve$10
instanceKlass com/sun/tools/javac/comp/Resolve$9
instanceKlass com/sun/tools/javac/comp/Resolve$8
instanceKlass  @bci com/sun/tools/javac/comp/Resolve onDemandImportScopeRecovery (Z)Lcom/sun/tools/javac/comp/Resolve$RecoveryLoadClass; 2 <appendix> form vmentry <vmtarget> ; # java/lang/invoke/LambdaForm$DMH+0x000000002f2dc000
instanceKlass  @bci com/sun/tools/javac/comp/Resolve onDemandImportScopeRecovery (Z)Lcom/sun/tools/javac/comp/Resolve$RecoveryLoadClass; 2 <appendix> member <vmtarget> ; # com/sun/tools/javac/comp/Resolve$$Lambda+0x000000002f2d9e18
instanceKlass  @bci com/sun/tools/javac/comp/Resolve <init> (Lcom/sun/tools/javac/util/Context;)V 86 <appendix> member <vmtarget> ; # com/sun/tools/javac/comp/Resolve$$Lambda+0x000000002f2d9be8
instanceKlass com/sun/tools/javac/comp/Resolve$7
instanceKlass  @bci com/sun/tools/javac/comp/Resolve <init> (Lcom/sun/tools/javac/util/Context;)V 64 <appendix> argL0 ; # com/sun/tools/javac/comp/Resolve$$Lambda+0x000000002f2d9788
instanceKlass com/sun/tools/javac/comp/Env
instanceKlass com/sun/tools/javac/comp/Resolve$AbstractMethodCheck
instanceKlass com/sun/tools/javac/comp/Resolve$2
instanceKlass com/sun/tools/javac/comp/Resolve$LookupHelper
instanceKlass com/sun/tools/javac/code/Scope$ScopeListener
instanceKlass com/sun/tools/javac/comp/Resolve$ReferenceChooser
instanceKlass com/sun/tools/javac/comp/Resolve$LogResolveHelper
instanceKlass com/sun/tools/javac/comp/Resolve$RecoveryLoadClass
instanceKlass com/sun/tools/javac/comp/Resolve
instanceKlass  @bci com/sun/tools/javac/comp/Check <init> (Lcom/sun/tools/javac/util/Context;)V 62 <appendix> argL0 ; # com/sun/tools/javac/comp/Check$$Lambda+0x000000002f2d0278
instanceKlass com/sun/tools/javac/comp/Check$1
instanceKlass com/sun/tools/javac/util/Warner
instanceKlass com/sun/tools/javac/comp/Check
instanceKlass com/sun/tools/javac/comp/Modules$1
instanceKlass  @bci com/sun/tools/javac/comp/Modules <clinit> ()V 0 <appendix> argL0 ; # com/sun/tools/javac/comp/Modules$$Lambda+0x000000002f2cd9c8
instanceKlass com/sun/tools/javac/util/Iterators
instanceKlass com/sun/tools/javac/code/Directive
instanceKlass javax/lang/model/element/ModuleElement$RequiresDirective
instanceKlass javax/lang/model/element/ModuleElement$Directive
instanceKlass  @bci com/sun/tools/javac/code/Symtab enterModule (Lcom/sun/tools/javac/util/Name;)Lcom/sun/tools/javac/code/Symbol$ModuleSymbol; 37 <appendix> member <vmtarget> ; # com/sun/tools/javac/code/Symtab$$Lambda+0x000000002f2cbd80
instanceKlass com/sun/tools/javac/code/Scope$ScopeListenerList
instanceKlass com/sun/tools/javac/code/Scope$Entry
instanceKlass com/sun/tools/javac/comp/Annotate$AnnotationTypeMetadata
instanceKlass  @bci com/sun/tools/javac/code/Symtab addRootPackageFor (Lcom/sun/tools/javac/code/Symbol$ModuleSymbol;)V 36 <appendix> member <vmtarget> ; # com/sun/tools/javac/code/Symtab$$Lambda+0x000000002f2ca650
instanceKlass  @bci com/sun/tools/javac/code/Symtab doEnterPackage (Lcom/sun/tools/javac/code/Symbol$ModuleSymbol;Lcom/sun/tools/javac/code/Symbol$PackageSymbol;)V 8 <appendix> argL0 ; # com/sun/tools/javac/code/Symtab$$Lambda+0x000000002f2ca408
instanceKlass com/sun/tools/javac/api/Formattable
instanceKlass com/sun/tools/javac/code/Kinds$KindSelector
instanceKlass com/sun/tools/javac/code/MissingInfoHandler
instanceKlass com/sun/tools/javac/code/TypeMetadata
instanceKlass javax/lang/model/type/NullType
instanceKlass com/sun/tools/javac/code/Symtab
instanceKlass com/sun/tools/javac/comp/MatchBindingsComputer$MatchBindings
instanceKlass com/sun/source/util/SimpleTreeVisitor
instanceKlass javax/lang/model/type/UnionType
instanceKlass com/sun/tools/javac/comp/Resolve$MethodCheck
instanceKlass com/sun/tools/javac/comp/Check$NestedCheckContext
instanceKlass javax/lang/model/element/RecordComponentElement
instanceKlass javax/lang/model/type/IntersectionType
instanceKlass com/sun/tools/javac/comp/Attr$ResultInfo
instanceKlass com/sun/tools/javac/code/Types$DefaultTypeVisitor
instanceKlass com/sun/tools/javac/comp/Annotate$2
instanceKlass com/sun/tools/javac/comp/Check$CheckContext
instanceKlass javax/lang/model/element/AnnotationMirror
instanceKlass com/sun/tools/javac/comp/Annotate
instanceKlass com/sun/tools/javac/util/ByteBuffer
instanceKlass com/sun/tools/javac/code/Attribute
instanceKlass javax/lang/model/element/AnnotationValue
instanceKlass javax/lang/model/type/PrimitiveType
instanceKlass com/sun/tools/javac/comp/Annotate$AnnotationTypeCompleter
instanceKlass com/sun/tools/javac/jvm/ClassReader
instanceKlass  @bci com/sun/tools/javac/code/ClassFinder <init> (Lcom/sun/tools/javac/util/Context;)V 23 <appendix> member <vmtarget> ; # com/sun/tools/javac/code/ClassFinder$$Lambda+0x000000002f2b1a70
instanceKlass com/sun/tools/javac/code/Scope
instanceKlass com/sun/tools/javac/code/ClassFinder
instanceKlass com/sun/tools/javac/util/Convert
instanceKlass com/sun/tools/javac/util/Name
instanceKlass javax/lang/model/element/Name
instanceKlass com/sun/tools/javac/util/Name$Table
instanceKlass com/sun/tools/javac/util/Names
instanceKlass com/sun/tools/javac/code/Symbol$Completer$1
instanceKlass  @bci com/sun/tools/javac/main/JavaCompiler <init> (Lcom/sun/tools/javac/util/Context;)V 6 <appendix> member <vmtarget> ; # com/sun/tools/javac/main/JavaCompiler$$Lambda+0x000000002f2ae468
instanceKlass javax/lang/model/element/ModuleElement
instanceKlass javax/lang/model/element/PackageElement
instanceKlass com/sun/tools/javac/main/JavaCompiler
instanceKlass javax/lang/model/element/TypeElement
instanceKlass javax/lang/model/element/QualifiedNameable
instanceKlass com/sun/source/tree/IdentifierTree
instanceKlass com/sun/source/tree/EmptyStatementTree
instanceKlass com/sun/source/tree/ExpressionStatementTree
instanceKlass com/sun/source/tree/MethodInvocationTree
instanceKlass com/sun/source/tree/VariableTree
instanceKlass com/sun/source/tree/InstanceOfTree
instanceKlass com/sun/source/tree/CompoundAssignmentTree
instanceKlass com/sun/source/tree/ParenthesizedTree
instanceKlass com/sun/source/tree/AssignmentTree
instanceKlass com/sun/source/tree/ArrayTypeTree
instanceKlass com/sun/source/tree/PrimitiveTypeTree
instanceKlass com/sun/source/tree/ArrayAccessTree
instanceKlass com/sun/source/tree/DeconstructionPatternTree
instanceKlass com/sun/source/tree/IntersectionTypeTree
instanceKlass com/sun/source/tree/LabeledStatementTree
instanceKlass com/sun/source/tree/UnionTypeTree
instanceKlass com/sun/source/tree/ParameterizedTypeTree
instanceKlass com/sun/source/tree/ConditionalExpressionTree
instanceKlass com/sun/source/tree/LambdaExpressionTree
instanceKlass com/sun/source/tree/EnhancedForLoopTree
instanceKlass com/sun/source/tree/DoWhileLoopTree
instanceKlass com/sun/source/tree/ClassTree
instanceKlass com/sun/source/tree/ModuleTree
instanceKlass com/sun/source/tree/MethodTree
instanceKlass com/sun/source/tree/MemberSelectTree
instanceKlass com/sun/source/tree/PackageTree
instanceKlass com/sun/source/tree/MemberReferenceTree
instanceKlass com/sun/source/tree/CatchTree
instanceKlass com/sun/source/tree/YieldTree
instanceKlass com/sun/source/tree/OpensTree
instanceKlass com/sun/source/tree/BreakTree
instanceKlass com/sun/source/tree/TryTree
instanceKlass com/sun/source/tree/BlockTree
instanceKlass com/sun/source/tree/ThrowTree
instanceKlass com/sun/source/tree/UsesTree
instanceKlass com/sun/source/tree/UnaryTree
instanceKlass com/sun/source/tree/CaseTree
instanceKlass com/sun/source/tree/IfTree
instanceKlass com/sun/source/tree/SwitchTree
instanceKlass com/sun/source/tree/NewClassTree
instanceKlass com/sun/source/tree/WhileLoopTree
instanceKlass com/sun/source/tree/AnyPatternTree
instanceKlass com/sun/source/tree/BinaryTree
instanceKlass com/sun/source/tree/NewArrayTree
instanceKlass com/sun/source/tree/ImportTree
instanceKlass com/sun/source/tree/SwitchExpressionTree
instanceKlass com/sun/source/tree/TypeParameterTree
instanceKlass com/sun/source/tree/BindingPatternTree
instanceKlass com/sun/source/tree/PatternTree
instanceKlass com/sun/source/tree/ReturnTree
instanceKlass com/sun/source/tree/ContinueTree
instanceKlass com/sun/source/tree/TypeCastTree
instanceKlass com/sun/source/tree/ForLoopTree
instanceKlass com/sun/source/tree/ErroneousTree
instanceKlass com/sun/source/tree/RequiresTree
instanceKlass com/sun/source/tree/ProvidesTree
instanceKlass com/sun/source/tree/ExportsTree
instanceKlass com/sun/source/tree/DirectiveTree
instanceKlass com/sun/source/tree/LiteralTree
instanceKlass com/sun/source/tree/AnnotatedTypeTree
instanceKlass com/sun/source/tree/ModifiersTree
instanceKlass com/sun/source/tree/AssertTree
instanceKlass com/sun/source/tree/SynchronizedTree
instanceKlass com/sun/source/tree/StatementTree
instanceKlass com/sun/source/tree/PatternCaseLabelTree
instanceKlass com/sun/source/tree/ConstantCaseLabelTree
instanceKlass com/sun/source/tree/DefaultCaseLabelTree
instanceKlass com/sun/source/tree/CaseLabelTree
instanceKlass com/sun/source/tree/AnnotationTree
instanceKlass com/sun/source/tree/WildcardTree
instanceKlass javax/annotation/processing/Filer
instanceKlass javax/annotation/processing/Messager
instanceKlass com/sun/tools/javac/processing/JavacProcessingEnvironment$ServiceIterator
instanceKlass javax/annotation/processing/RoundEnvironment
instanceKlass com/sun/tools/javac/tree/JCTree$Visitor
instanceKlass com/sun/tools/javac/processing/JavacProcessingEnvironment
instanceKlass javax/annotation/processing/ProcessingEnvironment
instanceKlass  @bci javax/lang/model/SourceVersion getLatestSupported ()Ljavax/lang/model/SourceVersion; 19 <appendix> form vmentry <vmtarget> ; # java/lang/invoke/LambdaForm$MH+0x000000002f290000
instanceKlass java/lang/StringConcatHelper$StringConcatBase
instanceKlass java/lang/invoke/StringConcatFactory$InlineHiddenClassStrategy$2
instanceKlass java/lang/invoke/StringConcatFactory$InlineHiddenClassStrategy$1
instanceKlass java/lang/invoke/StringConcatFactory$InlineHiddenClassStrategy
instanceKlass  @bci com/sun/tools/javac/main/Arguments validate ()Z 1326 <appendix> member <vmtarget> ; # com/sun/tools/javac/main/Arguments$$Lambda+0x000000002f28bee0
instanceKlass  @bci com/sun/tools/javac/main/Arguments validate ()Z 1236 <appendix> member <vmtarget> ; # com/sun/tools/javac/main/Arguments$$Lambda+0x000000002f28bcb0
instanceKlass  @bci com/sun/tools/javac/util/Options isSet (Lcom/sun/tools/javac/main/Option;Ljava/lang/String;)Z 4 <appendix> member <vmtarget> ; # com/sun/tools/javac/util/Options$$Lambda+0x000000002f28ba80
instanceKlass  @bci com/sun/tools/javac/util/Options isLintExplicitlyDisabled (Lcom/sun/tools/javac/code/Lint$LintCategory;)Z 10 <appendix> member <vmtarget> ; # com/sun/tools/javac/util/Options$$Lambda+0x000000002f28b820
instanceKlass com/sun/tools/javac/util/Pair
instanceKlass  @bci com/sun/tools/javac/code/DeferredCompletionFailureHandler$1 uninstall ()V 9 <appendix> argL0 ; # com/sun/tools/javac/code/DeferredCompletionFailureHandler$1$$Lambda+0x000000002f28b3d0
instanceKlass  @bci com/sun/tools/javac/api/JavacTaskImpl doCall ()Lcom/sun/tools/javac/main/Main$Result; 2 <appendix> member <vmtarget> ; # com/sun/tools/javac/api/JavacTaskImpl$$Lambda+0x000000002f28b1a0
instanceKlass  @bci com/sun/tools/javac/code/DeferredCompletionFailureHandler$1 install ()V 9 <appendix> argL0 ; # com/sun/tools/javac/code/DeferredCompletionFailureHandler$1$$Lambda+0x000000002f28ad18
instanceKlass com/sun/tools/javac/code/DeferredCompletionFailureHandler$FlipSymbolDescription
instanceKlass com/sun/tools/javac/code/DeferredCompletionFailureHandler$3
instanceKlass com/sun/tools/javac/code/DeferredCompletionFailureHandler$2
instanceKlass com/sun/tools/javac/code/Symbol$Completer
instanceKlass com/sun/tools/javac/code/DeferredCompletionFailureHandler$1
instanceKlass com/sun/tools/javac/code/DeferredCompletionFailureHandler$Handler
instanceKlass com/sun/tools/javac/code/DeferredCompletionFailureHandler
instanceKlass com/sun/tools/javac/parser/Parser
instanceKlass com/sun/tools/javac/api/JavacTaskImpl$Filter
instanceKlass  @bci com/sun/tools/javac/util/Options get (Ljava/lang/String;)Ljava/lang/String; 3 <appendix> member <vmtarget> ; # com/sun/tools/javac/util/Options$$Lambda+0x000000002f2886f8
instanceKlass  @bci com/sun/tools/javac/util/Options isSet (Ljava/lang/String;)Z 3 <appendix> member <vmtarget> ; # com/sun/tools/javac/util/Options$$Lambda+0x000000002f2884c8
instanceKlass com/sun/tools/javac/main/DelegatingJavaFileManager
instanceKlass jdk/nio/zipfs/ZipUtils
instanceKlass  @bci com/sun/tools/javac/platform/JDKPlatformProvider$PlatformDescriptionImpl getFileManager ()Ljavax/tools/JavaFileManager; 542 <appendix> argL0 ; # com/sun/tools/javac/platform/JDKPlatformProvider$PlatformDescriptionImpl$$Lambda+0x000000002f283c30
instanceKlass com/sun/tools/javac/resources/CompilerProperties$Fragments
instanceKlass com/sun/tools/javac/platform/JDKPlatformProvider$PlatformDescriptionImpl
instanceKlass  @bci com/sun/tools/javac/platform/PlatformUtils lookupPlatformDescription (Ljava/lang/String;)Lcom/sun/tools/javac/platform/PlatformDescription; 82 <appendix> member <vmtarget> ; # com/sun/tools/javac/platform/PlatformUtils$$Lambda+0x000000002f282000
instanceKlass  @bci com/sun/tools/javac/platform/PlatformUtils lambda$lookupPlatformDescription$0 (Ljava/lang/String;Lcom/sun/tools/javac/platform/PlatformProvider;)Z 21 <appendix> member <vmtarget> ; # com/sun/tools/javac/platform/PlatformUtils$$Lambda+0x000000002f27fc20
instanceKlass java/util/TreeMap$TreeMapSpliterator
instanceKlass jdk/nio/zipfs/ZipDirectoryStream$1
instanceKlass jdk/nio/zipfs/ZipDirectoryStream
instanceKlass sun/nio/fs/WindowsSecurity
instanceKlass sun/nio/fs/AbstractAclFileAttributeView
instanceKlass java/nio/file/attribute/AclFileAttributeView
instanceKlass  @bci jdk/nio/zipfs/ZipFileSystem <init> (Ljdk/nio/zipfs/ZipFileSystemProvider;Ljava/nio/file/Path;Ljava/util/Map;)V 595 <appendix> member <vmtarget> ; # jdk/nio/zipfs/ZipFileSystem$$Lambda+0x000000002f286770
instanceKlass java/nio/file/attribute/PosixFileAttributeView
instanceKlass java/nio/file/attribute/FileOwnerAttributeView
instanceKlass jdk/nio/zipfs/ZipFileAttributeView
instanceKlass jdk/nio/zipfs/ZipPath
instanceKlass jdk/nio/zipfs/ZipFileSystem$END
instanceKlass jdk/nio/zipfs/ZipConstants
instanceKlass jdk/nio/zipfs/ZipCoder
instanceKlass jdk/nio/zipfs/ZipFileAttributes
instanceKlass jdk/nio/zipfs/ZipFileSystem$IndexNode
instanceKlass  @bci com/sun/tools/javac/platform/JDKPlatformProvider <clinit> ()V 17 <appendix> argL0 ; # com/sun/tools/javac/platform/JDKPlatformProvider$$Lambda+0x000000002f27f780
instanceKlass com/sun/tools/javac/platform/PlatformDescription
instanceKlass com/sun/tools/javac/platform/JDKPlatformProvider
instanceKlass  @bci com/sun/tools/javac/platform/PlatformUtils lookupPlatformDescription (Ljava/lang/String;)Lcom/sun/tools/javac/platform/PlatformDescription; 65 <appendix> member <vmtarget> ; # com/sun/tools/javac/platform/PlatformUtils$$Lambda+0x000000002f27f0d0
instanceKlass com/sun/tools/javac/platform/PlatformProvider
instanceKlass com/sun/tools/javac/platform/PlatformUtils
instanceKlass  @bci com/sun/tools/javac/util/Options isSet (Lcom/sun/tools/javac/main/Option;)Z 3 <appendix> member <vmtarget> ; # com/sun/tools/javac/util/Options$$Lambda+0x000000002f27e820
instanceKlass  @bci com/sun/tools/javac/main/Arguments checkOptionAllowed (ZLcom/sun/tools/javac/main/Arguments$ErrorReporter;[Lcom/sun/tools/javac/main/Option;)V 33 <appendix> member <vmtarget> ; # com/sun/tools/javac/main/Arguments$$Lambda+0x000000002f27e5e0
instanceKlass  @bci com/sun/tools/javac/main/Arguments checkOptionAllowed (ZLcom/sun/tools/javac/main/Arguments$ErrorReporter;[Lcom/sun/tools/javac/main/Option;)V 17 <appendix> member <vmtarget> ; # com/sun/tools/javac/main/Arguments$$Lambda+0x000000002f27e380
instanceKlass  @cpi com/sun/tools/javac/main/Arguments 1152 form vmentry <vmtarget> ; # java/lang/invoke/LambdaForm$DMH+0x000000002f281400
instanceKlass  @bci com/sun/tools/javac/main/Arguments handleReleaseOptions (Ljava/util/function/Predicate;)Z 22 <appendix> member <vmtarget> ; # com/sun/tools/javac/main/Arguments$$Lambda+0x000000002f27e150
instanceKlass com/sun/tools/javac/main/Arguments$ErrorReporter
instanceKlass  @bci com/sun/tools/javac/util/Options get (Lcom/sun/tools/javac/main/Option;)Ljava/lang/String; 3 <appendix> member <vmtarget> ; # com/sun/tools/javac/util/Options$$Lambda+0x000000002f27dd18
instanceKlass  @bci com/sun/tools/javac/main/Arguments processArgs (Ljava/lang/Iterable;Ljava/util/Set;Lcom/sun/tools/javac/main/OptionHelper;ZZ)Z 24 <adapter> ; # java/lang/invoke/LambdaForm$MH+0x000000002f281000
# instanceKlass java/lang/invoke/LambdaForm$DMH+0x000000002f280c00
instanceKlass  @bci com/sun/tools/javac/main/Arguments processArgs (Ljava/lang/Iterable;Ljava/util/Set;Lcom/sun/tools/javac/main/OptionHelper;ZZ)Z 24 <appendix> form vmentry <vmtarget> ; # java/lang/invoke/LambdaForm$DMH+0x000000002f280800
instanceKlass  @bci com/sun/tools/javac/main/Arguments processArgs (Ljava/lang/Iterable;Ljava/util/Set;Lcom/sun/tools/javac/main/OptionHelper;ZZ)Z 24 <appendix> member <vmtarget> ; # com/sun/tools/javac/main/Arguments$$Lambda+0x000000002f27dab8
instanceKlass  @cpi com/sun/tools/javac/main/Arguments 1141 form vmentry <vmtarget> ; # java/lang/invoke/LambdaForm$DMH+0x000000002f280400
instanceKlass java/util/AbstractMap$SimpleEntry
instanceKlass jdk/internal/jimage/ImageBufferCache$2
instanceKlass jdk/internal/jimage/ImageBufferCache
instanceKlass java/nio/channels/AsynchronousFileChannel
instanceKlass java/nio/channels/AsynchronousChannel
instanceKlass java/util/concurrent/ExecutorService
instanceKlass java/nio/file/FileStore
instanceKlass com/sun/tools/javac/util/StringUtils
instanceKlass  @bci com/sun/tools/javac/file/CacheFSInfo isFile (Ljava/nio/file/Path;)Z 5 <appendix> argL0 ; # com/sun/tools/javac/file/CacheFSInfo$$Lambda+0x000000002f27d660
instanceKlass java/lang/invoke/TypeConvertingMethodAdapter$BoxHolder
instanceKlass  @cpi com/sun/tools/javac/file/CacheFSInfo 178 form vmentry <vmtarget> ; # java/lang/invoke/LambdaForm$DMH+0x000000002f280000
instanceKlass  @bci com/sun/tools/javac/file/CacheFSInfo getAttributes (Ljava/nio/file/Path;)Ljava/util/Optional; 6 <appendix> member <vmtarget> ; # com/sun/tools/javac/file/CacheFSInfo$$Lambda+0x000000002f27d410
instanceKlass com/sun/tools/javac/file/BaseFileManager$3
instanceKlass com/sun/tools/doclint/DocLint$1
instanceKlass com/sun/source/tree/CompilationUnitTree
instanceKlass com/sun/source/util/TreePath
instanceKlass javax/lang/model/util/Types
instanceKlass javax/lang/model/util/Elements
instanceKlass com/sun/source/util/Trees
instanceKlass com/sun/source/util/TreeScanner
instanceKlass com/sun/source/tree/TreeVisitor
instanceKlass  @bci com/sun/tools/doclint/DocLint newDocLint ()Lcom/sun/tools/doclint/DocLint; 17 <appendix> argL0 ; # com/sun/tools/doclint/DocLint$$Lambda+0x000000002f278d68
instanceKlass java/util/ServiceLoader$ProviderSpliterator
instanceKlass com/sun/tools/doclint/DocLint
instanceKlass com/sun/source/util/Plugin
instanceKlass com/sun/tools/javac/util/ListBuffer$1
instanceKlass com/sun/tools/javac/main/Arguments
instanceKlass com/sun/tools/javac/api/ClientCodeWrapper$WrappedDiagnosticListener
instanceKlass com/sun/tools/javac/api/ClientCodeWrapper$Trusted
instanceKlass com/sun/tools/javac/api/ClientCodeWrapper$WrappedJavaFileManager
instanceKlass com/sun/source/util/TaskListener
instanceKlass com/sun/tools/javac/api/ClientCodeWrapper
instanceKlass com/sun/tools/javac/file/PathFileObject
instanceKlass  @bci com/sun/tools/javac/file/CacheFSInfo getCanonicalFile (Ljava/nio/file/Path;)Ljava/nio/file/Path; 6 <appendix> member <vmtarget> ; # com/sun/tools/javac/file/CacheFSInfo$$Lambda+0x000000002f2753b0
instanceKlass  @bci com/sun/tools/javac/file/BaseFileManager setContext (Lcom/sun/tools/javac/util/Context;)V 48 <appendix> member <vmtarget> ; # com/sun/tools/javac/file/BaseFileManager$$Lambda+0x000000002f274cc8
instanceKlass  @bci com/sun/tools/javac/util/Log <init> (Lcom/sun/tools/javac/util/Context;Ljava/util/Map;)V 152 <appendix> member <vmtarget> ; # com/sun/tools/javac/util/Log$$Lambda+0x000000002f274a88
instanceKlass  @bci com/sun/tools/javac/util/JCDiagnostic$Factory <init> (Lcom/sun/tools/javac/util/Context;)V 23 <appendix> member <vmtarget> ; # com/sun/tools/javac/util/JCDiagnostic$Factory$$Lambda+0x000000002f274848
instanceKlass com/sun/tools/javac/util/JCDiagnostic
instanceKlass  @bci com/sun/tools/javac/util/Options whenReady (Ljava/util/function/Consumer;)V 20 <appendix> member <vmtarget> ; # com/sun/tools/javac/util/Options$$Lambda+0x000000002f2740c8
instanceKlass  @bci com/sun/tools/javac/util/JavacMessages <init> (Lcom/sun/tools/javac/util/Context;)V 45 <appendix> member <vmtarget> ; # com/sun/tools/javac/util/JavacMessages$$Lambda+0x000000002f273e88
instanceKlass com/sun/tools/javac/util/Options
instanceKlass javax/lang/model/element/VariableElement
instanceKlass javax/lang/model/type/ArrayType
instanceKlass javax/lang/model/type/NoType
instanceKlass javax/lang/model/type/ExecutableType
instanceKlass javax/lang/model/type/ErrorType
instanceKlass com/sun/tools/javac/jvm/PoolConstant$LoadableConstant
instanceKlass javax/lang/model/type/DeclaredType
instanceKlass javax/lang/model/element/ExecutableElement
instanceKlass javax/lang/model/element/Parameterizable
instanceKlass javax/lang/model/type/WildcardType
instanceKlass javax/lang/model/type/TypeVariable
instanceKlass javax/lang/model/type/ReferenceType
instanceKlass javax/lang/model/type/TypeMirror
instanceKlass com/sun/tools/javac/code/AnnoConstruct
instanceKlass javax/lang/model/element/Element
instanceKlass javax/lang/model/AnnotatedConstruct
instanceKlass com/sun/tools/javac/jvm/PoolConstant
instanceKlass com/sun/tools/javac/util/AbstractDiagnosticFormatter$SimpleConfiguration
instanceKlass com/sun/source/tree/ExpressionTree
instanceKlass com/sun/tools/javac/tree/JCTree
instanceKlass com/sun/source/tree/Tree
instanceKlass com/sun/tools/javac/api/DiagnosticFormatter$Configuration
instanceKlass com/sun/tools/javac/code/Printer
instanceKlass com/sun/tools/javac/code/Symbol$Visitor
instanceKlass com/sun/tools/javac/code/Type$Visitor
instanceKlass  @bci jdk/internal/module/SystemModuleFinders$SystemModuleReader open (Ljava/lang/String;)Ljava/util/Optional; 6 <appendix> member <vmtarget> ; # jdk/internal/module/SystemModuleFinders$SystemModuleReader$$Lambda+0x000000002f1d5888
instanceKlass jdk/internal/module/SystemModuleFinders
instanceKlass java/util/ResourceBundle$CacheKeyReference
instanceKlass java/util/ResourceBundle$CacheKey
instanceKlass com/sun/tools/javac/util/List$2
instanceKlass  @bci com/sun/tools/javac/util/JavacMessages add (Ljava/lang/String;)V 2 <appendix> member <vmtarget> ; # com/sun/tools/javac/util/JavacMessages$$Lambda+0x000000002f2660e0
instanceKlass com/sun/tools/javac/util/JavacMessages$ResourceBundleHelper
instanceKlass com/sun/tools/javac/util/JavacMessages
instanceKlass com/sun/tools/javac/api/Messages
instanceKlass com/sun/tools/javac/util/JCDiagnostic$Factory
instanceKlass  @bci com/sun/tools/javac/file/JavacFileManager <init> (Lcom/sun/tools/javac/util/Context;ZLjava/nio/charset/Charset;)V 11 <appendix> argL0 ; # com/sun/tools/javac/file/JavacFileManager$$Lambda+0x000000002f263b08
instanceKlass java/util/JumboEnumSet$EnumSetIterator
instanceKlass com/sun/tools/javac/file/Locations$ModuleTable
instanceKlass  @bci com/sun/tools/javac/file/Locations$ModuleSourcePathLocationHandler <init> (Lcom/sun/tools/javac/file/Locations;)V 28 <appendix> argL0 ; # com/sun/tools/javac/file/Locations$ModuleSourcePathLocationHandler$$Lambda+0x000000002f2630a8
instanceKlass  @bci com/sun/tools/javac/file/Locations <init> ()V 5 <appendix> argL0 ; # com/sun/tools/javac/file/Locations$$Lambda+0x000000002f2621f8
instanceKlass javax/tools/StandardJavaFileManager$PathFactory
instanceKlass com/sun/tools/javac/file/Locations$LocationHandler
instanceKlass com/sun/tools/javac/file/Locations
instanceKlass com/sun/tools/javac/file/JavacFileManager$1
instanceKlass  @bci com/sun/tools/javac/main/Option getOptions (Lcom/sun/tools/javac/main/Option$OptionGroup;)Ljava/util/Set; 17 <appendix> argL0 ; # com/sun/tools/javac/main/Option$$Lambda+0x000000002f260d38
instanceKlass  @bci com/sun/tools/javac/main/Option getOptions (Lcom/sun/tools/javac/main/Option$OptionGroup;)Ljava/util/Set; 7 <appendix> member <vmtarget> ; # com/sun/tools/javac/main/Option$$Lambda+0x000000002f260ad8
instanceKlass  @bci com/sun/tools/javac/main/Option getXLintChoices ()Ljava/util/Set; 42 <appendix> member <vmtarget> ; # com/sun/tools/javac/main/Option$$Lambda+0x000000002f260698
instanceKlass  @bci com/sun/tools/javac/main/Option getXLintChoices ()Ljava/util/Set; 26 <appendix> argL0 ; # com/sun/tools/javac/main/Option$$Lambda+0x000000002f260450
instanceKlass  @bci com/sun/tools/javac/code/Lint$LintCategory <init> (Ljava/lang/String;ILjava/lang/String;Z[Ljava/lang/String;)V 60 <appendix> member <vmtarget> ; # com/sun/tools/javac/code/Lint$LintCategory$$Lambda+0x000000002f25fdb8
instanceKlass com/sun/tools/javac/code/Lint
instanceKlass com/sun/tools/javac/util/Assert
instanceKlass com/sun/tools/javac/file/RelativePath
instanceKlass javax/tools/JavaFileObject
instanceKlass javax/tools/JavaFileManager$Location
instanceKlass javax/tools/FileObject
instanceKlass com/sun/tools/javac/file/JavacFileManager$Container
instanceKlass com/sun/tools/javac/util/JCDiagnostic$DiagnosticInfo
instanceKlass com/sun/tools/javac/main/OptionHelper
instanceKlass  @bci com/sun/tools/javac/file/CacheFSInfo preRegister (Lcom/sun/tools/javac/util/Context;)V 3 <appendix> argL0 ; # com/sun/tools/javac/file/CacheFSInfo$$Lambda+0x000000002f24e788
instanceKlass com/sun/tools/javac/file/FSInfo
instanceKlass com/sun/tools/javac/util/AbstractDiagnosticFormatter
instanceKlass com/sun/tools/javac/api/DiagnosticFormatter
instanceKlass com/sun/tools/javac/util/Log$DiagnosticHandler
instanceKlass com/sun/tools/javac/util/JCDiagnostic$DiagnosticPosition
instanceKlass com/sun/tools/javac/util/AbstractLog
instanceKlass com/sun/tools/javac/util/Context$Factory
instanceKlass com/sun/tools/javac/util/Context$Key
instanceKlass javax/tools/DiagnosticCollector
instanceKlass org/codehaus/plexus/compiler/javac/JavaxToolsCompiler$1
instanceKlass org/codehaus/plexus/util/StringUtils
instanceKlass  @bci org/codehaus/plexus/compiler/javac/JavacCompiler$JavaVersion isOlderOrEqualTo (Ljava/lang/String;)Z 33 <appendix> member <vmtarget> ; # org/codehaus/plexus/compiler/javac/JavacCompiler$JavaVersion$$Lambda+0x000000002f256450
instanceKlass org/apache/maven/shared/utils/io/SelectorUtils
instanceKlass org/apache/maven/shared/utils/io/MatchPattern
instanceKlass org/apache/maven/shared/utils/io/MatchPatterns
instanceKlass org/apache/maven/shared/utils/io/DirectoryScanner
instanceKlass org/apache/maven/shared/utils/io/FileUtils
instanceKlass  @bci java/util/stream/SortedOps$RefSortingSink end ()V 48 <appendix> member <vmtarget> ; # java/util/stream/SortedOps$RefSortingSink$$Lambda+0x000000002f1d2cd8
instanceKlass  @cpi com/sun/tools/javac/code/Symtab 1381 form vmentry <vmtarget> ; # java/lang/invoke/LambdaForm$DMH+0x000000002f254000
instanceKlass  @bci org/apache/maven/plugin/compiler/AbstractCompilerMojo executeReal ()V 3304 <appendix> argL0 ; # org/apache/maven/plugin/compiler/AbstractCompilerMojo$$Lambda+0x000000002f252c08
instanceKlass  @bci org/apache/maven/plugin/compiler/AbstractCompilerMojo executeReal ()V 3294 <appendix> argL0 ; # org/apache/maven/plugin/compiler/AbstractCompilerMojo$$Lambda+0x000000002f2529c0
instanceKlass java/util/Collections$ReverseComparator
instanceKlass  @bci java/nio/file/Files walk (Ljava/nio/file/Path;I[Ljava/nio/file/FileVisitOption;)Ljava/util/stream/Stream; 43 <appendix> argL0 ; # java/nio/file/Files$$Lambda+0x000000002f1d2518
instanceKlass  @bci java/nio/file/Files walk (Ljava/nio/file/Path;I[Ljava/nio/file/FileVisitOption;)Ljava/util/stream/Stream; 30 <appendix> member <vmtarget> ; # java/nio/file/Files$$Lambda+0x000000002f1d22e8
instanceKlass java/nio/file/FileTreeWalker$Event
instanceKlass sun/nio/fs/WindowsDirectoryStream$WindowsDirectoryIterator
instanceKlass java/nio/file/FileTreeWalker$DirectoryNode
instanceKlass sun/nio/fs/WindowsDirectoryStream
instanceKlass java/nio/file/DirectoryStream
instanceKlass java/nio/file/Files$AcceptAllFilter
instanceKlass java/nio/file/DirectoryStream$Filter
instanceKlass java/nio/file/FileTreeWalker
instanceKlass java/nio/file/FileTreeIterator
instanceKlass org/apache/maven/shared/utils/StringUtils
instanceKlass org/apache/maven/shared/utils/logging/AnsiMessageBuilder
instanceKlass org/apache/maven/shared/utils/logging/LoggerLevelRenderer
instanceKlass org/apache/maven/shared/utils/logging/MessageUtils
instanceKlass  @bci org/apache/maven/plugin/compiler/AbstractCompilerMojo executeReal ()V 1279 <appendix> argL0 ; # org/apache/maven/plugin/compiler/AbstractCompilerMojo$$Lambda+0x000000002f2515d0
instanceKlass org/apache/maven/plugin/compiler/DeltaList
instanceKlass  @bci java/util/stream/Collectors toCollection (Ljava/util/function/Supplier;)Ljava/util/stream/Collector; 10 <appendix> argL0 ; # java/util/stream/Collectors$$Lambda+0x000000002f1d0060
instanceKlass  @bci java/util/stream/Collectors toCollection (Ljava/util/function/Supplier;)Ljava/util/stream/Collector; 5 <appendix> argL0 ; # java/util/stream/Collectors$$Lambda+0x000000002f1cfe28
instanceKlass  @bci org/apache/maven/plugin/compiler/AbstractCompilerMojo hasInputFileTreeChanged (Lorg/apache/maven/shared/incremental/IncrementalBuildHelper;Ljava/util/Set;)Z 127 <appendix> argL0 ; # org/apache/maven/plugin/compiler/AbstractCompilerMojo$$Lambda+0x000000002f251190
instanceKlass  @bci org/apache/maven/plugin/compiler/AbstractCompilerMojo hasInputFileTreeChanged (Lorg/apache/maven/shared/incremental/IncrementalBuildHelper;Ljava/util/Set;)Z 117 <appendix> argL0 ; # org/apache/maven/plugin/compiler/AbstractCompilerMojo$$Lambda+0x000000002f250f48
instanceKlass java/nio/file/attribute/FileTime$1
instanceKlass org/codehaus/plexus/util/io/InputStreamFacade
instanceKlass org/codehaus/plexus/util/BaseFileUtils
instanceKlass  @bci org/apache/maven/plugin/compiler/AbstractCompilerMojo getBuildStartTimeInstant ()Ljava/util/Optional; 26 <appendix> argL0 ; # org/apache/maven/plugin/compiler/AbstractCompilerMojo$$Lambda+0x000000002f250490
instanceKlass  @bci org/apache/maven/plugin/compiler/AbstractCompilerMojo getBuildStartTimeInstant ()Ljava/util/Optional; 18 <appendix> argL0 ; # org/apache/maven/plugin/compiler/AbstractCompilerMojo$$Lambda+0x000000002f250248
instanceKlass  @bci org/apache/maven/plugin/compiler/AbstractCompilerMojo getBuildStartTimeInstant ()Ljava/util/Optional; 10 <appendix> argL0 ; # org/apache/maven/plugin/compiler/AbstractCompilerMojo$$Lambda+0x000000002f250000
instanceKlass org/apache/maven/shared/incremental/IncrementalBuildHelperRequest
instanceKlass org/codehaus/plexus/util/SelectorUtils
instanceKlass org/codehaus/plexus/util/MatchPatterns
instanceKlass org/codehaus/plexus/util/MatchPattern
instanceKlass org/codehaus/plexus/util/AbstractScanner
instanceKlass org/codehaus/plexus/util/Scanner
instanceKlass org/codehaus/plexus/compiler/util/scan/mapping/SuffixMapping
instanceKlass org/codehaus/plexus/compiler/util/scan/AbstractSourceInclusionScanner
instanceKlass  @bci org/apache/maven/plugin/compiler/AbstractCompilerMojo resolveProcessorPathEntries ()Ljava/util/List; 98 <appendix> argL0 ; # org/apache/maven/plugin/compiler/AbstractCompilerMojo$$Lambda+0x000000002f24a230
instanceKlass org/apache/maven/model/merge/ModelMerger$1
instanceKlass  @bci org/apache/maven/plugin/compiler/AbstractCompilerMojo getAnnotationProcessorPathVersion (Lorg/apache/maven/plugin/compiler/DependencyCoordinate;)Ljava/lang/String; 23 <appendix> member <vmtarget> ; # org/apache/maven/plugin/compiler/AbstractCompilerMojo$$Lambda+0x000000002f24a000
instanceKlass  @bci org/apache/maven/plugin/compiler/AbstractCompilerMojo findManagedVersion (Lorg/apache/maven/plugin/compiler/DependencyCoordinate;Ljava/util/List;)Ljava/util/Optional; 22 <appendix> argL0 ; # org/apache/maven/plugin/compiler/AbstractCompilerMojo$$Lambda+0x000000002f247c58
instanceKlass  @bci org/apache/maven/plugin/compiler/AbstractCompilerMojo findManagedVersion (Lorg/apache/maven/plugin/compiler/DependencyCoordinate;Ljava/util/List;)Ljava/util/Optional; 7 <appendix> member <vmtarget> ; # org/apache/maven/plugin/compiler/AbstractCompilerMojo$$Lambda+0x000000002f2479f8
instanceKlass org/apache/maven/project/MavenProject$LoggingList$1
instanceKlass com/sun/tools/javac/file/BaseFileManager
instanceKlass com/sun/tools/javac/util/Context
instanceKlass javax/tools/StandardJavaFileManager
instanceKlass com/sun/source/util/JavacTask
instanceKlass javax/tools/JavaCompiler$CompilationTask
instanceKlass com/sun/tools/javac/api/JavacTool
instanceKlass javax/tools/ToolProvider
instanceKlass java/util/concurrent/ConcurrentLinkedDeque$Node
instanceKlass org/codehaus/plexus/compiler/PlexusLoggerWrapper
instanceKlass  @bci java/util/regex/Pattern ALL ()Ljava/util/regex/Pattern$CharPredicate; 0 <appendix> argL0 ; # java/util/regex/Pattern$$Lambda+0x000000002f1ce760
instanceKlass org/eclipse/sisu/wire/ProviderIterableAdapter$ProviderEntry
instanceKlass org/eclipse/sisu/wire/ProviderIterableAdapter$ProviderIterator
instanceKlass  @bci org/apache/maven/plugin/internal/AbstractMavenPluginDescriptorSourcedParametersValidator isIgnoredProperty (Ljava/lang/String;)Z 55 <appendix> member <vmtarget> ; # org/apache/maven/plugin/internal/AbstractMavenPluginDescriptorSourcedParametersValidator$$Lambda+0x000000002f23d440
instanceKlass org/eclipse/sisu/wire/ProviderIterableAdapter
instanceKlass org/apache/maven/toolchain/DefaultToolchainManager$$FastClassByGuice$$194006362
instanceKlass org/apache/maven/plugin/compiler/CompilerMojo$$FastClassByGuice$$193284632
instanceKlass org/codehaus/plexus/compiler/javac/JavaxToolsCompiler$$FastClassByGuice$$191945212
instanceKlass org/codehaus/plexus/compiler/javac/JavacCompiler$$FastClassByGuice$$191246894
instanceKlass org/codehaus/plexus/compiler/manager/DefaultCompilerManager$$FastClassByGuice$$189850773
instanceKlass org/codehaus/plexus/languages/java/jpms/LocationManager$$FastClassByGuice$$188953255
instanceKlass org/eclipse/sisu/wire/BeanProviders$2
instanceKlass javax/tools/Diagnostic
instanceKlass javax/tools/JavaCompiler
instanceKlass javax/tools/Tool
instanceKlass javax/tools/JavaFileManager
instanceKlass javax/tools/OptionChecker
instanceKlass javax/tools/DiagnosticListener
instanceKlass org/codehaus/plexus/compiler/CompilerMessage
instanceKlass org/codehaus/plexus/util/cli/StreamConsumer
instanceKlass org/codehaus/plexus/compiler/CompilerOutputStyle
instanceKlass org/codehaus/plexus/languages/java/jpms/ResolvePathsRequest
instanceKlass org/codehaus/plexus/languages/java/jpms/ResolvePathResult
instanceKlass org/codehaus/plexus/languages/java/jpms/ResolvePathRequest
instanceKlass org/codehaus/plexus/languages/java/jpms/ManifestModuleNameExtractor
instanceKlass org/codehaus/plexus/languages/java/jpms/SourceModuleInfoParser
instanceKlass org/codehaus/plexus/languages/java/jpms/ModuleInfoParser
instanceKlass org/codehaus/plexus/languages/java/jpms/ModuleNameExtractor
instanceKlass org/codehaus/plexus/languages/java/jpms/JavaModuleDescriptor
instanceKlass org/codehaus/plexus/languages/java/jpms/ResolvePathsResult
instanceKlass org/apache/maven/shared/incremental/IncrementalBuildHelper
instanceKlass org/codehaus/plexus/compiler/CompilerResult
instanceKlass org/apache/maven/shared/utils/logging/MessageBuilder
instanceKlass org/codehaus/plexus/compiler/util/scan/SourceInclusionScanner
instanceKlass org/codehaus/plexus/compiler/CompilerConfiguration
instanceKlass org/apache/maven/plugin/compiler/DependencyCoordinate
instanceKlass org/codehaus/plexus/compiler/util/scan/mapping/SourceMapping
instanceKlass org/codehaus/plexus/compiler/javac/JavaxToolsCompiler
instanceKlass org/codehaus/plexus/compiler/javac/InProcessCompiler
instanceKlass org/codehaus/plexus/compiler/AbstractCompiler
instanceKlass org/codehaus/plexus/compiler/Compiler
instanceKlass org/codehaus/plexus/compiler/manager/DefaultCompilerManager
instanceKlass org/codehaus/plexus/compiler/manager/CompilerManager
instanceKlass org/codehaus/plexus/languages/java/jpms/LocationManager
instanceKlass  @bci org/apache/maven/utils/Os getOsFamily ()Ljava/lang/String; 74 <appendix> argL0 ; # org/apache/maven/utils/Os$$Lambda+0x000000002f23cd40
instanceKlass org/apache/maven/utils/Os
instanceKlass  @bci org/apache/maven/model/building/DefaultModelBuilder lambda$getInterpolatedProfiles$2 (Lorg/codehaus/plexus/interpolation/RegexBasedInterpolator;Lorg/apache/maven/model/building/DefaultModelProblemCollector;Lorg/apache/maven/model/ActivationOS;)V 107 <appendix> member <vmtarget> ; # org/apache/maven/model/building/DefaultModelBuilder$$Lambda+0x000000002f23c8f0
instanceKlass  @bci org/apache/maven/model/building/DefaultModelBuilder lambda$getInterpolatedProfiles$2 (Lorg/codehaus/plexus/interpolation/RegexBasedInterpolator;Lorg/apache/maven/model/building/DefaultModelProblemCollector;Lorg/apache/maven/model/ActivationOS;)V 84 <appendix> member <vmtarget> ; # org/apache/maven/model/building/DefaultModelBuilder$$Lambda+0x000000002f23c6b0
instanceKlass  @bci org/apache/maven/model/building/DefaultModelBuilder lambda$getInterpolatedProfiles$2 (Lorg/codehaus/plexus/interpolation/RegexBasedInterpolator;Lorg/apache/maven/model/building/DefaultModelProblemCollector;Lorg/apache/maven/model/ActivationOS;)V 61 <appendix> member <vmtarget> ; # org/apache/maven/model/building/DefaultModelBuilder$$Lambda+0x000000002f23c470
instanceKlass  @bci org/apache/maven/model/building/DefaultModelBuilder lambda$getInterpolatedProfiles$2 (Lorg/codehaus/plexus/interpolation/RegexBasedInterpolator;Lorg/apache/maven/model/building/DefaultModelProblemCollector;Lorg/apache/maven/model/ActivationOS;)V 38 <appendix> member <vmtarget> ; # org/apache/maven/model/building/DefaultModelBuilder$$Lambda+0x000000002f23c230
instanceKlass  @bci org/apache/maven/model/building/DefaultModelBuilder lambda$getInterpolatedProfiles$2 (Lorg/codehaus/plexus/interpolation/RegexBasedInterpolator;Lorg/apache/maven/model/building/DefaultModelProblemCollector;Lorg/apache/maven/model/ActivationOS;)V 12 <appendix> member <vmtarget> ; # org/apache/maven/model/building/DefaultModelBuilder$$Lambda+0x000000002f23c000
instanceKlass org/apache/maven/artifact/resolver/filter/AbstractScopeArtifactFilter
instanceKlass org/sonatype/plexus/build/incremental/EmptyScanner
instanceKlass java/nio/file/attribute/PosixFileAttributes
instanceKlass java/nio/BufferMismatch
instanceKlass sun/nio/cs/Surrogate
instanceKlass sun/nio/cs/Surrogate$Parser
instanceKlass org/codehaus/plexus/interpolation/PrefixAwareRecursionInterceptor
instanceKlass org/codehaus/plexus/interpolation/SimpleRecursionInterceptor
instanceKlass  @bci org/apache/maven/shared/filtering/BaseFilter createInterpolator (Ljava/util/LinkedHashSet;Ljava/util/List;Lorg/codehaus/plexus/interpolation/ValueSource;Lorg/apache/maven/project/MavenProject;Lorg/apache/maven/execution/MavenSession;Ljava/lang/String;Z)Lorg/codehaus/plexus/interpolation/Interpolator; 126 <appendix> argL0 ; # org/apache/maven/shared/filtering/BaseFilter$$Lambda+0x000000002f23a090
instanceKlass org/codehaus/plexus/interpolation/InterpolationPostProcessor
instanceKlass org/codehaus/plexus/interpolation/SingleResponseValueSource
instanceKlass org/codehaus/plexus/interpolation/PrefixedValueSourceWrapper
instanceKlass org/codehaus/plexus/interpolation/FeedbackEnabledValueSource
instanceKlass org/codehaus/plexus/interpolation/AbstractDelegatingValueSource
instanceKlass org/codehaus/plexus/interpolation/QueryEnabledValueSource
instanceKlass org/codehaus/plexus/interpolation/multi/DelimiterSpecification
instanceKlass org/codehaus/plexus/interpolation/multi/MultiDelimiterStringSearchInterpolator
instanceKlass org/apache/maven/shared/filtering/FilteringUtils
instanceKlass org/apache/commons/io/FilenameUtils
instanceKlass org/codehaus/plexus/util/SelectorUtils
instanceKlass org/codehaus/plexus/util/MatchPatterns
instanceKlass org/codehaus/plexus/util/MatchPattern
instanceKlass org/codehaus/plexus/util/AbstractScanner
instanceKlass org/codehaus/plexus/interpolation/RecursionInterceptor
instanceKlass org/codehaus/plexus/interpolation/AbstractValueSource
instanceKlass org/apache/maven/plugins/resources/MavenBuildTimestamp
instanceKlass org/apache/maven/shared/filtering/FilterWrapper
instanceKlass  @bci java/util/regex/CharPredicates forUnicodeBlock (Ljava/lang/String;)Ljava/util/regex/Pattern$CharPredicate; 6 <appendix> member <vmtarget> ; # java/util/regex/CharPredicates$$Lambda+0x000000002f1cd980
instanceKlass java/lang/Character$Subset
instanceKlass org/apache/commons/lang3/StringUtils
# instanceKlass java/lang/invoke/LambdaForm$MH+0x000000002f235000
# instanceKlass java/lang/invoke/LambdaForm$MH+0x000000002f234c00
# instanceKlass java/lang/invoke/LambdaForm$MH+0x000000002f234800
instanceKlass org/codehaus/plexus/util/introspection/MethodMap
instanceKlass org/codehaus/plexus/util/introspection/ClassMap$CacheMiss
instanceKlass org/codehaus/plexus/util/introspection/ClassMap
instanceKlass org/codehaus/plexus/util/introspection/ReflectionValueExtractor$Tokenizer
instanceKlass org/codehaus/plexus/util/introspection/ReflectionValueExtractor
instanceKlass org/eclipse/sisu/plexus/TypeArguments
instanceKlass  @bci jdk/internal/reflect/MethodHandleIntegerFieldAccessorImpl setInt (Ljava/lang/Object;I)V 41 <adapter> ; # java/lang/invoke/LambdaForm$MH+0x000000002f234400
instanceKlass  @bci com/sun/tools/javac/comp/Lower$TypePairs hashCode ()I 1 <appendix> argL1 form vmentry <vmtarget> ; # java/lang/invoke/LambdaForm$MH+0x000000002f234000
instanceKlass org/eclipse/sisu/plexus/CompositeBeanHelper$1
instanceKlass org/eclipse/sisu/plexus/CompositeBeanHelper
instanceKlass org/apache/maven/plugin/internal/ValidatingConfigurationListener
instanceKlass org/apache/maven/plugin/DebugConfigurationListener
instanceKlass org/eclipse/sisu/inject/MildKeys
instanceKlass java/time/Year
instanceKlass java/time/LocalTime
instanceKlass java/time/LocalDate
instanceKlass java/time/chrono/ChronoLocalDate
instanceKlass java/time/zone/ZoneOffsetTransition
instanceKlass java/time/LocalDateTime
instanceKlass java/time/chrono/ChronoLocalDateTime
instanceKlass java/time/zone/ZoneOffsetTransitionRule
instanceKlass java/time/zone/ZoneRules
instanceKlass java/time/zone/Ser
instanceKlass java/io/Externalizable
instanceKlass java/time/zone/ZoneRulesProvider
instanceKlass  @bci java/time/format/DateTimeFormatter <clinit> ()V 1075 <appendix> argL0 ; # java/time/format/DateTimeFormatter$$Lambda+0x80000001b
instanceKlass  @bci java/time/format/DateTimeFormatter <clinit> ()V 1067 <appendix> argL0 ; # java/time/format/DateTimeFormatter$$Lambda+0x80000001a
instanceKlass java/time/Period
instanceKlass java/time/chrono/ChronoPeriod
instanceKlass java/time/format/DateTimeFormatterBuilder$TextPrinterParser
instanceKlass java/time/format/DateTimeTextProvider$1
instanceKlass java/time/format/DateTimeTextProvider
instanceKlass java/time/format/DateTimeTextProvider$LocaleStore
instanceKlass java/time/format/DateTimeFormatterBuilder$InstantPrinterParser
instanceKlass java/time/format/DateTimeFormatterBuilder$StringLiteralPrinterParser
instanceKlass java/time/format/DateTimeFormatterBuilder$ZoneIdPrinterParser
instanceKlass java/time/format/DateTimeFormatterBuilder$OffsetIdPrinterParser
instanceKlass java/time/format/DecimalStyle
instanceKlass java/time/format/DateTimeFormatterBuilder$CompositePrinterParser
instanceKlass java/time/chrono/AbstractChronology
instanceKlass java/time/chrono/Chronology
instanceKlass java/time/format/DateTimeFormatterBuilder$CharLiteralPrinterParser
instanceKlass java/time/format/DateTimeFormatterBuilder$NumberPrinterParser
instanceKlass java/time/format/DateTimeFormatterBuilder$DateTimePrinterParser
instanceKlass java/time/temporal/JulianFields
instanceKlass java/time/temporal/IsoFields
instanceKlass java/time/Instant
instanceKlass java/time/temporal/TemporalAdjuster
instanceKlass java/time/temporal/ValueRange
instanceKlass java/time/temporal/TemporalField
instanceKlass  @bci java/time/format/DateTimeFormatterBuilder <clinit> ()V 0 <appendix> argL0 ; # java/time/format/DateTimeFormatterBuilder$$Lambda+0x80000001c
instanceKlass java/time/temporal/TemporalQuery
instanceKlass java/time/format/DateTimeFormatterBuilder
instanceKlass java/time/format/DateTimeFormatter
instanceKlass java/time/temporal/Temporal
instanceKlass java/time/temporal/TemporalAccessor
instanceKlass org/codehaus/plexus/component/configurator/converters/ParameterizedConfigurationConverter
instanceKlass org/codehaus/plexus/component/configurator/converters/AbstractConfigurationConverter
instanceKlass org/codehaus/plexus/component/configurator/converters/ConfigurationConverter
instanceKlass org/codehaus/plexus/component/configurator/converters/lookup/DefaultConverterLookup
instanceKlass org/codehaus/plexus/component/configurator/expression/DefaultExpressionEvaluator
instanceKlass  @bci org/apache/maven/plugin/internal/ReadOnlyPluginParametersValidator doValidate (Lorg/apache/maven/execution/MavenSession;Lorg/apache/maven/plugin/descriptor/MojoDescriptor;Ljava/lang/Class;Lorg/codehaus/plexus/configuration/PlexusConfiguration;Lorg/codehaus/plexus/component/configurator/expression/ExpressionEvaluator;)V 35 <appendix> member <vmtarget> ; # org/apache/maven/plugin/internal/ReadOnlyPluginParametersValidator$$Lambda+0x000000002f22aa80
instanceKlass  @bci org/apache/maven/plugin/internal/ReadOnlyPluginParametersValidator doValidate (Lorg/apache/maven/execution/MavenSession;Lorg/apache/maven/plugin/descriptor/MojoDescriptor;Ljava/lang/Class;Lorg/codehaus/plexus/configuration/PlexusConfiguration;Lorg/codehaus/plexus/component/configurator/expression/ExpressionEvaluator;)V 17 <appendix> argL0 ; # org/apache/maven/plugin/internal/ReadOnlyPluginParametersValidator$$Lambda+0x000000002f22a828
instanceKlass  @bci org/apache/maven/plugin/internal/DeprecatedPluginValidator doValidate (Lorg/apache/maven/execution/MavenSession;Lorg/apache/maven/plugin/descriptor/MojoDescriptor;Ljava/lang/Class;Lorg/codehaus/plexus/configuration/PlexusConfiguration;Lorg/codehaus/plexus/component/configurator/expression/ExpressionEvaluator;)V 71 <appendix> member <vmtarget> ; # org/apache/maven/plugin/internal/DeprecatedPluginValidator$$Lambda+0x000000002f22a5e8
instanceKlass  @cpi org/apache/maven/plugin/internal/ReadOnlyPluginParametersValidator 131 form vmentry <vmtarget> ; # java/lang/invoke/LambdaForm$DMH+0x000000002f22d400
instanceKlass  @bci org/apache/maven/plugin/internal/DeprecatedPluginValidator doValidate (Lorg/apache/maven/execution/MavenSession;Lorg/apache/maven/plugin/descriptor/MojoDescriptor;Ljava/lang/Class;Lorg/codehaus/plexus/configuration/PlexusConfiguration;Lorg/codehaus/plexus/component/configurator/expression/ExpressionEvaluator;)V 53 <appendix> argL0 ; # org/apache/maven/plugin/internal/DeprecatedPluginValidator$$Lambda+0x000000002f22a390
instanceKlass  @cpi com/sun/tools/javac/comp/Operators$UnaryNumericOperator 71 form vmentry <vmtarget> ; # java/lang/invoke/LambdaForm$DMH+0x000000002f22d000
instanceKlass  @bci org/apache/maven/plugin/internal/DeprecatedPluginValidator doValidate (Lorg/apache/maven/execution/MavenSession;Lorg/apache/maven/plugin/descriptor/MojoDescriptor;Ljava/lang/Class;Lorg/codehaus/plexus/configuration/PlexusConfiguration;Lorg/codehaus/plexus/component/configurator/expression/ExpressionEvaluator;)V 43 <appendix> argL0 ; # org/apache/maven/plugin/internal/DeprecatedPluginValidator$$Lambda+0x000000002f22a138
instanceKlass  @bci org/apache/maven/plugin/internal/DeprecatedCoreExpressionValidator doValidate (Lorg/apache/maven/execution/MavenSession;Lorg/apache/maven/plugin/descriptor/MojoDescriptor;Ljava/lang/Class;Lorg/codehaus/plexus/configuration/PlexusConfiguration;Lorg/codehaus/plexus/component/configurator/expression/ExpressionEvaluator;)V 43 <appendix> member <vmtarget> ; # org/apache/maven/plugin/internal/DeprecatedCoreExpressionValidator$$Lambda+0x000000002f229ef8
instanceKlass  @bci org/apache/maven/plugin/internal/DeprecatedCoreExpressionValidator doValidate (Lorg/apache/maven/execution/MavenSession;Lorg/apache/maven/plugin/descriptor/MojoDescriptor;Ljava/lang/Class;Lorg/codehaus/plexus/configuration/PlexusConfiguration;Lorg/codehaus/plexus/component/configurator/expression/ExpressionEvaluator;)V 29 <appendix> member <vmtarget> ; # org/apache/maven/plugin/internal/DeprecatedCoreExpressionValidator$$Lambda+0x000000002f229ca8
instanceKlass  @bci org/apache/maven/plugin/internal/DeprecatedCoreExpressionValidator doValidate (Lorg/apache/maven/execution/MavenSession;Lorg/apache/maven/plugin/descriptor/MojoDescriptor;Ljava/lang/Class;Lorg/codehaus/plexus/configuration/PlexusConfiguration;Lorg/codehaus/plexus/component/configurator/expression/ExpressionEvaluator;)V 18 <appendix> member <vmtarget> ; # org/apache/maven/plugin/internal/DeprecatedCoreExpressionValidator$$Lambda+0x000000002f229a48
instanceKlass org/apache/maven/plugin/PluginParameterExpressionEvaluator
instanceKlass org/codehaus/plexus/component/configurator/expression/TypeAwareExpressionEvaluator
instanceKlass org/apache/maven/monitor/logging/DefaultLog
instanceKlass org/sonatype/plexus/build/incremental/DefaultBuildContext$$FastClassByGuice$$188041885
instanceKlass org/apache/maven/plugins/resources/ResourcesMojo$$FastClassByGuice$$187608165
instanceKlass org/apache/maven/shared/filtering/DefaultMavenResourcesFiltering$$FastClassByGuice$$186452924
instanceKlass org/apache/maven/shared/filtering/DefaultMavenReaderFilter$$FastClassByGuice$$185438514
instanceKlass org/apache/maven/shared/filtering/DefaultMavenFileFilter$$FastClassByGuice$$184319277
instanceKlass com/google/inject/internal/Messages$Converter
instanceKlass com/google/inject/internal/Messages
instanceKlass org/codehaus/plexus/interpolation/Interpolator
instanceKlass org/codehaus/plexus/interpolation/BasicInterpolator
instanceKlass org/codehaus/plexus/interpolation/ValueSource
instanceKlass org/codehaus/plexus/util/Scanner
instanceKlass org/w3c/dom/Element
instanceKlass org/w3c/dom/Document
instanceKlass org/w3c/dom/Node
instanceKlass org/apache/maven/shared/filtering/AbstractMavenFilteringRequest
instanceKlass org/apache/maven/shared/filtering/DefaultMavenResourcesFiltering
instanceKlass org/apache/maven/shared/filtering/MavenResourcesFiltering
instanceKlass org/apache/maven/shared/filtering/MavenReaderFilter
instanceKlass org/apache/maven/shared/filtering/BaseFilter
instanceKlass org/apache/maven/shared/filtering/MavenFileFilter
instanceKlass org/apache/maven/shared/filtering/DefaultFilterInfo
instanceKlass org/sonatype/plexus/build/incremental/BuildContext
instanceKlass sun/security/util/SecurityProperties
instanceKlass jdk/internal/util/Exceptions
instanceKlass jdk/internal/util/Exceptions$SensitiveInfo
instanceKlass java/util/jar/JarVerifier
instanceKlass org/eclipse/sisu/space/FileEntryIterator
instanceKlass org/eclipse/sisu/space/ResourceEnumeration
instanceKlass org/eclipse/sisu/plexus/ComponentDescriptorBeanModule$PlexusDescriptorBeanSource
instanceKlass org/eclipse/sisu/plexus/ComponentDescriptorBeanModule$ComponentMetadata
instanceKlass org/apache/maven/plugin/AbstractMojo
instanceKlass org/apache/maven/plugin/ContextEnabled
instanceKlass org/apache/maven/plugin/Mojo
instanceKlass org/eclipse/sisu/plexus/ComponentDescriptorBeanModule
instanceKlass org/apache/maven/classrealm/ArtifactClassRealmConstituent
instanceKlass  @bci org/apache/maven/RepositoryUtils toArtifacts (Ljava/util/Collection;)Ljava/util/Collection; 6 <appendix> argL0 ; # org/apache/maven/RepositoryUtils$$Lambda+0x000000002f221348
instanceKlass org/apache/maven/plugin/internal/WagonExcluder
instanceKlass  @bci org/apache/maven/plugin/DefaultPluginRealmCache get (Lorg/apache/maven/plugin/PluginRealmCache$Key;Lorg/apache/maven/plugin/PluginRealmCache$PluginRealmSupplier;)Lorg/apache/maven/plugin/PluginRealmCache$CacheRecord; 6 <appendix> member <vmtarget> ; # org/apache/maven/plugin/DefaultPluginRealmCache$$Lambda+0x000000002f220eb8
instanceKlass  @bci org/apache/maven/plugin/internal/DefaultMavenPluginManager setupPluginRealm (Lorg/apache/maven/plugin/descriptor/PluginDescriptor;Lorg/apache/maven/execution/MavenSession;Ljava/lang/ClassLoader;Ljava/util/List;Lorg/eclipse/aether/graph/DependencyFilter;)V 177 <appendix> form vmentry <vmtarget> ; # java/lang/invoke/LambdaForm$DMH+0x000000002f21a400
instanceKlass  @bci org/apache/maven/plugin/internal/DefaultMavenPluginManager setupPluginRealm (Lorg/apache/maven/plugin/descriptor/PluginDescriptor;Lorg/apache/maven/execution/MavenSession;Ljava/lang/ClassLoader;Ljava/util/List;Lorg/eclipse/aether/graph/DependencyFilter;)V 177 <appendix> member <vmtarget> ; # org/apache/maven/plugin/internal/DefaultMavenPluginManager$$Lambda+0x000000002f220c88
instanceKlass org/apache/maven/plugin/CacheUtils
instanceKlass org/apache/maven/plugin/DefaultPluginRealmCache$CacheKey
instanceKlass org/eclipse/aether/util/graph/visitor/TreeDependencyVisitor
instanceKlass org/eclipse/aether/util/graph/visitor/FilteringDependencyVisitor
instanceKlass org/eclipse/aether/internal/impl/ArtifactRequestBuilder
instanceKlass org/eclipse/aether/util/graph/transformer/NearestVersionSelector$ConflictGroup
instanceKlass org/eclipse/aether/util/graph/transformer/ConflictResolver$ConflictItem
instanceKlass org/eclipse/aether/util/graph/transformer/ConflictResolver$NodeInfo
instanceKlass org/eclipse/aether/util/graph/transformer/ConflictResolver$ScopeContext
instanceKlass org/eclipse/aether/util/graph/transformer/ConflictResolver$ConflictContext
instanceKlass org/eclipse/aether/util/graph/transformer/ConflictResolver$State
instanceKlass org/eclipse/aether/util/graph/transformer/ConflictIdSorter$RootQueue
instanceKlass org/eclipse/aether/util/graph/transformer/ConflictIdSorter$ConflictId
instanceKlass org/eclipse/aether/util/graph/transformer/ConflictMarker$ConflictGroup
instanceKlass org/eclipse/aether/util/graph/transformer/ConflictMarker$Key
instanceKlass org/eclipse/aether/util/graph/transformer/ConflictMarker
instanceKlass org/eclipse/aether/util/graph/transformer/ConflictIdSorter
instanceKlass org/eclipse/aether/util/graph/transformer/TransformationContextKeys
instanceKlass org/eclipse/aether/internal/impl/collect/DefaultDependencyGraphTransformationContext
# instanceKlass java/lang/invoke/LambdaForm$MH+0x000000002f21a000
# instanceKlass java/lang/invoke/LambdaForm$MH+0x000000002f218c00
# instanceKlass java/lang/invoke/LambdaForm$MH+0x000000002f218800
# instanceKlass java/lang/invoke/LambdaForm$MH+0x000000002f218400
instanceKlass org/eclipse/aether/util/graph/selector/ExclusionDependencySelector$ExclusionComparator
instanceKlass org/apache/maven/model/merge/ModelMerger$NotifierKeyComputer
instanceKlass org/apache/maven/artifact/handler/DefaultArtifactHandler$__sisu12$$FastClassByGuice$$183425525
instanceKlass org/eclipse/aether/collection/DependencyManagement
instanceKlass org/eclipse/aether/internal/impl/collect/DataPool$GraphKey
instanceKlass org/eclipse/aether/internal/impl/collect/DefaultDependencyCycle
instanceKlass org/eclipse/aether/internal/impl/collect/DataPool$Descriptor
instanceKlass  @bci org/eclipse/aether/internal/impl/collect/DataPool$HardInternPool intern (Ljava/lang/Object;Ljava/lang/Object;)Ljava/lang/Object; 6 <appendix> member <vmtarget> ; # org/eclipse/aether/internal/impl/collect/DataPool$HardInternPool$$Lambda+0x000000002f21d118
instanceKlass org/eclipse/aether/internal/impl/collect/DataPool$DescriptorKey
instanceKlass org/eclipse/aether/internal/impl/collect/DataPool$Constraint$VersionRepo
instanceKlass org/eclipse/aether/internal/impl/collect/DataPool$Constraint
instanceKlass org/eclipse/aether/internal/impl/collect/DataPool$ConstraintKey
instanceKlass org/eclipse/aether/internal/impl/collect/CollectStepDataImpl
instanceKlass org/eclipse/aether/collection/CollectStepData
instanceKlass org/eclipse/aether/graph/Dependency$Exclusions$1
instanceKlass  @bci org/eclipse/aether/util/graph/manager/ClassicDependencyManager deriveChildManager (Lorg/eclipse/aether/collection/DependencyCollectionContext;)Lorg/eclipse/aether/collection/DependencyManager; 420 <appendix> argL0 ; # org/eclipse/aether/util/graph/manager/ClassicDependencyManager$$Lambda+0x000000002f217cc8
instanceKlass org/eclipse/aether/util/graph/manager/ClassicDependencyManager$Key
instanceKlass org/eclipse/aether/internal/impl/collect/df/NodeStack
instanceKlass org/eclipse/aether/graph/DependencyCycle
instanceKlass org/eclipse/aether/internal/impl/collect/DataPool$HardInternPool
instanceKlass org/eclipse/aether/internal/impl/collect/DataPool$WeakInternPool
instanceKlass org/eclipse/aether/internal/impl/collect/DataPool$InternPool
instanceKlass org/eclipse/aether/internal/impl/collect/CachingArtifactTypeRegistry
instanceKlass org/apache/maven/artifact/handler/DefaultArtifactHandler$__sisu16$$FastClassByGuice$$182345198
instanceKlass  @bci org/apache/maven/RepositoryUtils toDependency (Lorg/apache/maven/model/Dependency;Lorg/eclipse/aether/artifact/ArtifactTypeRegistry;)Lorg/eclipse/aether/graph/Dependency; 106 <appendix> argL0 ; # org/apache/maven/RepositoryUtils$$Lambda+0x000000002f216b78
instanceKlass  @bci org/apache/maven/RepositoryUtils toDependency (Lorg/apache/maven/artifact/Artifact;Ljava/util/Collection;)Lorg/eclipse/aether/graph/Dependency; 29 <appendix> argL0 ; # org/apache/maven/RepositoryUtils$$Lambda+0x000000002f216930
instanceKlass org/eclipse/aether/util/artifact/ArtifactIdUtils
instanceKlass org/apache/maven/project/DefaultDependencyResolutionRequest
instanceKlass org/apache/maven/lifecycle/internal/LifecycleDependencyResolver$ReactorDependencyFilter
instanceKlass org/eclipse/aether/util/filter/AndDependencyFilter
instanceKlass org/eclipse/aether/util/filter/ScopeDependencyFilter
instanceKlass  @bci org/apache/maven/project/artifact/DefaultProjectArtifactsCache createKey (Lorg/apache/maven/project/MavenProject;Ljava/util/Collection;Ljava/util/Collection;ZLorg/eclipse/aether/RepositorySystemSession;)Lorg/apache/maven/project/artifact/ProjectArtifactsCache$Key; 26 <appendix> argL0 ; # org/apache/maven/project/artifact/DefaultProjectArtifactsCache$$Lambda+0x000000002f2159b8
instanceKlass org/apache/maven/project/artifact/DefaultProjectArtifactsCache$CacheKey
instanceKlass org/apache/maven/lifecycle/internal/MojoExecutor$ProjectLock
instanceKlass  @bci org/apache/maven/plugin/internal/DefaultMavenPluginManager checkPrerequisites (Lorg/apache/maven/plugin/descriptor/PluginDescriptor;)V 14 <appendix> member <vmtarget> ; # org/apache/maven/plugin/internal/DefaultMavenPluginManager$$Lambda+0x000000002f215328
instanceKlass  @cpi org/apache/maven/plugin/internal/DefaultMavenPluginManager 1250 form vmentry <vmtarget> ; # java/lang/invoke/LambdaForm$DMH+0x000000002f218000
instanceKlass org/apache/maven/lifecycle/internal/MojoExecutor$1
instanceKlass org/apache/maven/lifecycle/internal/ExecutionPlanItem
instanceKlass  @bci org/apache/maven/lifecycle/internal/DefaultMojoExecutionConfigurator getUnknownParameters (Lorg/apache/maven/plugin/MojoExecution;Ljava/util/Set;)Ljava/util/Set; 21 <appendix> member <vmtarget> ; # org/apache/maven/lifecycle/internal/DefaultMojoExecutionConfigurator$$Lambda+0x000000002f214c60
instanceKlass  @bci org/apache/maven/lifecycle/internal/DefaultMojoExecutionConfigurator getUnknownParameters (Lorg/apache/maven/plugin/MojoExecution;Ljava/util/Set;)Ljava/util/Set; 10 <appendix> argL0 ; # org/apache/maven/lifecycle/internal/DefaultMojoExecutionConfigurator$$Lambda+0x000000002f214a18
instanceKlass  @bci org/apache/maven/lifecycle/internal/DefaultMojoExecutionConfigurator checkUnknownMojoConfigurationParameters (Lorg/apache/maven/plugin/MojoExecution;)V 54 <appendix> member <vmtarget> ; # org/apache/maven/lifecycle/internal/DefaultMojoExecutionConfigurator$$Lambda+0x000000002f2147c8
instanceKlass  @bci org/apache/maven/lifecycle/internal/DefaultMojoExecutionConfigurator checkUnknownMojoConfigurationParameters (Lorg/apache/maven/plugin/MojoExecution;)V 37 <appendix> argL0 ; # org/apache/maven/lifecycle/internal/DefaultMojoExecutionConfigurator$$Lambda+0x000000002f2145a0
instanceKlass org/apache/maven/lifecycle/internal/DefaultMojoExecutionConfigurator$$FastClassByGuice$$181326159
instanceKlass org/codehaus/plexus/component/repository/ComponentDependency
instanceKlass org/codehaus/plexus/component/repository/ComponentRequirement
instanceKlass org/apache/maven/model/Notifier
instanceKlass org/apache/maven/plugin/MavenPluginValidator
instanceKlass java/io/RandomAccessFile$1
instanceKlass  @bci org/apache/maven/plugin/descriptor/PluginDescriptorBuilder extractRequiredJavaVersion (Lorg/codehaus/plexus/configuration/PlexusConfiguration;)Ljava/util/Optional; 12 <appendix> argL0 ; # org/apache/maven/plugin/descriptor/PluginDescriptorBuilder$$Lambda+0x000000002f213a28
instanceKlass org/codehaus/plexus/configuration/DefaultPlexusConfiguration
instanceKlass  @bci org/apache/maven/plugin/internal/PlexusContainerDefaultDependenciesValidator doValidate (Lorg/eclipse/aether/RepositorySystemSession;Lorg/eclipse/aether/artifact/Artifact;Lorg/eclipse/aether/resolution/ArtifactDescriptorResult;)V 19 <appendix> argL0 ; # org/apache/maven/plugin/internal/PlexusContainerDefaultDependenciesValidator$$Lambda+0x000000002f212938
instanceKlass  @bci org/apache/maven/plugin/internal/PlexusContainerDefaultDependenciesValidator doValidate (Lorg/eclipse/aether/RepositorySystemSession;Lorg/eclipse/aether/artifact/Artifact;Lorg/eclipse/aether/resolution/ArtifactDescriptorResult;)V 9 <appendix> argL0 ; # org/apache/maven/plugin/internal/PlexusContainerDefaultDependenciesValidator$$Lambda+0x000000002f2126e0
instanceKlass  @bci org/apache/maven/plugin/internal/MavenScopeDependenciesValidator doValidate (Lorg/eclipse/aether/RepositorySystemSession;Lorg/eclipse/aether/artifact/Artifact;Lorg/eclipse/aether/resolution/ArtifactDescriptorResult;)V 59 <appendix> argL0 ; # org/apache/maven/plugin/internal/MavenScopeDependenciesValidator$$Lambda+0x000000002f212498
instanceKlass  @bci org/apache/maven/plugin/internal/MavenScopeDependenciesValidator doValidate (Lorg/eclipse/aether/RepositorySystemSession;Lorg/eclipse/aether/artifact/Artifact;Lorg/eclipse/aether/resolution/ArtifactDescriptorResult;)V 49 <appendix> argL0 ; # org/apache/maven/plugin/internal/MavenScopeDependenciesValidator$$Lambda+0x000000002f212240
instanceKlass  @bci org/apache/maven/plugin/internal/MavenScopeDependenciesValidator doValidate (Lorg/eclipse/aether/RepositorySystemSession;Lorg/eclipse/aether/artifact/Artifact;Lorg/eclipse/aether/resolution/ArtifactDescriptorResult;)V 39 <appendix> argL0 ; # org/apache/maven/plugin/internal/MavenScopeDependenciesValidator$$Lambda+0x000000002f211fe8
instanceKlass  @bci org/apache/maven/plugin/internal/MavenScopeDependenciesValidator doValidate (Lorg/eclipse/aether/RepositorySystemSession;Lorg/eclipse/aether/artifact/Artifact;Lorg/eclipse/aether/resolution/ArtifactDescriptorResult;)V 29 <appendix> argL0 ; # org/apache/maven/plugin/internal/MavenScopeDependenciesValidator$$Lambda+0x000000002f211d90
instanceKlass  @bci org/apache/maven/plugin/internal/MavenScopeDependenciesValidator doValidate (Lorg/eclipse/aether/RepositorySystemSession;Lorg/eclipse/aether/artifact/Artifact;Lorg/eclipse/aether/resolution/ArtifactDescriptorResult;)V 19 <appendix> argL0 ; # org/apache/maven/plugin/internal/MavenScopeDependenciesValidator$$Lambda+0x000000002f211b48
instanceKlass  @bci org/apache/maven/plugin/internal/MavenScopeDependenciesValidator doValidate (Lorg/eclipse/aether/RepositorySystemSession;Lorg/eclipse/aether/artifact/Artifact;Lorg/eclipse/aether/resolution/ArtifactDescriptorResult;)V 9 <appendix> argL0 ; # org/apache/maven/plugin/internal/MavenScopeDependenciesValidator$$Lambda+0x000000002f2118f0
instanceKlass  @bci org/apache/maven/plugin/internal/MavenMixedDependenciesValidator doValidate (Lorg/eclipse/aether/RepositorySystemSession;Lorg/eclipse/aether/artifact/Artifact;Lorg/eclipse/aether/resolution/ArtifactDescriptorResult;)V 39 <appendix> argL0 ; # org/apache/maven/plugin/internal/MavenMixedDependenciesValidator$$Lambda+0x000000002f2116a8
instanceKlass  @bci org/apache/maven/plugin/internal/MavenMixedDependenciesValidator doValidate (Lorg/eclipse/aether/RepositorySystemSession;Lorg/eclipse/aether/artifact/Artifact;Lorg/eclipse/aether/resolution/ArtifactDescriptorResult;)V 29 <appendix> argL0 ; # org/apache/maven/plugin/internal/MavenMixedDependenciesValidator$$Lambda+0x000000002f211450
instanceKlass  @bci org/apache/maven/plugin/internal/MavenMixedDependenciesValidator doValidate (Lorg/eclipse/aether/RepositorySystemSession;Lorg/eclipse/aether/artifact/Artifact;Lorg/eclipse/aether/resolution/ArtifactDescriptorResult;)V 19 <appendix> argL0 ; # org/apache/maven/plugin/internal/MavenMixedDependenciesValidator$$Lambda+0x000000002f2111f8
instanceKlass  @bci org/apache/maven/plugin/internal/MavenMixedDependenciesValidator doValidate (Lorg/eclipse/aether/RepositorySystemSession;Lorg/eclipse/aether/artifact/Artifact;Lorg/eclipse/aether/resolution/ArtifactDescriptorResult;)V 9 <appendix> argL0 ; # org/apache/maven/plugin/internal/MavenMixedDependenciesValidator$$Lambda+0x000000002f210fb0
instanceKlass  @bci java/util/stream/Collectors toSet ()Ljava/util/stream/Collector; 14 <appendix> argL0 ; # java/util/stream/Collectors$$Lambda+0x800000040
instanceKlass  @bci java/util/stream/Collectors toSet ()Ljava/util/stream/Collector; 9 <appendix> argL0 ; # java/util/stream/Collectors$$Lambda+0x800000038
instanceKlass  @bci java/util/stream/Collectors toSet ()Ljava/util/stream/Collector; 4 <appendix> argL0 ; # java/util/stream/Collectors$$Lambda+0x800000045
instanceKlass  @bci org/apache/maven/plugin/internal/Maven2DependenciesValidator doValidate (Lorg/eclipse/aether/RepositorySystemSession;Lorg/eclipse/aether/artifact/Artifact;Lorg/eclipse/aether/resolution/ArtifactDescriptorResult;)V 49 <appendix> argL0 ; # org/apache/maven/plugin/internal/Maven2DependenciesValidator$$Lambda+0x000000002f210d58
instanceKlass  @bci org/apache/maven/plugin/internal/Maven2DependenciesValidator doValidate (Lorg/eclipse/aether/RepositorySystemSession;Lorg/eclipse/aether/artifact/Artifact;Lorg/eclipse/aether/resolution/ArtifactDescriptorResult;)V 39 <appendix> argL0 ; # org/apache/maven/plugin/internal/Maven2DependenciesValidator$$Lambda+0x000000002f210b10
instanceKlass  @bci org/apache/maven/plugin/internal/Maven2DependenciesValidator doValidate (Lorg/eclipse/aether/RepositorySystemSession;Lorg/eclipse/aether/artifact/Artifact;Lorg/eclipse/aether/resolution/ArtifactDescriptorResult;)V 29 <appendix> argL0 ; # org/apache/maven/plugin/internal/Maven2DependenciesValidator$$Lambda+0x000000002f2108b8
instanceKlass  @bci org/apache/maven/plugin/internal/Maven2DependenciesValidator doValidate (Lorg/eclipse/aether/RepositorySystemSession;Lorg/eclipse/aether/artifact/Artifact;Lorg/eclipse/aether/resolution/ArtifactDescriptorResult;)V 19 <appendix> argL0 ; # org/apache/maven/plugin/internal/Maven2DependenciesValidator$$Lambda+0x000000002f210660
instanceKlass  @bci org/apache/maven/plugin/internal/Maven2DependenciesValidator doValidate (Lorg/eclipse/aether/RepositorySystemSession;Lorg/eclipse/aether/artifact/Artifact;Lorg/eclipse/aether/resolution/ArtifactDescriptorResult;)V 9 <appendix> argL0 ; # org/apache/maven/plugin/internal/Maven2DependenciesValidator$$Lambda+0x000000002f210418
instanceKlass org/apache/maven/model/io/xpp3/MavenXpp3Reader$1
instanceKlass org/apache/maven/model/io/xpp3/MavenXpp3Reader$ContentTransformer
instanceKlass org/apache/maven/model/io/xpp3/MavenXpp3Reader
instanceKlass org/apache/maven/repository/internal/DefaultModelResolver
instanceKlass  @bci org/apache/maven/plugin/internal/DefaultMavenPluginManager getPluginDescriptor (Lorg/apache/maven/model/Plugin;Ljava/util/List;Lorg/eclipse/aether/RepositorySystemSession;)Lorg/apache/maven/plugin/descriptor/PluginDescriptor; 24 <appendix> member <vmtarget> ; # org/apache/maven/plugin/internal/DefaultMavenPluginManager$$Lambda+0x000000002f20b220
instanceKlass  @bci org/apache/maven/plugin/DefaultPluginDescriptorCache createKey (Lorg/apache/maven/model/Plugin;Ljava/util/List;Lorg/eclipse/aether/RepositorySystemSession;)Lorg/apache/maven/plugin/PluginDescriptorCache$Key; 14 <appendix> argL0 ; # org/apache/maven/plugin/DefaultPluginDescriptorCache$$Lambda+0x000000002f20afd8
instanceKlass org/apache/maven/plugin/DefaultPluginDescriptorCache$CacheKey
instanceKlass org/apache/maven/lifecycle/internal/GoalTask
instanceKlass org/apache/maven/execution/ProjectExecutionEvent
instanceKlass org/apache/maven/lifecycle/internal/CompoundProjectExecutionListener
instanceKlass org/apache/maven/lifecycle/internal/DefaultLifecycleMappingDelegate$$FastClassByGuice$$179596760
instanceKlass org/apache/maven/lifecycle/internal/DefaultLifecycleExecutionPlanCalculator$$FastClassByGuice$$178436496
instanceKlass org/apache/maven/project/artifact/DefaultProjectArtifactsCache$$FastClassByGuice$$177286452
instanceKlass org/apache/maven/artifact/factory/DefaultArtifactFactory$$FastClassByGuice$$177186772
instanceKlass org/apache/maven/lifecycle/internal/builder/singlethreaded/SingleThreadedBuilder$$FastClassByGuice$$176080214
instanceKlass org/apache/maven/graph/DefaultProjectDependencyGraph$MavenProjectComparator
instanceKlass org/apache/maven/graph/FilteredProjectDependencyGraph$Key
instanceKlass org/apache/maven/lifecycle/internal/LifecycleTask
instanceKlass  @bci org/apache/maven/plugin/internal/DefaultPluginValidationManager validationPluginExcludes (Lorg/eclipse/aether/RepositorySystemSession;)Ljava/util/List; 11 <appendix> member <vmtarget> ; # org/apache/maven/plugin/internal/DefaultPluginValidationManager$$Lambda+0x000000002f20f750
instanceKlass  @bci org/apache/maven/plugin/internal/DefaultPluginValidationManager validationReportLevel (Lorg/eclipse/aether/RepositorySystemSession;)Lorg/apache/maven/plugin/internal/DefaultPluginValidationManager$ValidationReportLevel; 10 <appendix> member <vmtarget> ; # org/apache/maven/plugin/internal/DefaultPluginValidationManager$$Lambda+0x000000002f20f520
instanceKlass  @bci org/apache/maven/graph/FilteredProjectDependencyGraph <init> (Lorg/apache/maven/execution/ProjectDependencyGraph;Ljava/util/Collection;)V 103 <appendix> member <vmtarget> ; # org/apache/maven/graph/FilteredProjectDependencyGraph$$Lambda+0x000000002f20f2c0
instanceKlass org/apache/maven/graph/FilteredProjectDependencyGraph
instanceKlass org/apache/maven/internal/aether/MavenChainedWorkspaceReader
instanceKlass  @bci java/util/stream/Collectors lambda$groupingBy$0 (Ljava/util/function/Function;Ljava/util/function/Supplier;Ljava/util/function/BiConsumer;Ljava/util/Map;Ljava/lang/Object;)V 20 <appendix> member <vmtarget> ; # java/util/stream/Collectors$$Lambda+0x000000002f1c71a0
instanceKlass  @bci java/util/stream/Collectors groupingBy (Ljava/util/function/Function;Ljava/util/function/Supplier;Ljava/util/stream/Collector;)Ljava/util/stream/Collector; 19 <appendix> member <vmtarget> ; # java/util/stream/Collectors$$Lambda+0x000000002f1c6f60
instanceKlass  @bci java/util/stream/Collectors groupingBy (Ljava/util/function/Function;Ljava/util/stream/Collector;)Ljava/util/stream/Collector; 1 <appendix> argL0 ; # java/util/stream/Collectors$$Lambda+0x000000002f1c6d38
instanceKlass  @bci org/apache/maven/ReactorReader <init> (Lorg/apache/maven/execution/MavenSession;)V 14 <appendix> argL0 ; # org/apache/maven/ReactorReader$$Lambda+0x000000002f20e9b8
instanceKlass  @bci org/apache/maven/ReactorReader <init> (Lorg/apache/maven/execution/MavenSession;)V 5 <appendix> argL0 ; # org/apache/maven/ReactorReader$$Lambda+0x000000002f20e770
instanceKlass  @bci org/apache/maven/session/scope/internal/SessionScope$ScopeState scope (Lcom/google/inject/Key;Lcom/google/inject/Provider;)Lcom/google/inject/Provider; 6 <appendix> member <vmtarget> ; # org/apache/maven/session/scope/internal/SessionScope$ScopeState$$Lambda+0x000000002f20e520
instanceKlass  @bci org/apache/maven/execution/MavenSession setProjects (Ljava/util/List;)V 40 <appendix> argL0 ; # org/apache/maven/execution/MavenSession$$Lambda+0x000000002f20e2c8
instanceKlass  @bci org/apache/maven/execution/MavenSession setProjects (Ljava/util/List;)V 22 <appendix> member <vmtarget> ; # org/apache/maven/execution/MavenSession$$Lambda+0x000000002f20e098
instanceKlass org/codehaus/plexus/util/dag/TopologicalSorter
instanceKlass org/codehaus/plexus/util/dag/Vertex
instanceKlass org/codehaus/plexus/util/dag/DAG
instanceKlass org/apache/maven/project/ProjectSorter
instanceKlass org/apache/maven/graph/DefaultProjectDependencyGraph
instanceKlass org/apache/maven/project/DefaultProjectBuildingResult
instanceKlass org/apache/maven/lifecycle/mapping/DefaultLifecycleMapping$$FastClassByGuice$$175057228
instanceKlass  @bci org/apache/maven/model/building/DefaultModelBuilder lambda$getInterpolatedProfiles$1 (Lorg/apache/maven/model/profile/DefaultProfileActivationContext;Lorg/apache/maven/model/building/DefaultModelProblemCollector;Lorg/apache/maven/model/ActivationFile;)V 57 <appendix> member <vmtarget> ; # org/apache/maven/model/building/DefaultModelBuilder$$Lambda+0x000000002f20d018
instanceKlass  @bci org/apache/maven/model/building/DefaultModelBuilder lambda$getInterpolatedProfiles$1 (Lorg/apache/maven/model/profile/DefaultProfileActivationContext;Lorg/apache/maven/model/building/DefaultModelProblemCollector;Lorg/apache/maven/model/ActivationFile;)V 34 <appendix> member <vmtarget> ; # org/apache/maven/model/building/DefaultModelBuilder$$Lambda+0x000000002f20cdd8
instanceKlass  @bci org/apache/maven/model/building/DefaultModelBuilder lambda$getInterpolatedProfiles$1 (Lorg/apache/maven/model/profile/DefaultProfileActivationContext;Lorg/apache/maven/model/building/DefaultModelProblemCollector;Lorg/apache/maven/model/ActivationFile;)V 8 <appendix> member <vmtarget> ; # org/apache/maven/model/building/DefaultModelBuilder$$Lambda+0x000000002f20cba8
instanceKlass org/apache/maven/model/Site
instanceKlass java/util/stream/Streams$RangeIntSpliterator
instanceKlass  @bci org/apache/maven/model/building/DefaultModelBuilder lambda$getInterpolatedProfiles$4 (Lorg/apache/maven/model/Activation;Lorg/codehaus/plexus/interpolation/RegexBasedInterpolator;Lorg/apache/maven/model/building/DefaultModelProblemCollector;Ljava/lang/String;)V 32 <appendix> member <vmtarget> ; # org/apache/maven/model/building/DefaultModelBuilder$$Lambda+0x000000002f20c6c0
instanceKlass  @bci org/apache/maven/model/building/DefaultModelBuilder lambda$getInterpolatedProfiles$4 (Lorg/apache/maven/model/Activation;Lorg/codehaus/plexus/interpolation/RegexBasedInterpolator;Lorg/apache/maven/model/building/DefaultModelProblemCollector;Ljava/lang/String;)V 12 <appendix> member <vmtarget> ; # org/apache/maven/model/building/DefaultModelBuilder$$Lambda+0x000000002f20c490
instanceKlass org/apache/maven/lifecycle/Lifecycle$__sisu8$$FastClassByGuice$$173427267
instanceKlass org/apache/maven/lifecycle/Lifecycle$__sisu7$$FastClassByGuice$$172132013
instanceKlass org/apache/maven/lifecycle/mapping/LifecycleMojo
instanceKlass org/apache/maven/lifecycle/mapping/DefaultLifecycleMapping$__sisu1$$FastClassByGuice$$171184279
instanceKlass org/apache/maven/lifecycle/mapping/Lifecycle
instanceKlass org/apache/maven/model/building/DefaultModelBuildingEvent
instanceKlass org/apache/maven/model/building/ModelBuildingEventCatapult$1
instanceKlass org/apache/maven/project/DefaultProjectBuilder$InterimResult
instanceKlass org/apache/maven/artifact/handler/DefaultArtifactHandler$__sisu13$$FastClassByGuice$$170707088
instanceKlass org/apache/maven/artifact/versioning/Restriction
# instanceKlass java/lang/invoke/LambdaForm$MH+0x000000002f209400
# instanceKlass java/lang/invoke/LambdaForm$MH+0x000000002f209000
# instanceKlass java/lang/invoke/LambdaForm$MH+0x000000002f208c00
# instanceKlass java/lang/invoke/LambdaForm$BMH+0x000000002f208800
# instanceKlass java/lang/invoke/LambdaForm$DMH+0x000000002f208400
# instanceKlass java/lang/invoke/LambdaForm$MH+0x000000002f208000
# instanceKlass java/lang/invoke/LambdaForm$DMH+0x000000002f205c00
instanceKlass java/lang/invoke/ClassSpecializer$Factory$1$5$1
instanceKlass java/lang/invoke/ClassSpecializer$Factory$1$5
instanceKlass java/lang/invoke/ClassSpecializer$Factory$1$4
instanceKlass java/lang/invoke/ClassSpecializer$Factory$1$3
instanceKlass java/lang/invoke/ClassSpecializer$Factory$1$2
instanceKlass java/lang/invoke/ClassSpecializer$Factory$1$1Var
instanceKlass java/lang/invoke/ClassSpecializer$Factory$1$1
instanceKlass java/lang/invoke/ClassSpecializer$Factory$1
instanceKlass java/lang/invoke/MethodHandles$1
instanceKlass sun/invoke/util/ValueConversions$1
# instanceKlass java/lang/invoke/LambdaForm$DMH+0x000000002f205800
# instanceKlass java/lang/invoke/LambdaForm$MH+0x000000002f205400
# instanceKlass java/lang/invoke/LambdaForm$MH+0x000000002f205000
# instanceKlass java/lang/invoke/LambdaForm$MH+0x000000002f204400
instanceKlass org/apache/maven/artifact/handler/DefaultArtifactHandler$__sisu9$$FastClassByGuice$$169222271
instanceKlass org/apache/maven/artifact/versioning/ComparableVersion$StringItem
instanceKlass org/apache/maven/artifact/ArtifactUtils
instanceKlass org/apache/maven/artifact/DefaultArtifact
instanceKlass org/apache/maven/artifact/handler/DefaultArtifactHandler$$FastClassByGuice$$168811272
instanceKlass java/util/StringTokenizer
instanceKlass org/apache/maven/artifact/versioning/ComparableVersion$IntItem
instanceKlass org/apache/maven/artifact/versioning/ComparableVersion$Item
instanceKlass org/apache/maven/artifact/versioning/ComparableVersion
instanceKlass org/apache/maven/artifact/versioning/DefaultArtifactVersion
instanceKlass org/apache/maven/repository/internal/ArtifactDescriptorUtils
instanceKlass  @bci org/apache/maven/model/building/DefaultModelBuilder interpolateModel (Lorg/apache/maven/model/Model;Lorg/apache/maven/model/building/ModelBuildingRequest;Lorg/apache/maven/model/building/ModelProblemCollector;)Lorg/apache/maven/model/Model; 219 <appendix> member <vmtarget> ; # org/apache/maven/model/building/DefaultModelBuilder$$Lambda+0x000000002f202e70
instanceKlass  @cpi org/apache/maven/model/building/DefaultModelBuilder 1548 form vmentry <vmtarget> ; # java/lang/invoke/LambdaForm$DMH+0x000000002f204000
instanceKlass java/util/function/IntConsumer
instanceKlass java/util/Spliterator$OfInt
instanceKlass java/util/Spliterator$OfPrimitive
instanceKlass java/util/stream/IntStream
instanceKlass org/apache/maven/model/Extension
instanceKlass org/codehaus/plexus/interpolation/util/StringUtils
instanceKlass org/apache/maven/model/DistributionManagement
instanceKlass org/apache/maven/model/Organization
instanceKlass org/apache/maven/model/CiManagement
instanceKlass org/apache/maven/model/MailingList
instanceKlass org/apache/maven/model/Prerequisites
instanceKlass org/codehaus/plexus/interpolation/reflection/MethodMap
instanceKlass org/codehaus/plexus/interpolation/reflection/ClassMap$CacheMiss
instanceKlass org/codehaus/plexus/interpolation/reflection/ClassMap
instanceKlass org/codehaus/plexus/interpolation/reflection/ReflectionValueExtractor$Tokenizer
instanceKlass org/codehaus/plexus/interpolation/reflection/ReflectionValueExtractor
instanceKlass org/codehaus/plexus/interpolation/util/ValueSourceUtils
instanceKlass org/apache/maven/model/interpolation/StringVisitorModelInterpolator$ModelVisitor
instanceKlass org/apache/maven/model/interpolation/StringVisitorModelInterpolator$1
instanceKlass org/codehaus/plexus/interpolation/PrefixAwareRecursionInterceptor
instanceKlass org/apache/maven/model/interpolation/UrlNormalizingPostProcessor
instanceKlass org/apache/maven/model/interpolation/PathTranslatingPostProcessor
instanceKlass java/text/DontCareFieldPosition$1
instanceKlass java/text/Format$FieldDelegate
instanceKlass java/text/StringBufFactory$StringBuilderImpl
instanceKlass java/text/Format$StringBuf
instanceKlass java/text/StringBufFactory
instanceKlass sun/util/resources/LocaleData$LocaleDataResourceBundleProvider
instanceKlass java/util/spi/ResourceBundleProvider
instanceKlass org/apache/maven/model/interpolation/MavenBuildTimestamp
instanceKlass org/apache/maven/model/interpolation/ProblemDetectingValueSource
instanceKlass org/codehaus/plexus/interpolation/PrefixedValueSourceWrapper
instanceKlass org/codehaus/plexus/interpolation/FeedbackEnabledValueSource
instanceKlass org/codehaus/plexus/interpolation/AbstractDelegatingValueSource
instanceKlass org/codehaus/plexus/interpolation/QueryEnabledValueSource
instanceKlass org/apache/maven/model/merge/ModelMerger$ExtensionKeyComputer
instanceKlass org/apache/maven/model/merge/ModelMerger$ResourceKeyComputer
instanceKlass org/apache/maven/model/merge/ModelMerger$SourceDominant
instanceKlass org/apache/maven/model/merge/ModelMerger$DependencyKeyComputer
instanceKlass  @bci org/apache/maven/model/building/DefaultModelBuilder lambda$getInterpolatedProfiles$3 (Lorg/codehaus/plexus/interpolation/RegexBasedInterpolator;Lorg/apache/maven/model/building/DefaultModelProblemCollector;Lorg/apache/maven/model/ActivationProperty;)V 61 <appendix> member <vmtarget> ; # org/apache/maven/model/building/DefaultModelBuilder$$Lambda+0x000000002f1be898
instanceKlass  @bci org/apache/maven/model/building/DefaultModelBuilder lambda$getInterpolatedProfiles$3 (Lorg/codehaus/plexus/interpolation/RegexBasedInterpolator;Lorg/apache/maven/model/building/DefaultModelProblemCollector;Lorg/apache/maven/model/ActivationProperty;)V 38 <appendix> member <vmtarget> ; # org/apache/maven/model/building/DefaultModelBuilder$$Lambda+0x000000002f1be658
instanceKlass  @bci org/apache/maven/model/building/DefaultModelBuilder lambda$getInterpolatedProfiles$3 (Lorg/codehaus/plexus/interpolation/RegexBasedInterpolator;Lorg/apache/maven/model/building/DefaultModelProblemCollector;Lorg/apache/maven/model/ActivationProperty;)V 12 <appendix> member <vmtarget> ; # org/apache/maven/model/building/DefaultModelBuilder$$Lambda+0x000000002f1be428
instanceKlass  @cpi com/sun/tools/javac/comp/TypeEnter 823 form vmentry <vmtarget> ; # java/lang/invoke/LambdaForm$DMH+0x000000002f1bc400
instanceKlass org/apache/maven/model/building/DefaultModelBuilder$InterpolateString
instanceKlass org/apache/maven/model/building/DefaultModelBuilder$1Interpolation
instanceKlass org/apache/maven/model/Exclusion
instanceKlass org/apache/maven/model/DependencyManagement
instanceKlass  @bci org/apache/maven/model/building/DefaultModelBuilder getInterpolatedProfiles (Lorg/apache/maven/model/Model;Lorg/apache/maven/model/profile/DefaultProfileActivationContext;Lorg/apache/maven/model/building/DefaultModelProblemCollector;)Ljava/util/List; 205 <appendix> member <vmtarget> ; # org/apache/maven/model/building/DefaultModelBuilder$$Lambda+0x000000002f1bb860
instanceKlass  @cpi com/sun/tools/javac/comp/Annotate 1389 form vmentry <vmtarget> ; # java/lang/invoke/LambdaForm$DMH+0x000000002f1bc000
instanceKlass  @bci org/apache/maven/model/building/DefaultModelBuilder getInterpolatedProfiles (Lorg/apache/maven/model/Model;Lorg/apache/maven/model/profile/DefaultProfileActivationContext;Lorg/apache/maven/model/building/DefaultModelProblemCollector;)Ljava/util/List; 191 <appendix> argL0 ; # org/apache/maven/model/building/DefaultModelBuilder$$Lambda+0x000000002f1bb618
instanceKlass  @bci org/apache/maven/model/building/DefaultModelBuilder getInterpolatedProfiles (Lorg/apache/maven/model/Model;Lorg/apache/maven/model/profile/DefaultProfileActivationContext;Lorg/apache/maven/model/building/DefaultModelProblemCollector;)Ljava/util/List; 181 <appendix> member <vmtarget> ; # org/apache/maven/model/building/DefaultModelBuilder$$Lambda+0x000000002f1bb3d8
instanceKlass  @bci org/apache/maven/model/building/DefaultModelBuilder getInterpolatedProfiles (Lorg/apache/maven/model/Model;Lorg/apache/maven/model/profile/DefaultProfileActivationContext;Lorg/apache/maven/model/building/DefaultModelProblemCollector;)Ljava/util/List; 169 <appendix> argL0 ; # org/apache/maven/model/building/DefaultModelBuilder$$Lambda+0x000000002f1bb190
instanceKlass  @bci org/apache/maven/model/building/DefaultModelBuilder getInterpolatedProfiles (Lorg/apache/maven/model/Model;Lorg/apache/maven/model/profile/DefaultProfileActivationContext;Lorg/apache/maven/model/building/DefaultModelProblemCollector;)Ljava/util/List; 159 <appendix> member <vmtarget> ; # org/apache/maven/model/building/DefaultModelBuilder$$Lambda+0x000000002f1baf50
instanceKlass  @bci org/apache/maven/model/building/DefaultModelBuilder getInterpolatedProfiles (Lorg/apache/maven/model/Model;Lorg/apache/maven/model/profile/DefaultProfileActivationContext;Lorg/apache/maven/model/building/DefaultModelProblemCollector;)Ljava/util/List; 147 <appendix> argL0 ; # org/apache/maven/model/building/DefaultModelBuilder$$Lambda+0x000000002f1bad08
instanceKlass  @bci org/apache/maven/model/building/DefaultModelBuilder getInterpolatedProfiles (Lorg/apache/maven/model/Model;Lorg/apache/maven/model/profile/DefaultProfileActivationContext;Lorg/apache/maven/model/building/DefaultModelProblemCollector;)Ljava/util/List; 137 <appendix> member <vmtarget> ; # org/apache/maven/model/building/DefaultModelBuilder$$Lambda+0x000000002f1baac8
instanceKlass  @bci org/apache/maven/model/building/DefaultModelBuilder getInterpolatedProfiles (Lorg/apache/maven/model/Model;Lorg/apache/maven/model/profile/DefaultProfileActivationContext;Lorg/apache/maven/model/building/DefaultModelProblemCollector;)Ljava/util/List; 126 <appendix> argL0 ; # org/apache/maven/model/building/DefaultModelBuilder$$Lambda+0x000000002f1ba880
instanceKlass org/apache/maven/model/IssueManagement
instanceKlass org/apache/maven/model/building/FilterModelBuildingRequest
instanceKlass  @bci org/eclipse/aether/named/support/NamedLockFactorySupport closeLock (Ljava/lang/String;)V 6 <appendix> member <vmtarget> ; # org/eclipse/aether/named/support/NamedLockFactorySupport$$Lambda+0x000000002f1b97f0
instanceKlass java/util/AbstractMap$ValueIterator
instanceKlass sun/nio/ch/FileKey
instanceKlass sun/nio/ch/FileLockTable
instanceKlass sun/nio/fs/WindowsChannelFactory$2
instanceKlass sun/nio/fs/WindowsFileSystemProvider$1
instanceKlass org/eclipse/aether/repository/LocalArtifactRequest
instanceKlass org/apache/maven/repository/internal/DefaultVersionResolver$Key
instanceKlass org/eclipse/aether/internal/impl/DefaultRepositoryEventDispatcher$1
instanceKlass org/eclipse/aether/RepositoryEvent$Builder
instanceKlass org/eclipse/aether/internal/impl/filter/PrefixesRemoteRepositoryFilterSource$1
instanceKlass org/eclipse/aether/internal/impl/filter/RemoteRepositoryFilterSourceSupport$SimpleResult
instanceKlass  @bci org/eclipse/aether/internal/impl/filter/DefaultRemoteRepositoryFilterManager getRemoteRepositoryFilter (Lorg/eclipse/aether/RepositorySystemSession;)Lorg/eclipse/aether/spi/connector/filter/RemoteRepositoryFilter; 40 <appendix> member <vmtarget> ; # org/eclipse/aether/internal/impl/filter/DefaultRemoteRepositoryFilterManager$$Lambda+0x000000002f1b8450
instanceKlass  @bci org/eclipse/aether/named/support/ReadWriteLockNamedLock <init> (Ljava/lang/String;Lorg/eclipse/aether/named/support/NamedLockFactorySupport;Ljava/util/concurrent/locks/ReadWriteLock;)V 7 <appendix> argL0 ; # org/eclipse/aether/named/support/ReadWriteLockNamedLock$$Lambda+0x000000002f1ac400
instanceKlass org/eclipse/aether/named/support/Retry$DoNotRetry
instanceKlass  @bci org/eclipse/aether/named/support/NamedLockFactorySupport getLock (Ljava/lang/String;)Lorg/eclipse/aether/named/support/NamedLockSupport; 6 <appendix> member <vmtarget> ; # org/eclipse/aether/named/support/NamedLockFactorySupport$$Lambda+0x000000002f1b7780
instanceKlass java/time/temporal/TemporalUnit
instanceKlass java/time/Duration
instanceKlass java/time/temporal/TemporalAmount
instanceKlass org/eclipse/aether/internal/impl/synccontext/named/NamedLockFactoryAdapter$AdaptedLockSyncContext
instanceKlass org/eclipse/aether/internal/impl/synccontext/named/GAVNameMapper
instanceKlass org/eclipse/aether/internal/impl/synccontext/named/NameMappers
instanceKlass org/eclipse/sisu/wire/NamedIterableAdapter$NamedEntry
instanceKlass org/eclipse/sisu/wire/NamedIterableAdapter$NamedIterator
instanceKlass  @bci org/eclipse/aether/DefaultSessionData computeIfAbsent (Ljava/lang/Object;Ljava/util/function/Supplier;)Ljava/lang/Object; 6 <appendix> member <vmtarget> ; # org/eclipse/aether/DefaultSessionData$$Lambda+0x000000002f1b64f0
instanceKlass  @bci org/eclipse/aether/internal/impl/synccontext/DefaultSyncContextFactory newInstance (Lorg/eclipse/aether/RepositorySystemSession;Z)Lorg/eclipse/aether/SyncContext; 18 <appendix> member <vmtarget> ; # org/eclipse/aether/internal/impl/synccontext/DefaultSyncContextFactory$$Lambda+0x000000002f1b62c0
instanceKlass org/apache/maven/project/ReactorModelPool$CacheKey
instanceKlass org/eclipse/aether/util/version/GenericVersion$Item
instanceKlass org/eclipse/aether/util/version/GenericVersion$Tokenizer
instanceKlass org/eclipse/aether/util/version/GenericVersion
instanceKlass org/eclipse/aether/util/version/GenericVersionConstraint
instanceKlass org/eclipse/aether/version/VersionConstraint
instanceKlass org/eclipse/aether/version/VersionRange
instanceKlass org/eclipse/aether/util/version/GenericVersionScheme
instanceKlass org/eclipse/aether/artifact/AbstractArtifact
instanceKlass java/util/Formatter$Flags
instanceKlass java/util/Formattable
instanceKlass java/util/Formatter$FormatSpecifier
instanceKlass java/util/Formatter$Conversion
instanceKlass java/util/Formatter$FormatString
instanceKlass java/util/Formatter
instanceKlass org/apache/maven/repository/internal/DefaultModelCache$Key
instanceKlass org/apache/maven/model/building/ModelCacheTag$2
instanceKlass org/apache/maven/model/building/ModelCacheTag$1
instanceKlass  @bci org/apache/maven/model/profile/DefaultProfileActivationContext setProjectProperties (Ljava/util/Properties;)Lorg/apache/maven/model/profile/DefaultProfileActivationContext; 27 <appendix> argL0 ; # org/apache/maven/model/profile/DefaultProfileActivationContext$$Lambda+0x000000002f1b4080
instanceKlass  @bci org/apache/maven/model/profile/DefaultProfileActivationContext setProjectProperties (Ljava/util/Properties;)Lorg/apache/maven/model/profile/DefaultProfileActivationContext; 19 <appendix> argL0 ; # org/apache/maven/model/profile/DefaultProfileActivationContext$$Lambda+0x000000002f1b3e38
instanceKlass  @bci org/apache/maven/model/profile/DefaultProfileActivationContext setProjectProperties (Ljava/util/Properties;)Lorg/apache/maven/model/profile/DefaultProfileActivationContext; 14 <appendix> argL0 ; # org/apache/maven/model/profile/DefaultProfileActivationContext$$Lambda+0x000000002f1b3bf0
instanceKlass  @bci org/apache/maven/model/building/DefaultModelBuilder getProfileActivationContext (Lorg/apache/maven/model/building/ModelBuildingRequest;Lorg/apache/maven/model/Model;)Lorg/apache/maven/model/profile/DefaultProfileActivationContext; 55 <appendix> member <vmtarget> ; # org/apache/maven/model/building/DefaultModelBuilder$$Lambda+0x000000002f1b39a0
instanceKlass org/apache/maven/model/building/ModelProblemUtils
instanceKlass org/apache/maven/model/io/xpp3/MavenXpp3ReaderEx$Xpp3DomBuilderInputLocationBuilder
instanceKlass org/apache/maven/model/Scm
instanceKlass org/apache/maven/model/License
instanceKlass org/apache/maven/model/Parent
instanceKlass org/apache/maven/model/io/xpp3/MavenXpp3ReaderEx$1
instanceKlass org/codehaus/plexus/util/xml/Xpp3DomBuilder$InputLocationBuilder
instanceKlass org/apache/maven/model/io/xpp3/MavenXpp3ReaderEx$ContentTransformer
instanceKlass org/apache/maven/model/io/xpp3/MavenXpp3ReaderEx
instanceKlass org/apache/maven/model/building/ModelSource2
instanceKlass org/apache/maven/model/building/DefaultModelBuildingResult
instanceKlass org/apache/maven/model/building/AbstractModelBuildingListener
instanceKlass org/apache/maven/project/ProjectModelResolver
instanceKlass org/apache/maven/model/building/DefaultModelBuildingRequest
instanceKlass org/apache/maven/artifact/repository/LegacyLocalRepositoryManager
instanceKlass org/apache/maven/repository/internal/DefaultModelCache
instanceKlass org/apache/maven/project/DefaultProjectBuildingRequest
instanceKlass org/apache/maven/lifecycle/internal/DefaultExecutionEventCatapult$1
instanceKlass org/apache/maven/lifecycle/internal/DefaultExecutionEvent
instanceKlass org/apache/maven/AbstractMavenLifecycleParticipant
instanceKlass java/util/concurrent/atomic/AtomicReference
instanceKlass org/apache/maven/session/scope/internal/SessionScope$CachingProvider
instanceKlass  @bci org/apache/maven/session/scope/internal/SessionScope seed (Ljava/lang/Class;Ljava/lang/Object;)V 3 <appendix> member <vmtarget> ; # org/apache/maven/session/scope/internal/SessionScope$$Lambda+0x000000002f1ad5a0
instanceKlass org/apache/maven/settings/RuntimeInfo
instanceKlass org/eclipse/aether/internal/impl/LocalPathPrefixComposerFactorySupport$LocalPathPrefixComposerSupport
instanceKlass org/eclipse/aether/internal/impl/SimpleLocalRepositoryManager
instanceKlass java/util/ArrayList$SubList$1
instanceKlass org/eclipse/aether/internal/impl/PrioritizedComponent
instanceKlass org/eclipse/sisu/wire/EntrySetAdapter$ValueIterator
instanceKlass org/eclipse/aether/internal/impl/PrioritizedComponents
instanceKlass  @bci org/apache/maven/RepositoryUtils toRepos (Ljava/util/List;)Ljava/util/List; 18 <appendix> argL0 ; # org/apache/maven/RepositoryUtils$$Lambda+0x000000002f1aead8
instanceKlass java/util/Spliterators$EmptySpliterator
instanceKlass org/eclipse/aether/repository/RemoteRepository$Builder
instanceKlass java/net/spi/URLStreamHandlerProvider
instanceKlass jdk/internal/misc/ThreadTracker
instanceKlass java/net/URL$ThreadTrackHolder
instanceKlass org/eclipse/aether/util/ConfigUtils
instanceKlass org/eclipse/aether/AbstractRepositoryListener
instanceKlass org/eclipse/aether/util/repository/DefaultAuthenticationSelector
instanceKlass org/eclipse/aether/util/repository/DefaultProxySelector
instanceKlass org/eclipse/aether/util/repository/DefaultMirrorSelector$MirrorDef
instanceKlass org/eclipse/aether/util/repository/DefaultMirrorSelector
instanceKlass org/apache/maven/settings/crypto/DefaultSettingsDecryptionResult
instanceKlass org/apache/maven/settings/crypto/DefaultSettingsDecryptionRequest
instanceKlass org/apache/maven/RepositoryUtils$MavenArtifactTypeRegistry
instanceKlass org/apache/maven/RepositoryUtils
instanceKlass org/eclipse/aether/util/repository/SimpleResolutionErrorPolicy
instanceKlass  @bci java/util/stream/Collectors mapMerger (Ljava/util/function/BinaryOperator;)Ljava/util/function/BinaryOperator; 1 <appendix> member <vmtarget> ; # java/util/stream/Collectors$$Lambda+0x000000002f1c0468
instanceKlass  @bci java/util/stream/Collectors toMap (Ljava/util/function/Function;Ljava/util/function/Function;Ljava/util/function/BinaryOperator;Ljava/util/function/Supplier;)Ljava/util/stream/Collector; 3 <appendix> member <vmtarget> ; # java/util/stream/Collectors$$Lambda+0x000000002f1c0228
instanceKlass  @cpi java/util/stream/Collectors 1304 form vmentry <vmtarget> ; # java/lang/invoke/LambdaForm$DMH+0x000000002f1ac000
instanceKlass  @bci java/util/stream/Collectors toMap (Ljava/util/function/Function;Ljava/util/function/Function;Ljava/util/function/BinaryOperator;)Ljava/util/stream/Collector; 3 <appendix> argL0 ; # java/util/stream/Collectors$$Lambda+0x000000002f1c0000
instanceKlass  @bci org/apache/maven/internal/aether/DefaultRepositorySystemSessionFactory getPropertiesFromRequestedProfiles (Lorg/apache/maven/execution/MavenExecutionRequest;)Ljava/util/Map; 59 <appendix> argL0 ; # org/apache/maven/internal/aether/DefaultRepositorySystemSessionFactory$$Lambda+0x000000002f1aa5c0
instanceKlass  @bci org/apache/maven/internal/aether/DefaultRepositorySystemSessionFactory getPropertiesFromRequestedProfiles (Lorg/apache/maven/execution/MavenExecutionRequest;)Ljava/util/Map; 54 <appendix> argL0 ; # org/apache/maven/internal/aether/DefaultRepositorySystemSessionFactory$$Lambda+0x000000002f1aa378
instanceKlass  @bci org/apache/maven/internal/aether/DefaultRepositorySystemSessionFactory getPropertiesFromRequestedProfiles (Lorg/apache/maven/execution/MavenExecutionRequest;)Ljava/util/Map; 49 <appendix> argL0 ; # org/apache/maven/internal/aether/DefaultRepositorySystemSessionFactory$$Lambda+0x000000002f1aa130
instanceKlass  @bci org/apache/maven/internal/aether/DefaultRepositorySystemSessionFactory getPropertiesFromRequestedProfiles (Lorg/apache/maven/execution/MavenExecutionRequest;)Ljava/util/Map; 39 <appendix> argL0 ; # org/apache/maven/internal/aether/DefaultRepositorySystemSessionFactory$$Lambda+0x000000002f1a9ee8
instanceKlass  @bci org/apache/maven/internal/aether/DefaultRepositorySystemSessionFactory getPropertiesFromRequestedProfiles (Lorg/apache/maven/execution/MavenExecutionRequest;)Ljava/util/Map; 29 <appendix> argL0 ; # org/apache/maven/internal/aether/DefaultRepositorySystemSessionFactory$$Lambda+0x000000002f1a9ca0
instanceKlass  @bci org/apache/maven/internal/aether/DefaultRepositorySystemSessionFactory getPropertiesFromRequestedProfiles (Lorg/apache/maven/execution/MavenExecutionRequest;)Ljava/util/Map; 19 <appendix> member <vmtarget> ; # org/apache/maven/internal/aether/DefaultRepositorySystemSessionFactory$$Lambda+0x000000002f1a9a40
instanceKlass org/eclipse/aether/util/repository/SimpleArtifactDescriptorPolicy
instanceKlass org/eclipse/aether/artifact/DefaultArtifactType
instanceKlass org/eclipse/aether/util/artifact/SimpleArtifactTypeRegistry
instanceKlass org/eclipse/aether/util/graph/transformer/JavaDependencyContextRefiner
instanceKlass org/eclipse/aether/util/graph/transformer/ChainedDependencyGraphTransformer
instanceKlass org/eclipse/aether/util/graph/transformer/ConflictResolver
instanceKlass org/eclipse/aether/graph/Exclusion
instanceKlass org/eclipse/aether/util/graph/selector/ExclusionDependencySelector
instanceKlass org/eclipse/aether/util/graph/selector/OptionalDependencySelector
instanceKlass org/eclipse/aether/util/graph/selector/ScopeDependencySelector
instanceKlass org/eclipse/aether/util/graph/selector/AndDependencySelector
instanceKlass org/eclipse/aether/util/graph/manager/ClassicDependencyManager
instanceKlass org/eclipse/aether/util/graph/traverser/FatArtifactTraverser
instanceKlass org/eclipse/aether/DefaultSessionData
instanceKlass org/eclipse/aether/DefaultRepositorySystemSession$NullFileTransformerManager
instanceKlass org/eclipse/aether/transform/FileTransformerManager
instanceKlass org/eclipse/aether/DefaultRepositorySystemSession$NullArtifactTypeRegistry
instanceKlass org/eclipse/aether/DefaultRepositorySystemSession$NullAuthenticationSelector
instanceKlass org/eclipse/aether/DefaultRepositorySystemSession$NullProxySelector
instanceKlass org/eclipse/aether/DefaultRepositorySystemSession$NullMirrorSelector
instanceKlass org/eclipse/aether/SessionData
instanceKlass org/eclipse/aether/artifact/ArtifactTypeRegistry
instanceKlass org/eclipse/aether/collection/DependencyGraphTransformer
instanceKlass org/eclipse/aether/util/graph/transformer/ConflictResolver$VersionSelector
instanceKlass org/eclipse/aether/util/graph/transformer/ConflictResolver$ScopeSelector
instanceKlass org/eclipse/aether/util/graph/transformer/ConflictResolver$OptionalitySelector
instanceKlass org/eclipse/aether/util/graph/transformer/ConflictResolver$ScopeDeriver
instanceKlass org/apache/maven/repository/internal/MavenRepositorySystemUtils
instanceKlass org/apache/maven/execution/DefaultMavenExecutionResult
instanceKlass org/apache/maven/artifact/repository/MavenArtifactRepository
instanceKlass org/apache/maven/artifact/repository/layout/ArtifactRepositoryLayout2
instanceKlass org/apache/maven/artifact/repository/layout/DefaultRepositoryLayout$$FastClassByGuice$$167326865
instanceKlass org/apache/maven/execution/AbstractExecutionListener
instanceKlass org/eclipse/aether/transfer/AbstractTransferListener
instanceKlass org/apache/maven/toolchain/building/DefaultToolchainsBuildingResult
instanceKlass org/apache/maven/toolchain/building/DefaultToolchainsBuilder$1
instanceKlass org/apache/maven/toolchain/model/io/xpp3/MavenToolchainsXpp3Writer
instanceKlass org/apache/maven/toolchain/model/io/xpp3/MavenToolchainsXpp3Reader$1
instanceKlass org/apache/maven/toolchain/model/io/xpp3/MavenToolchainsXpp3Reader$ContentTransformer
instanceKlass org/apache/maven/toolchain/model/io/xpp3/MavenToolchainsXpp3Reader
instanceKlass org/apache/maven/building/DefaultProblemCollector
instanceKlass org/apache/maven/building/ProblemCollectorFactory
instanceKlass org/apache/maven/toolchain/building/DefaultToolchainsBuildingRequest
instanceKlass org/apache/maven/settings/building/DefaultSettingsBuildingResult
instanceKlass org/apache/maven/settings/building/DefaultSettingsBuilder$1
instanceKlass org/codehaus/plexus/interpolation/os/OperatingSystemUtils$DefaultEnvVarSource
instanceKlass org/codehaus/plexus/interpolation/os/OperatingSystemUtils$EnvVarSource
instanceKlass org/codehaus/plexus/interpolation/os/OperatingSystemUtils
instanceKlass org/codehaus/plexus/util/xml/pull/MXSerializer
instanceKlass org/codehaus/plexus/util/xml/pull/XmlSerializer
instanceKlass org/apache/maven/settings/io/xpp3/SettingsXpp3Writer
instanceKlass org/codehaus/plexus/util/xml/pull/EntityReplacementMap
instanceKlass org/apache/maven/settings/io/xpp3/SettingsXpp3Reader$1
instanceKlass org/apache/maven/settings/io/xpp3/SettingsXpp3Reader$ContentTransformer
instanceKlass org/apache/maven/settings/io/xpp3/SettingsXpp3Reader
instanceKlass org/apache/maven/building/FileSource
instanceKlass org/apache/maven/settings/building/DefaultSettingsBuildingRequest
instanceKlass  @bci java/util/regex/CharPredicates ASCII_WORD ()Ljava/util/regex/Pattern$BmpCharPredicate; 0 <appendix> argL0 ; # java/util/regex/CharPredicates$$Lambda+0x000000002f03f8e0
instanceKlass org/apache/maven/graph/DefaultGraphBuilder$$FastClassByGuice$$166266275
instanceKlass  @bci sun/security/provider/AbstractDrbg <clinit> ()V 12 <appendix> argL0 ; # sun/security/provider/AbstractDrbg$$Lambda+0x000000002f03f6b8
instanceKlass  @cpi sun/security/provider/AbstractDrbg 383 form vmentry <vmtarget> ; # java/lang/invoke/LambdaForm$DMH+0x000000002f1a0400
# instanceKlass java/lang/invoke/LambdaForm$DMH+0x000000002f1a0000
instanceKlass sun/security/provider/EntropySource
instanceKlass sun/security/provider/AbstractDrbg
instanceKlass java/security/DrbgParameters$Instantiation
instanceKlass java/security/DrbgParameters
instanceKlass sun/security/provider/MoreDrbgParameters
instanceKlass java/security/SecureRandomSpi
instanceKlass jdk/internal/event/Event
instanceKlass sun/security/util/SecurityProviderConstants
instanceKlass java/security/Provider$UString
instanceKlass java/security/Provider$Service
instanceKlass sun/security/provider/NativePRNG$NonBlocking
instanceKlass sun/security/provider/NativePRNG$Blocking
instanceKlass sun/security/provider/NativePRNG
instanceKlass sun/security/provider/SunEntries
instanceKlass java/security/Permission
instanceKlass java/security/Guard
instanceKlass sun/security/util/SecurityConstants
instanceKlass java/security/Security$2
instanceKlass jdk/internal/access/JavaSecurityPropertiesAccess
instanceKlass java/security/Security$SecPropLoader
instanceKlass java/security/Security
instanceKlass jdk/internal/math/FloatingDecimal$ASCIIToBinaryBuffer
instanceKlass jdk/internal/math/FloatingDecimal$PreparedASCIIToBinaryBuffer
instanceKlass jdk/internal/math/FloatingDecimal$ASCIIToBinaryConverter
instanceKlass jdk/internal/math/FloatingDecimal$BinaryToASCIIBuffer
instanceKlass jdk/internal/math/FloatingDecimal$ExceptionalBinaryToASCIIBuffer
instanceKlass jdk/internal/math/FloatingDecimal$BinaryToASCIIConverter
instanceKlass jdk/internal/math/FloatingDecimal
instanceKlass javax/security/auth/login/Configuration$Parameters
instanceKlass java/security/Policy$Parameters
instanceKlass javax/crypto/KDFParameters
instanceKlass java/security/cert/CertStoreParameters
instanceKlass java/security/SecureRandomParameters
instanceKlass java/security/Provider$EngineDescription
instanceKlass  @bci java/security/Provider <clinit> ()V 28 <appendix> argL0 ; # java/security/Provider$$Lambda+0x000000002f038ff0
instanceKlass java/security/Provider$ServiceKey
instanceKlass sun/security/jca/ProviderConfig
instanceKlass sun/security/jca/ProviderList
instanceKlass sun/security/jca/Providers
instanceKlass java/security/Key
instanceKlass java/security/spec/AlgorithmParameterSpec
instanceKlass jdk/internal/math/MathUtils
instanceKlass jdk/internal/math/ToDecimal
instanceKlass org/apache/maven/plugin/prefix/internal/DefaultPluginPrefixResolver$$FastClassByGuice$$164676021
instanceKlass org/apache/maven/plugin/CompoundMojoExecutionListener
instanceKlass org/apache/maven/plugin/internal/DefaultLegacySupport$$FastClassByGuice$$164554865
instanceKlass org/apache/maven/plugin/DefaultBuildPluginManager$$FastClassByGuice$$163495416
instanceKlass org/apache/maven/lifecycle/internal/DefaultLifecycleTaskSegmentCalculator$$FastClassByGuice$$162322021
instanceKlass org/apache/maven/lifecycle/internal/DefaultExecutionEventCatapult$$FastClassByGuice$$160922221
instanceKlass org/apache/maven/project/DefaultProjectDependenciesResolver$$FastClassByGuice$$160373247
instanceKlass org/apache/maven/project/RepositorySessionDecorator
instanceKlass org/apache/maven/plugin/DefaultPluginArtifactsCache$$FastClassByGuice$$159244308
instanceKlass com/google/inject/internal/DelegatingInvocationHandler
instanceKlass org/apache/maven/artifact/repository/metadata/io/DefaultMetadataReader$$FastClassByGuice$$158055962
instanceKlass org/apache/maven/plugin/version/internal/DefaultPluginVersionResolver$$FastClassByGuice$$157225872
instanceKlass org/apache/maven/plugin/DefaultExtensionRealmCache$$FastClassByGuice$$156199186
instanceKlass org/apache/maven/rtinfo/internal/DefaultRuntimeInformation$$FastClassByGuice$$155013106
instanceKlass org/eclipse/aether/artifact/ArtifactType
instanceKlass  @bci org/eclipse/aether/internal/impl/synccontext/named/NamedLockFactoryAdapterFactoryImpl <init> (Ljava/util/Map;Ljava/lang/String;Ljava/util/Map;Ljava/lang/String;Lorg/eclipse/aether/impl/RepositorySystemLifecycle;)V 63 <appendix> member <vmtarget> ; # org/eclipse/aether/internal/impl/synccontext/named/NamedLockFactoryAdapterFactoryImpl$$Lambda+0x000000002f199cb8
instanceKlass jdk/internal/invoke/MhUtil
instanceKlass org/eclipse/sisu/wire/NamedIterableAdapter
instanceKlass org/eclipse/aether/internal/impl/DefaultUpdateCheckManager$1
instanceKlass org/apache/maven/plugin/DefaultPluginRealmCache$$FastClassByGuice$$153717748
instanceKlass org/apache/maven/plugin/DefaultPluginDescriptorCache$$FastClassByGuice$$152463667
instanceKlass org/apache/maven/plugin/internal/DefaultMavenPluginManager$$FastClassByGuice$$151653434
instanceKlass org/apache/maven/artifact/handler/manager/DefaultArtifactHandlerManager$$FastClassByGuice$$150137214
instanceKlass org/apache/maven/project/DefaultProjectRealmCache$$FastClassByGuice$$149470421
instanceKlass org/codehaus/plexus/classworlds/realm/Entry
instanceKlass java/util/Random
instanceKlass java/util/random/RandomGenerator
instanceKlass org/eclipse/sisu/inject/Guice4$2
instanceKlass org/apache/maven/project/DefaultProjectBuildingHelper$$FastClassByGuice$$147868911
instanceKlass org/apache/maven/lifecycle/internal/DefaultLifecyclePluginAnalyzer$$FastClassByGuice$$147239682
instanceKlass org/apache/maven/model/plugin/DefaultLifecycleBindingsInjector$$FastClassByGuice$$146030216
instanceKlass org/apache/maven/model/PatternSet
instanceKlass org/apache/maven/model/Contributor
instanceKlass org/apache/maven/model/merge/ModelMerger$KeyComputer
instanceKlass org/apache/maven/model/merge/ModelMerger$Remapping
instanceKlass org/apache/maven/project/DefaultProjectBuilder$$FastClassByGuice$$145169644
instanceKlass org/apache/maven/DefaultMaven$$FastClassByGuice$$143810233
instanceKlass org/apache/maven/cli/event/DefaultEventSpyContext
instanceKlass org/eclipse/sisu/wire/EntryListAdapter$ValueIterator
# instanceKlass java/lang/invoke/LambdaForm$MH+0x000000002f191800
instanceKlass org/apache/maven/cli/logging/Slf4jLogger
instanceKlass org/eclipse/sisu/inject/LazyBeanEntry$JsrNamed
instanceKlass org/eclipse/sisu/inject/LazyBeanEntry
instanceKlass javax/annotation/Priority
instanceKlass org/eclipse/sisu/inject/Implementations
instanceKlass org/eclipse/sisu/plexus/LazyPlexusBean
instanceKlass org/eclipse/sisu/inject/RankedSequence$Itr
instanceKlass org/eclipse/sisu/inject/RankedBindings$Itr
instanceKlass org/eclipse/sisu/inject/LocatedBeans$Itr
instanceKlass org/eclipse/sisu/plexus/RealmFilteredBeans$FilteredItr
instanceKlass org/eclipse/sisu/plexus/DefaultPlexusBeans$Itr
instanceKlass org/eclipse/sisu/plexus/DefaultPlexusBeans
instanceKlass org/eclipse/sisu/plexus/RealmFilteredBeans
instanceKlass org/eclipse/sisu/inject/BeanCache
instanceKlass org/eclipse/sisu/inject/LocatedBeans
instanceKlass org/eclipse/sisu/inject/MildElements$Indexable
instanceKlass com/google/inject/internal/ProviderInternalFactory$1
# instanceKlass java/lang/invoke/LambdaForm$MH+0x000000002f191400
# instanceKlass java/lang/invoke/LambdaForm$MH+0x000000002f191000
instanceKlass com/google/inject/internal/ConstructorInjector$1
instanceKlass  @bci jdk/internal/reflect/MethodHandleObjectFieldAccessorImpl set (Ljava/lang/Object;Ljava/lang/Object;)V 41 <adapter> ; # java/lang/invoke/LambdaForm$MH+0x000000002f190c00
instanceKlass org/eclipse/sisu/inject/WatchedBeans
instanceKlass org/eclipse/sisu/inject/MildValues$ValueItr
instanceKlass org/eclipse/sisu/inject/InjectorBindings
# instanceKlass java/lang/invoke/LambdaForm$MH+0x000000002f190800
# instanceKlass java/lang/invoke/LambdaForm$MH+0x000000002f190400
# instanceKlass java/lang/invoke/LambdaForm$MH+0x000000002f190000
instanceKlass com/google/inject/spi/ProvisionListener$ProvisionInvocation
instanceKlass com/google/inject/internal/MembersInjectorImpl$1
instanceKlass com/google/inject/internal/InternalContext
instanceKlass com/google/inject/internal/Initializer$1
instanceKlass com/google/common/collect/AbstractMapBasedMultimap$AsMap$AsMapIterator
instanceKlass com/google/inject/internal/SingleMethodInjector$1
instanceKlass org/codehaus/plexus/DefaultPlexusContainer$$FastClassByGuice$$142946318
instanceKlass com/google/inject/internal/SingleMethodInjector$2
instanceKlass com/google/inject/internal/InjectorImpl$MethodInvoker
instanceKlass com/google/inject/internal/SingleMethodInjector
instanceKlass org/sonatype/plexus/components/sec/dispatcher/DefaultSecDispatcher$$FastClassByGuice$$141899337
instanceKlass org/sonatype/plexus/components/cipher/DefaultPlexusCipher$$FastClassByGuice$$141250621
instanceKlass org/codehaus/plexus/component/configurator/MapOrientedComponentConfigurator$$FastClassByGuice$$140351178
instanceKlass org/codehaus/plexus/component/configurator/BasicComponentConfigurator$$FastClassByGuice$$138645748
instanceKlass org/apache/maven/settings/validation/DefaultSettingsValidator$$FastClassByGuice$$137785960
instanceKlass org/apache/maven/settings/io/DefaultSettingsWriter$$FastClassByGuice$$136668858
instanceKlass org/apache/maven/settings/io/DefaultSettingsReader$$FastClassByGuice$$136032491
instanceKlass org/apache/maven/settings/crypto/DefaultSettingsDecrypter$$FastClassByGuice$$135263812
instanceKlass org/apache/maven/settings/building/DefaultSettingsBuilder$$FastClassByGuice$$133756706
instanceKlass org/eclipse/aether/transport/wagon/WagonTransporterFactory$$FastClassByGuice$$132646915
instanceKlass org/eclipse/aether/internal/transport/wagon/PlexusWagonProvider$$FastClassByGuice$$131103517
instanceKlass org/eclipse/aether/internal/transport/wagon/PlexusWagonConfigurator$$FastClassByGuice$$130301512
instanceKlass org/eclipse/aether/transport/http/XChecksumChecksumExtractor$$FastClassByGuice$$129084441
instanceKlass org/eclipse/aether/transport/http/Nexus2ChecksumExtractor$$FastClassByGuice$$128910839
instanceKlass org/eclipse/aether/transport/http/HttpTransporterFactory$$FastClassByGuice$$127139636
instanceKlass org/eclipse/aether/transport/file/FileTransporterFactory$$FastClassByGuice$$126174251
instanceKlass org/apache/maven/repository/internal/VersionsMetadataGeneratorFactory$$FastClassByGuice$$125440579
instanceKlass org/apache/maven/repository/internal/SnapshotMetadataGeneratorFactory$$FastClassByGuice$$124228546
instanceKlass org/apache/maven/repository/internal/PluginsMetadataGeneratorFactory$$FastClassByGuice$$123512980
instanceKlass org/apache/maven/repository/internal/DefaultVersionResolver$$FastClassByGuice$$122539313
instanceKlass org/apache/maven/repository/internal/DefaultVersionRangeResolver$$FastClassByGuice$$121130849
instanceKlass org/apache/maven/repository/internal/DefaultModelCacheFactory$$FastClassByGuice$$120484646
instanceKlass org/apache/maven/repository/internal/DefaultArtifactDescriptorReader$$FastClassByGuice$$118558648
instanceKlass org/eclipse/aether/named/providers/NoopNamedLockFactory$$FastClassByGuice$$118299497
instanceKlass org/eclipse/aether/named/providers/LocalSemaphoreNamedLockFactory$$FastClassByGuice$$116538954
instanceKlass org/eclipse/aether/named/providers/LocalReadWriteLockNamedLockFactory$$FastClassByGuice$$115756418
instanceKlass org/eclipse/aether/named/providers/FileLockNamedLockFactory$$FastClassByGuice$$114322622
instanceKlass org/eclipse/aether/internal/impl/synccontext/named/providers/StaticNameMapperProvider$$FastClassByGuice$$113294582
instanceKlass org/eclipse/aether/internal/impl/synccontext/named/providers/GAVNameMapperProvider$$FastClassByGuice$$112377730
instanceKlass org/eclipse/aether/internal/impl/synccontext/named/providers/GAECVNameMapperProvider$$FastClassByGuice$$112152868
instanceKlass org/eclipse/aether/internal/impl/synccontext/named/providers/FileStaticNameMapperProvider$$FastClassByGuice$$110666796
instanceKlass org/eclipse/aether/internal/impl/synccontext/named/providers/FileHashingGAVNameMapperProvider$$FastClassByGuice$$109874377
instanceKlass org/eclipse/aether/internal/impl/synccontext/named/providers/FileHashingGAECVNameMapperProvider$$FastClassByGuice$$108097690
instanceKlass org/eclipse/aether/internal/impl/synccontext/named/providers/FileGAVNameMapperProvider$$FastClassByGuice$$107030675
instanceKlass org/eclipse/aether/internal/impl/synccontext/named/providers/FileGAECVNameMapperProvider$$FastClassByGuice$$106322101
instanceKlass org/eclipse/aether/internal/impl/synccontext/named/providers/DiscriminatingNameMapperProvider$$FastClassByGuice$$104938039
instanceKlass org/eclipse/aether/internal/impl/synccontext/named/NamedLockFactoryAdapterFactoryImpl$$FastClassByGuice$$104533382
instanceKlass org/eclipse/aether/internal/impl/synccontext/legacy/DefaultSyncContextFactory$$FastClassByGuice$$103007121
instanceKlass org/eclipse/aether/internal/impl/synccontext/DefaultSyncContextFactory$$FastClassByGuice$$102263387
instanceKlass org/eclipse/aether/internal/impl/resolution/TrustedChecksumsArtifactResolverPostProcessor$$FastClassByGuice$$100791809
instanceKlass org/eclipse/aether/internal/impl/filter/PrefixesRemoteRepositoryFilterSource$$FastClassByGuice$$100170284
instanceKlass org/eclipse/aether/internal/impl/filter/GroupIdRemoteRepositoryFilterSource$$FastClassByGuice$$98797280
instanceKlass org/eclipse/aether/internal/impl/filter/DefaultRemoteRepositoryFilterManager$$FastClassByGuice$$98320344
instanceKlass org/eclipse/aether/internal/impl/collect/df/DfDependencyCollector$$FastClassByGuice$$97296279
instanceKlass org/eclipse/aether/internal/impl/collect/bf/BfDependencyCollector$$FastClassByGuice$$95523006
instanceKlass org/eclipse/aether/internal/impl/collect/DefaultDependencyCollector$$FastClassByGuice$$94588776
instanceKlass org/eclipse/aether/internal/impl/checksum/TrustedToProvidedChecksumsSourceAdapter$$FastClassByGuice$$94223938
instanceKlass org/eclipse/aether/internal/impl/checksum/SummaryFileTrustedChecksumsSource$$FastClassByGuice$$92810563
instanceKlass org/eclipse/aether/internal/impl/checksum/SparseDirectoryTrustedChecksumsSource$$FastClassByGuice$$92251766
instanceKlass org/eclipse/aether/internal/impl/checksum/Sha512ChecksumAlgorithmFactory$$FastClassByGuice$$90481124
instanceKlass org/eclipse/aether/internal/impl/checksum/Sha256ChecksumAlgorithmFactory$$FastClassByGuice$$89999475
instanceKlass org/eclipse/aether/internal/impl/checksum/Sha1ChecksumAlgorithmFactory$$FastClassByGuice$$88647875
instanceKlass  @bci com/google/inject/internal/aop/ImmutableStringTrie buildTrie (Ljava/util/Collection;)Ljava/util/function/ToIntFunction; 38 <appendix> argL0 ; # com/google/inject/internal/aop/ImmutableStringTrie$$Lambda+0x000000002f172808
instanceKlass org/eclipse/aether/internal/impl/checksum/Md5ChecksumAlgorithmFactory$$FastClassByGuice$$88072494
instanceKlass org/eclipse/aether/internal/impl/checksum/DefaultChecksumAlgorithmFactorySelector$$FastClassByGuice$$86629087
instanceKlass org/eclipse/aether/internal/impl/SimpleLocalRepositoryManagerFactory$$FastClassByGuice$$85326194
instanceKlass org/eclipse/aether/internal/impl/Maven2RepositoryLayoutFactory$$FastClassByGuice$$84618453
instanceKlass org/eclipse/aether/internal/impl/LoggerFactoryProvider$$FastClassByGuice$$83514351
instanceKlass org/eclipse/aether/internal/impl/EnhancedLocalRepositoryManagerFactory$$FastClassByGuice$$82704487
instanceKlass org/eclipse/aether/internal/impl/DefaultUpdatePolicyAnalyzer$$FastClassByGuice$$80944599
instanceKlass org/eclipse/aether/internal/impl/DefaultUpdateCheckManager$$FastClassByGuice$$80187846
instanceKlass org/eclipse/aether/internal/impl/DefaultTransporterProvider$$FastClassByGuice$$79065671
instanceKlass org/eclipse/aether/internal/impl/DefaultTrackingFileManager$$FastClassByGuice$$78194299
instanceKlass org/eclipse/aether/internal/impl/DefaultRepositorySystemLifecycle$$FastClassByGuice$$77074407
instanceKlass org/eclipse/aether/internal/impl/DefaultRepositorySystem$$FastClassByGuice$$76129854
instanceKlass org/eclipse/aether/internal/impl/DefaultRepositoryLayoutProvider$$FastClassByGuice$$75478465
instanceKlass org/eclipse/aether/internal/impl/DefaultRepositoryEventDispatcher$$FastClassByGuice$$73630017
instanceKlass org/eclipse/aether/internal/impl/DefaultRepositoryConnectorProvider$$FastClassByGuice$$72531001
instanceKlass org/eclipse/aether/internal/impl/DefaultRemoteRepositoryManager$$FastClassByGuice$$71740455
instanceKlass org/eclipse/aether/internal/impl/DefaultOfflineController$$FastClassByGuice$$70714683
instanceKlass org/eclipse/aether/internal/impl/DefaultMetadataResolver$$FastClassByGuice$$69732279
instanceKlass org/eclipse/aether/internal/impl/DefaultLocalRepositoryProvider$$FastClassByGuice$$69174075
instanceKlass org/eclipse/aether/internal/impl/DefaultLocalPathPrefixComposerFactory$$FastClassByGuice$$67536758
instanceKlass org/eclipse/aether/internal/impl/DefaultLocalPathComposer$$FastClassByGuice$$67044554
instanceKlass org/eclipse/aether/internal/impl/DefaultInstaller$$FastClassByGuice$$65175497
instanceKlass org/eclipse/aether/internal/impl/DefaultFileProcessor$$FastClassByGuice$$64144136
instanceKlass org/eclipse/aether/internal/impl/DefaultDeployer$$FastClassByGuice$$63102365
instanceKlass org/eclipse/aether/internal/impl/DefaultChecksumPolicyProvider$$FastClassByGuice$$62771734
instanceKlass org/eclipse/aether/internal/impl/DefaultArtifactResolver$$FastClassByGuice$$60851121
instanceKlass org/eclipse/aether/connector/basic/BasicRepositoryConnectorFactory$$FastClassByGuice$$60264021
instanceKlass org/apache/maven/model/validation/DefaultModelValidator$$FastClassByGuice$$59738207
instanceKlass org/apache/maven/model/superpom/DefaultSuperPomProvider$$FastClassByGuice$$58241491
instanceKlass org/apache/maven/model/profile/activation/PropertyProfileActivator$$FastClassByGuice$$56932429
instanceKlass org/apache/maven/model/profile/activation/OperatingSystemProfileActivator$$FastClassByGuice$$56345501
instanceKlass org/apache/maven/model/profile/activation/JdkVersionProfileActivator$$FastClassByGuice$$55191228
instanceKlass org/apache/maven/model/profile/activation/FileProfileActivator$$FastClassByGuice$$53880594
instanceKlass org/apache/maven/model/profile/DefaultProfileSelector$$FastClassByGuice$$52485749
instanceKlass org/apache/maven/model/profile/DefaultProfileInjector$$FastClassByGuice$$52312438
instanceKlass org/apache/maven/model/plugin/DefaultReportingConverter$$FastClassByGuice$$50756217
instanceKlass org/apache/maven/model/plugin/DefaultReportConfigurationExpander$$FastClassByGuice$$49458807
instanceKlass org/apache/maven/model/plugin/DefaultPluginConfigurationExpander$$FastClassByGuice$$48735068
instanceKlass org/apache/maven/model/path/ProfileActivationFilePathInterpolator$$FastClassByGuice$$47340357
instanceKlass org/apache/maven/model/path/DefaultUrlNormalizer$$FastClassByGuice$$46822956
instanceKlass org/apache/maven/model/path/DefaultPathTranslator$$FastClassByGuice$$45448157
instanceKlass org/apache/maven/model/path/DefaultModelUrlNormalizer$$FastClassByGuice$$44767450
instanceKlass org/apache/maven/model/path/DefaultModelPathTranslator$$FastClassByGuice$$43843868
instanceKlass org/apache/maven/model/normalization/DefaultModelNormalizer$$FastClassByGuice$$42504917
instanceKlass org/apache/maven/model/management/DefaultPluginManagementInjector$$FastClassByGuice$$41503251
instanceKlass org/apache/maven/model/management/DefaultDependencyManagementInjector$$FastClassByGuice$$40224242
instanceKlass org/apache/maven/model/locator/DefaultModelLocator$$FastClassByGuice$$39460262
instanceKlass org/apache/maven/model/io/DefaultModelWriter$$FastClassByGuice$$37749864
instanceKlass org/apache/maven/model/io/DefaultModelReader$$FastClassByGuice$$36943396
instanceKlass org/apache/maven/model/interpolation/StringVisitorModelInterpolator$$FastClassByGuice$$35971263
instanceKlass org/apache/maven/model/interpolation/DefaultModelVersionProcessor$$FastClassByGuice$$35022386
instanceKlass org/apache/maven/model/inheritance/DefaultInheritanceAssembler$$FastClassByGuice$$34061727
instanceKlass org/apache/maven/model/composition/DefaultDependencyManagementImporter$$FastClassByGuice$$32620927
instanceKlass org/apache/maven/model/building/DefaultModelProcessor$$FastClassByGuice$$31846690
instanceKlass org/apache/maven/model/building/DefaultModelBuilder$$FastClassByGuice$$30882619
instanceKlass org/apache/maven/cli/internal/BootstrapCoreExtensionManager$$FastClassByGuice$$29641378
instanceKlass org/apache/maven/cli/configuration/SettingsXmlConfigurationProcessor$$FastClassByGuice$$28373749
instanceKlass org/apache/maven/toolchain/io/DefaultToolchainsWriter$$FastClassByGuice$$28217600
instanceKlass org/apache/maven/toolchain/io/DefaultToolchainsReader$$FastClassByGuice$$27217667
instanceKlass org/apache/maven/toolchain/building/DefaultToolchainsBuilder$$FastClassByGuice$$26001978
instanceKlass org/apache/maven/plugin/internal/MavenPluginMavenPrerequisiteChecker$$FastClassByGuice$$24492320
instanceKlass org/apache/maven/plugin/internal/MavenPluginJavaPrerequisiteChecker$$FastClassByGuice$$23184583
instanceKlass org/apache/maven/plugin/internal/DefaultPluginValidationManager$$FastClassByGuice$$22591265
instanceKlass org/apache/maven/plugin/DefaultMojosExecutionStrategy$$FastClassByGuice$$21490014
instanceKlass org/apache/maven/lifecycle/internal/LifecycleDependencyResolver$$FastClassByGuice$$20750585
instanceKlass org/apache/maven/lifecycle/internal/DefaultProjectArtifactFactory$$FastClassByGuice$$19649612
instanceKlass org/apache/maven/internal/aether/ResolverLifecycle$$FastClassByGuice$$18387027
instanceKlass com/google/inject/internal/InjectorImpl$SyntheticProviderBindingImpl$1
instanceKlass com/google/inject/internal/InjectorImpl$1
instanceKlass org/apache/maven/internal/aether/DefaultRepositorySystemSessionFactory$$FastClassByGuice$$16825657
instanceKlass com/google/inject/internal/SingleFieldInjector
instanceKlass org/apache/maven/extension/internal/CoreExportsProvider$$FastClassByGuice$$16069874
instanceKlass org/apache/maven/execution/DefaultMavenExecutionRequestPopulator$$FastClassByGuice$$15694499
instanceKlass org/apache/maven/classrealm/DefaultClassRealmManager$$FastClassByGuice$$14667658
instanceKlass org/apache/maven/DefaultArtifactFilterManager$$FastClassByGuice$$13625068
instanceKlass com/google/inject/internal/SingleParameterInjector
instanceKlass org/apache/maven/lifecycle/internal/LifecycleStarter$$FastClassByGuice$$12218476
instanceKlass org/apache/maven/lifecycle/DefaultLifecycles$$FastClassByGuice$$10612531
instanceKlass org/apache/maven/lifecycle/internal/LifecycleModuleBuilder$$FastClassByGuice$$9658546
instanceKlass org/apache/maven/lifecycle/internal/builder/BuilderCommon$$FastClassByGuice$$8640522
instanceKlass org/apache/maven/lifecycle/internal/BuildListCalculator$$FastClassByGuice$$7970181
instanceKlass com/google/inject/internal/DefaultConstructionProxyFactory$ReflectiveProxy
instanceKlass org/apache/maven/lifecycle/internal/LifecyclePluginResolver$$FastClassByGuice$$6842649
instanceKlass org/apache/maven/eventspy/internal/EventSpyDispatcher$$FastClassByGuice$$5940560
instanceKlass org/eclipse/sisu/bean/BeanPropertySetter
instanceKlass org/eclipse/sisu/PreDestroy
instanceKlass org/eclipse/sisu/PostConstruct
instanceKlass org/apache/maven/lifecycle/Lifecycle$$FastClassByGuice$$4253381
instanceKlass org/eclipse/sisu/plexus/PlexusConfigurations$ConfigurationProvider
instanceKlass org/apache/maven/lifecycle/internal/MojoDescriptorCreator$$FastClassByGuice$$3303138
instanceKlass org/apache/maven/lifecycle/internal/MojoExecutor$$FastClassByGuice$$2283430
instanceKlass org/apache/maven/lifecycle/internal/LifecycleDebugLogger$$FastClassByGuice$$1977757
instanceKlass com/google/inject/internal/ProxyFactory
instanceKlass com/google/common/collect/TransformedIterator
instanceKlass  @bci com/google/inject/internal/ConstructorInjectorStore createConstructor (Lcom/google/inject/spi/InjectionPoint;Lcom/google/inject/internal/Errors;)Lcom/google/inject/internal/ConstructorInjector; 62 <appendix> argL0 ; # com/google/inject/internal/ConstructorInjectorStore$$Lambda+0x000000002f16f2b8
instanceKlass com/google/inject/spi/InterceptorBinding
instanceKlass com/google/inject/internal/MethodAspect
instanceKlass com/google/inject/internal/MembersInjectorImpl
instanceKlass org/eclipse/sisu/bean/BeanInjector
instanceKlass org/eclipse/sisu/plexus/PlexusLifecycleManager$2
instanceKlass org/eclipse/sisu/bean/PropertyBinder$1
instanceKlass org/eclipse/sisu/plexus/ProvidedPropertyBinding
instanceKlass org/eclipse/sisu/plexus/PlexusRequirements$AbstractRequirementProvider
instanceKlass org/eclipse/sisu/bean/BeanPropertyField
instanceKlass org/eclipse/sisu/bean/DeclaredMembers$MemberIterator
instanceKlass org/eclipse/sisu/bean/BeanPropertyIterator
instanceKlass org/eclipse/sisu/bean/DeclaredMembers
instanceKlass org/eclipse/sisu/bean/IgnoreSetters
instanceKlass org/eclipse/sisu/bean/BeanProperties
instanceKlass org/eclipse/sisu/plexus/PlexusRequirements
instanceKlass org/eclipse/sisu/plexus/PlexusConfigurations
instanceKlass org/eclipse/sisu/plexus/PlexusPropertyBinder
instanceKlass org/eclipse/sisu/bean/BeanLifecycle
instanceKlass com/google/inject/internal/EncounterImpl
instanceKlass  @bci com/google/inject/internal/AbstractBindingProcessor$Processor scheduleInitialization (Lcom/google/inject/internal/BindingImpl;)V 9 <appendix> member <vmtarget> ; # com/google/inject/internal/AbstractBindingProcessor$Processor$$Lambda+0x000000002f16a778
instanceKlass  @bci org/apache/maven/session/scope/internal/SessionScope scope (Lcom/google/inject/Key;Lcom/google/inject/Provider;)Lcom/google/inject/Provider; 3 <appendix> member <vmtarget> ; # org/apache/maven/session/scope/internal/SessionScope$$Lambda+0x000000002f16a530
instanceKlass org/apache/maven/execution/scope/internal/MojoExecutionScope$2
instanceKlass com/google/inject/internal/ProviderInternalFactory
instanceKlass com/google/inject/internal/InternalProviderInstanceBindingImpl$Factory
instanceKlass com/google/inject/internal/FactoryProxy
instanceKlass com/google/inject/internal/InternalFactoryToProviderAdapter
instanceKlass com/google/inject/internal/ConstructionContext
instanceKlass com/google/inject/internal/SingletonScope$1
instanceKlass com/google/inject/internal/ProviderToInternalFactoryAdapter
instanceKlass com/google/inject/internal/CycleDetectingLock$CycleDetectingLockFactory$ReentrantCycleDetectingLock
instanceKlass com/google/inject/internal/Initializer$InjectableReference
instanceKlass com/google/inject/internal/ProvisionListenerStackCallback
instanceKlass com/google/common/cache/LocalCache$AbstractReferenceEntry
instanceKlass com/google/inject/internal/ProvisionListenerCallbackStore$KeyBinding
instanceKlass com/google/inject/internal/util/Classes
instanceKlass com/google/inject/spi/ExposedBinding
instanceKlass com/google/inject/internal/CreationListener
instanceKlass com/google/inject/internal/InjectorShell$LoggerFactory
instanceKlass com/google/inject/internal/InjectorShell$InjectorFactory
instanceKlass com/google/inject/internal/Initializables$1
instanceKlass com/google/inject/internal/Initializables
instanceKlass com/google/inject/internal/ConstantFactory
instanceKlass com/google/inject/internal/InjectorShell
instanceKlass com/google/inject/internal/ProvisionListenerCallbackStore
instanceKlass com/google/inject/internal/SingleMemberInjector
instanceKlass com/google/inject/spi/TypeEncounter
instanceKlass com/google/inject/internal/MembersInjectorStore
instanceKlass com/google/inject/internal/TypeConverterBindingProcessor$4
instanceKlass com/google/inject/internal/TypeConverterBindingProcessor$2
instanceKlass com/google/inject/internal/TypeConverterBindingProcessor$1
instanceKlass com/google/inject/internal/TypeConverterBindingProcessor$5
instanceKlass com/google/inject/internal/FailableCache
instanceKlass com/google/inject/internal/ConstructorInjectorStore
instanceKlass com/google/inject/internal/DeferredLookups
instanceKlass com/google/inject/spi/ProviderBinding
instanceKlass com/google/inject/spi/ConvertedConstantBinding
instanceKlass com/google/inject/internal/InjectorImpl
instanceKlass com/google/inject/internal/Lookups
instanceKlass com/google/inject/internal/InjectorImpl$InjectorOptions
instanceKlass  @bci com/google/inject/internal/AbstractProcessor process (Lcom/google/inject/internal/InjectorImpl;Ljava/util/List;)V 13 <appendix> member <vmtarget> ; # com/google/inject/internal/AbstractProcessor$$Lambda+0x000000002f15dbc0
instanceKlass  @bci com/google/inject/spi/BindingSourceRestriction check (Lcom/google/inject/internal/GuiceInternal;Ljava/util/List;)Lcom/google/common/collect/ImmutableList; 11 <appendix> argL0 ; # com/google/inject/spi/BindingSourceRestriction$$Lambda+0x000000002f15d2c0
instanceKlass org/eclipse/sisu/wire/BeanProviders$3
instanceKlass org/sonatype/inject/BeanEntry
instanceKlass org/eclipse/sisu/BeanEntry
instanceKlass com/google/inject/internal/ProvisionListenerStackCallback$ProvisionCallback
instanceKlass com/google/inject/internal/ConstructorInjector
instanceKlass com/google/inject/internal/DefaultConstructionProxyFactory$FastClassProxy
instanceKlass  @bci com/google/inject/internal/aop/AbstractGlueGenerator lambda$bindSignaturesToInvokers$0 (Ljava/lang/invoke/MethodHandle;Ljava/util/function/ToIntFunction;Ljava/lang/String;)Ljava/util/function/BiFunction; 8 <adapter> ; # java/lang/invoke/LambdaForm$MH+0x000000002f15c400
instanceKlass java/lang/ClassValue$RemovalToken
instanceKlass  @bci com/google/inject/internal/aop/AbstractGlueGenerator bindSignaturesToInvokers (Ljava/util/function/ToIntFunction;Ljava/lang/invoke/MethodHandle;)Ljava/util/function/Function; 13 <appendix> member <vmtarget> ; # com/google/inject/internal/aop/AbstractGlueGenerator$$Lambda+0x000000002f15e748
instanceKlass com/google/inject/internal/aop/ImmutableStringTrie
instanceKlass java/util/function/ToIntFunction
instanceKlass jdk/internal/reflect/FieldAccessorImpl
instanceKlass jdk/internal/reflect/FieldAccessor
instanceKlass org/apache/maven/plugin/internal/DefaultPluginDependenciesResolver$$FastClassByGuice$$866646
instanceKlass  @bci com/google/inject/internal/aop/ChildClassDefiner childLoader (Ljava/lang/ClassLoader;)Lcom/google/inject/internal/aop/ChildClassDefiner$ChildLoader; 26 <appendix> member <vmtarget> ; # com/google/inject/internal/aop/ChildClassDefiner$$Lambda+0x000000002f15e000
instanceKlass  @bci com/google/inject/internal/aop/ChildClassDefiner$ChildLoaderCacheHolder <clinit> ()V 9 <appendix> argL0 ; # com/google/inject/internal/aop/ChildClassDefiner$ChildLoaderCacheHolder$$Lambda+0x000000002f15bd58
instanceKlass com/google/inject/internal/aop/ChildClassDefiner$ChildLoaderCacheHolder
instanceKlass com/google/inject/internal/aop/BytecodeTasks
instanceKlass  @bci com/google/inject/internal/aop/AbstractGlueGenerator generateTrampoline (Lorg/objectweb/asm/ClassWriter;Ljava/util/Collection;)V 30 <appendix> argL0 ; # com/google/inject/internal/aop/AbstractGlueGenerator$$Lambda+0x000000002f15b418
instanceKlass org/objectweb/asm/Handle
instanceKlass org/objectweb/asm/Label
instanceKlass org/objectweb/asm/Type
instanceKlass com/google/inject/internal/aop/AbstractGlueGenerator
instanceKlass  @bci com/google/inject/internal/aop/ClassBuilding buildFastClass (Ljava/lang/Class;)Ljava/util/function/Function; 20 <appendix> member <vmtarget> ; # com/google/inject/internal/aop/ClassBuilding$$Lambda+0x000000002f15a2b0
instanceKlass  @bci com/google/inject/internal/aop/ClassBuilding buildFastClass (Ljava/lang/Class;)Ljava/util/function/Function; 10 <appendix> member <vmtarget> ; # com/google/inject/internal/aop/ClassBuilding$$Lambda+0x000000002f15a070
instanceKlass com/google/inject/internal/aop/UnsafeClassDefiner
instanceKlass com/google/inject/internal/aop/ChildClassDefiner
instanceKlass com/google/inject/internal/aop/ClassDefining$ClassDefinerHolder
instanceKlass com/google/inject/internal/aop/ClassDefiner
instanceKlass com/google/inject/internal/aop/ClassDefining
instanceKlass  @bci com/google/inject/internal/aop/ClassBuilding getOverridableObjectMethods ()[Ljava/lang/reflect/Method; 15 <appendix> member <vmtarget> ; # com/google/inject/internal/aop/ClassBuilding$$Lambda+0x000000002f1593b8
instanceKlass  @cpi com/google/inject/internal/aop/ClassBuilding 315 form vmentry <vmtarget> ; # java/lang/invoke/LambdaForm$DMH+0x000000002f15c000
instanceKlass  @bci com/google/inject/internal/BytecodeGen <clinit> ()V 25 <appendix> argL0 ; # com/google/inject/internal/BytecodeGen$$Lambda+0x000000002f159150
instanceKlass com/google/inject/internal/BytecodeGen$EnhancerBuilder
instanceKlass com/google/inject/internal/aop/ClassBuilding
instanceKlass com/google/common/collect/MapMakerInternalMap$StrongValueEntry
instanceKlass com/google/common/collect/MapMakerInternalMap$WeakKeyStrongValueEntry$Helper
instanceKlass com/google/common/collect/MapMakerInternalMap$InternalEntry
instanceKlass com/google/common/collect/MapMakerInternalMap$1
instanceKlass com/google/common/collect/MapMakerInternalMap$InternalEntryHelper
instanceKlass com/google/common/collect/MapMakerInternalMap$WeakValueReference
instanceKlass com/google/common/collect/MapMaker
instanceKlass com/google/inject/internal/BytecodeGen
instanceKlass com/google/inject/internal/ConstructionProxy
instanceKlass com/google/inject/internal/DefaultConstructionProxyFactory
instanceKlass com/google/inject/internal/ConstructionProxyFactory
instanceKlass com/google/inject/internal/ConstructorBindingImpl$Factory
instanceKlass org/eclipse/sisu/inject/TypeArguments$Implicit
instanceKlass org/eclipse/sisu/wire/BeanProviders$6
instanceKlass org/eclipse/sisu/wire/BeanProviders$4
instanceKlass org/eclipse/sisu/wire/BeanProviders$7
instanceKlass org/eclipse/sisu/wire/BeanProviders$1
instanceKlass org/eclipse/sisu/wire/PlaceholderBeanProvider
instanceKlass com/google/inject/spi/ProviderLookup$1
instanceKlass com/google/inject/spi/ProviderWithDependencies
instanceKlass com/google/inject/spi/ProviderLookup
instanceKlass org/eclipse/sisu/wire/BeanProviders
instanceKlass org/eclipse/sisu/inject/HiddenSource
instanceKlass org/eclipse/sisu/wire/LocatorWiring
instanceKlass com/google/inject/ProvidedBy
instanceKlass com/google/inject/ImplementedBy
instanceKlass org/sonatype/plexus/components/cipher/PBECipher
instanceKlass org/codehaus/classworlds/ClassRealm
instanceKlass org/apache/maven/settings/crypto/SettingsDecryptionResult
instanceKlass org/apache/maven/settings/building/DefaultSettingsProblemCollector
instanceKlass org/apache/maven/settings/merge/MavenSettingsMerger
instanceKlass org/apache/maven/settings/building/SettingsBuildingResult
instanceKlass org/apache/maven/settings/building/SettingsProblemCollector
instanceKlass org/eclipse/aether/impl/MetadataGenerator
instanceKlass org/apache/maven/model/Relocation
instanceKlass org/apache/maven/repository/internal/ArtifactDescriptorReaderDelegate
instanceKlass org/eclipse/aether/named/support/AdaptedSemaphoreNamedLock$AdaptedSemaphore
instanceKlass org/eclipse/aether/named/support/NamedLockFactorySupport$NamedLockHolder
instanceKlass org/eclipse/aether/named/support/NamedLockSupport
instanceKlass org/eclipse/aether/named/NamedLock
instanceKlass org/eclipse/aether/internal/impl/synccontext/named/NamedLockFactoryAdapter
instanceKlass org/eclipse/aether/spi/log/Logger
instanceKlass org/eclipse/aether/internal/impl/filter/PrefixesRemoteRepositoryFilterSource$Node
instanceKlass org/eclipse/aether/spi/connector/filter/RemoteRepositoryFilter$Result
instanceKlass org/eclipse/aether/spi/connector/filter/RemoteRepositoryFilter
instanceKlass org/eclipse/aether/collection/DependencyTraverser
instanceKlass org/eclipse/aether/collection/DependencyManager
instanceKlass org/eclipse/aether/internal/impl/collect/df/DfDependencyCollector$Args
instanceKlass org/eclipse/aether/internal/impl/collect/bf/BfDependencyCollector$DescriptorResolutionResult
instanceKlass org/eclipse/aether/internal/impl/collect/bf/BfDependencyCollector$Args
instanceKlass org/eclipse/aether/internal/impl/collect/bf/DependencyProcessingContext
instanceKlass org/eclipse/aether/internal/impl/collect/bf/DependencyResolutionSkipper
instanceKlass org/eclipse/aether/collection/VersionFilter
instanceKlass org/eclipse/aether/internal/impl/collect/DependencyCollectorDelegate$Results
instanceKlass org/eclipse/aether/internal/impl/collect/DefaultVersionFilterContext
instanceKlass org/eclipse/aether/internal/impl/collect/DefaultDependencyCollectionContext
instanceKlass org/eclipse/aether/collection/DependencyCollectionContext
instanceKlass org/eclipse/aether/internal/impl/collect/DataPool
instanceKlass org/eclipse/aether/graph/DefaultDependencyNode
instanceKlass org/eclipse/aether/version/Version
instanceKlass org/eclipse/aether/internal/impl/collect/PremanagedDependency
instanceKlass org/eclipse/aether/collection/VersionFilter$VersionFilterContext
instanceKlass org/eclipse/aether/collection/DependencyGraphTransformationContext
instanceKlass org/eclipse/aether/spi/connector/Transfer
instanceKlass org/eclipse/aether/internal/impl/checksum/SummaryFileTrustedChecksumsSource$SummaryFileWriter
instanceKlass org/eclipse/aether/internal/impl/checksum/SparseDirectoryTrustedChecksumsSource$SparseDirectoryWriter
instanceKlass org/eclipse/aether/spi/checksums/TrustedChecksumsSource$Writer
instanceKlass org/eclipse/aether/spi/connector/checksum/ChecksumAlgorithm
instanceKlass org/eclipse/aether/impl/UpdateCheck
instanceKlass org/eclipse/aether/spi/connector/transport/Transporter
instanceKlass java/nio/channels/FileLock
instanceKlass org/eclipse/aether/resolution/DependencyResult
instanceKlass org/eclipse/aether/resolution/DependencyRequest
instanceKlass org/eclipse/aether/collection/CollectResult
instanceKlass org/eclipse/aether/collection/CollectRequest
instanceKlass org/eclipse/aether/resolution/VersionRangeResult
instanceKlass org/eclipse/aether/resolution/VersionRangeRequest
instanceKlass org/eclipse/aether/resolution/ArtifactDescriptorRequest
instanceKlass org/eclipse/aether/resolution/VersionRequest
instanceKlass java/util/concurrent/atomic/AtomicBoolean
instanceKlass org/eclipse/aether/spi/connector/layout/RepositoryLayout
instanceKlass org/eclipse/aether/RepositoryEvent
instanceKlass org/eclipse/aether/repository/LocalRepository
instanceKlass org/eclipse/aether/internal/impl/LocalPathPrefixComposer
instanceKlass org/eclipse/aether/transform/FileTransformer
instanceKlass org/eclipse/aether/installation/InstallResult
instanceKlass org/eclipse/aether/installation/InstallRequest
instanceKlass org/eclipse/aether/spi/io/FileProcessor$ProgressListener
instanceKlass org/eclipse/aether/internal/impl/DefaultDeployer$EventCatapult
instanceKlass org/eclipse/aether/deployment/DeployResult
instanceKlass org/eclipse/aether/deployment/DeployRequest
instanceKlass org/eclipse/aether/repository/RepositoryPolicy
instanceKlass org/eclipse/aether/transfer/TransferResource
instanceKlass org/eclipse/aether/spi/connector/checksum/ChecksumPolicy
instanceKlass org/eclipse/aether/resolution/ArtifactRequest
instanceKlass org/eclipse/aether/resolution/VersionResult
instanceKlass org/eclipse/aether/repository/LocalArtifactResult
instanceKlass org/eclipse/aether/internal/impl/DefaultArtifactResolver$ResolutionGroup
instanceKlass org/eclipse/aether/SyncContext
instanceKlass org/eclipse/aether/spi/locator/ServiceLocator
instanceKlass org/eclipse/aether/repository/RemoteRepository
instanceKlass org/eclipse/aether/spi/connector/RepositoryConnector
instanceKlass org/apache/maven/model/validation/DefaultModelValidator$1ActivationFrame
instanceKlass org/apache/maven/model/profile/activation/JdkVersionProfileActivator$RangeValue
instanceKlass org/apache/maven/model/InputLocation
instanceKlass org/apache/maven/model/InputSource
instanceKlass org/apache/maven/model/interpolation/StringVisitorModelInterpolator$InnerInterpolator
instanceKlass org/apache/maven/model/ActivationProperty
instanceKlass org/apache/maven/model/ActivationOS
instanceKlass org/codehaus/plexus/interpolation/RegexBasedInterpolator
instanceKlass org/apache/maven/model/Activation
instanceKlass org/apache/maven/model/ActivationFile
instanceKlass org/apache/maven/model/profile/DefaultProfileActivationContext
instanceKlass org/apache/maven/model/building/ModelBuildingEventCatapult
instanceKlass org/apache/maven/model/building/ModelData
instanceKlass org/apache/maven/model/building/DefaultModelProblemCollector
instanceKlass org/apache/maven/model/building/ModelCacheTag
instanceKlass org/apache/maven/model/building/ModelBuildingEvent
instanceKlass org/apache/maven/model/building/ModelProblemCollectorExt
instanceKlass org/apache/maven/model/profile/ProfileActivationContext
instanceKlass org/apache/maven/cli/internal/extension/model/CoreExtension
instanceKlass org/apache/maven/building/ProblemCollector
instanceKlass org/apache/maven/toolchain/merge/MavenToolchainMerger
instanceKlass org/codehaus/plexus/interpolation/InterpolationPostProcessor
instanceKlass org/apache/maven/toolchain/building/ToolchainsBuildingResult
instanceKlass org/eclipse/aether/graph/Dependency
instanceKlass org/eclipse/aether/resolution/ArtifactDescriptorResult
instanceKlass org/apache/maven/plugin/internal/DefaultPluginValidationManager$PluginValidationIssues
instanceKlass com/google/inject/util/Types
instanceKlass org/eclipse/sisu/Nullable
instanceKlass org/eclipse/aether/repository/AuthenticationSelector
instanceKlass org/eclipse/aether/repository/ProxySelector
instanceKlass org/eclipse/aether/repository/MirrorSelector
instanceKlass org/eclipse/aether/resolution/ResolutionErrorPolicy
instanceKlass org/eclipse/aether/repository/LocalRepositoryManager
instanceKlass org/apache/maven/classrealm/ClassRealmManagerDelegate
instanceKlass org/apache/maven/classrealm/ClassRealmConstituent
instanceKlass org/apache/maven/classrealm/ClassRealmRequest
instanceKlass org/eclipse/aether/repository/WorkspaceRepository
instanceKlass org/apache/maven/ArtifactFilterManagerDelegate
instanceKlass org/apache/maven/repository/legacy/repository/DefaultArtifactRepositoryFactory
instanceKlass org/apache/maven/repository/ArtifactTransferListener
instanceKlass org/apache/maven/repository/legacy/LegacyRepositorySystem
instanceKlass org/apache/maven/repository/metadata/MetadataGraphVertex
instanceKlass org/apache/maven/repository/metadata/DefaultGraphConflictResolver
instanceKlass org/apache/maven/project/artifact/DefaultMavenMetadataCache$CacheKey
instanceKlass org/apache/maven/project/artifact/DefaultMavenMetadataCache
instanceKlass org/apache/maven/repository/legacy/resolver/transform/DefaultArtifactTransformationManager
instanceKlass org/apache/maven/artifact/resolver/DefaultResolutionErrorHandler
instanceKlass org/apache/maven/toolchain/DefaultToolchainsBuilder
instanceKlass org/apache/maven/lifecycle/internal/DefaultLifecycleExecutionPlanCalculator
instanceKlass org/apache/maven/project/artifact/ProjectArtifactsCache$CacheRecord
instanceKlass org/apache/maven/project/artifact/ProjectArtifactsCache$Key
instanceKlass org/apache/maven/project/artifact/DefaultProjectArtifactsCache
instanceKlass org/apache/maven/toolchain/model/TrackableBase
instanceKlass org/apache/maven/toolchain/DefaultToolchain
instanceKlass org/apache/maven/toolchain/java/JavaToolchain
instanceKlass org/apache/maven/toolchain/java/JavaToolchainFactory
instanceKlass org/apache/maven/DefaultProjectDependenciesResolver
instanceKlass org/apache/maven/artifact/repository/metadata/io/DefaultMetadataReader
instanceKlass org/apache/maven/plugin/PluginRealmCache$PluginRealmSupplier
instanceKlass org/apache/maven/plugin/PluginRealmCache$Key
instanceKlass org/apache/maven/plugin/DefaultPluginRealmCache
instanceKlass org/apache/maven/project/ProjectRealmCache$Key
instanceKlass org/apache/maven/project/DefaultProjectRealmCache
instanceKlass org/apache/maven/lifecycle/DefaultLifecycleExecutor
instanceKlass org/apache/maven/lifecycle/internal/DefaultLifecycleTaskSegmentCalculator
instanceKlass org/apache/maven/model/Reporting
instanceKlass org/apache/maven/project/inheritance/DefaultModelInheritanceAssembler
instanceKlass org/apache/maven/exception/ExceptionSummary
instanceKlass org/apache/maven/exception/DefaultExceptionHandler
instanceKlass org/apache/maven/settings/building/SettingsBuildingRequest
instanceKlass org/apache/maven/repository/metadata/ClasspathContainer
instanceKlass org/apache/maven/repository/metadata/MetadataGraph
instanceKlass org/apache/maven/repository/metadata/DefaultClasspathTransformation
instanceKlass org/apache/maven/project/ReactorModelPool
instanceKlass org/apache/maven/model/building/ModelBuildingResult
instanceKlass org/apache/maven/project/DefaultProjectBuilder$InternalConfig
instanceKlass org/apache/maven/model/resolution/ModelResolver
instanceKlass org/apache/maven/project/ProjectBuildingResult
instanceKlass org/apache/maven/model/building/ModelBuildingListener
instanceKlass org/apache/maven/model/building/ModelCache
instanceKlass org/apache/maven/project/DefaultProjectBuilder
instanceKlass org/apache/maven/artifact/handler/manager/DefaultArtifactHandlerManager
instanceKlass org/apache/maven/execution/ExecutionEvent
instanceKlass org/apache/maven/lifecycle/internal/DefaultExecutionEventCatapult
instanceKlass org/apache/maven/project/validation/ModelValidationResult
instanceKlass org/apache/maven/project/validation/DefaultModelValidator
instanceKlass org/eclipse/aether/util/graph/visitor/AbstractDepthFirstNodeListGenerator
instanceKlass org/apache/maven/plugin/PluginRealmCache$CacheRecord
# instanceKlass java/lang/invoke/LambdaForm$MH+0x000000002f128000
instanceKlass org/apache/maven/plugin/descriptor/PluginDescriptorBuilder
instanceKlass org/codehaus/plexus/component/configurator/ConfigurationListener
instanceKlass org/apache/maven/plugin/logging/Log
instanceKlass org/apache/maven/plugin/internal/DefaultMavenPluginManager
instanceKlass org/eclipse/aether/DefaultRepositorySystemSession
instanceKlass org/apache/maven/execution/MavenExecutionResult
instanceKlass org/apache/maven/DefaultMaven
instanceKlass org/apache/maven/repository/legacy/resolver/conflict/FarthestConflictResolver
instanceKlass org/apache/maven/settings/crypto/SettingsDecryptionRequest
instanceKlass org/apache/maven/repository/legacy/resolver/conflict/NearestConflictResolver
instanceKlass org/apache/maven/execution/ProjectExecutionListener
instanceKlass org/apache/maven/artifact/repository/layout/FlatRepositoryLayout
instanceKlass org/apache/maven/execution/BuildSummary
instanceKlass org/apache/maven/project/artifact/MavenMetadataSource$ProjectRelocation
instanceKlass org/apache/maven/model/building/ModelProblem
instanceKlass org/apache/maven/repository/legacy/metadata/ResolutionGroup
instanceKlass org/apache/maven/project/artifact/MavenMetadataSource
instanceKlass org/apache/maven/artifact/repository/metadata/Versioning
instanceKlass org/eclipse/aether/resolution/ArtifactResult
instanceKlass org/eclipse/aether/graph/DependencyNode
instanceKlass org/eclipse/aether/collection/DependencySelector
instanceKlass org/eclipse/aether/artifact/Artifact
instanceKlass org/eclipse/aether/resolution/ArtifactDescriptorPolicy
instanceKlass org/apache/maven/plugin/internal/DefaultPluginDependenciesResolver
instanceKlass org/apache/maven/repository/legacy/resolver/conflict/NewestConflictResolver
instanceKlass org/apache/maven/repository/legacy/resolver/conflict/DefaultConflictResolverFactory
instanceKlass org/apache/maven/plugin/internal/DefaultLegacySupport
instanceKlass org/apache/maven/plugin/PluginArtifactsCache$CacheRecord
instanceKlass org/apache/maven/plugin/PluginArtifactsCache$Key
instanceKlass org/apache/maven/plugin/DefaultPluginArtifactsCache
instanceKlass org/apache/maven/lifecycle/internal/DefaultLifecycleMappingDelegate
instanceKlass org/apache/maven/rtinfo/internal/DefaultRuntimeInformation
instanceKlass org/apache/maven/plugin/descriptor/Parameter
instanceKlass org/apache/maven/lifecycle/internal/DefaultMojoExecutionConfigurator
instanceKlass org/apache/maven/artifact/repository/DefaultArtifactRepositoryFactory
instanceKlass org/apache/maven/plugin/ExtensionRealmCache$CacheRecord
instanceKlass org/apache/maven/plugin/ExtensionRealmCache$Key
instanceKlass org/apache/maven/plugin/DefaultExtensionRealmCache
instanceKlass org/apache/maven/lifecycle/internal/builder/multithreaded/ConcurrencyDependencyGraph
instanceKlass org/apache/maven/lifecycle/internal/builder/multithreaded/ThreadOutputMuxer
instanceKlass org/apache/maven/lifecycle/internal/TaskSegment
instanceKlass org/apache/maven/lifecycle/internal/ProjectSegment
instanceKlass java/util/concurrent/CompletionService
instanceKlass org/apache/maven/lifecycle/internal/builder/multithreaded/MultiThreadedBuilder
instanceKlass org/apache/maven/repository/Proxy
instanceKlass org/apache/maven/artifact/repository/Authentication
instanceKlass org/apache/maven/model/Dependency
instanceKlass org/apache/maven/settings/RepositoryBase
instanceKlass org/apache/maven/model/RepositoryBase
instanceKlass org/apache/maven/artifact/repository/ArtifactRepositoryPolicy
instanceKlass org/apache/maven/model/RepositoryPolicy
instanceKlass org/apache/maven/settings/RepositoryPolicy
instanceKlass org/apache/maven/artifact/repository/layout/DefaultRepositoryLayout
instanceKlass org/apache/maven/plugin/PluginDescriptorCache$PluginDescriptorSupplier
instanceKlass org/apache/maven/plugin/PluginDescriptorCache$Key
instanceKlass org/apache/maven/plugin/DefaultPluginDescriptorCache
instanceKlass org/apache/maven/repository/metadata/MetadataGraphEdge
instanceKlass org/apache/maven/repository/metadata/DefaultGraphConflictResolutionPolicy
instanceKlass org/sonatype/plexus/components/sec/dispatcher/PasswordDecryptor
instanceKlass sun/reflect/generics/tree/MethodTypeSignature
instanceKlass sun/reflect/generics/tree/VoidDescriptor
instanceKlass org/sonatype/plexus/components/sec/dispatcher/model/SettingsSecurity
instanceKlass org/apache/maven/wagon/observers/ChecksumObserver
instanceKlass org/apache/maven/repository/legacy/DefaultWagonManager
instanceKlass org/apache/maven/repository/DefaultMirrorSelector
instanceKlass org/eclipse/aether/RepositoryListener
instanceKlass org/apache/maven/model/PluginContainer
instanceKlass org/apache/maven/plugin/prefix/PluginPrefixResult
instanceKlass org/apache/maven/plugin/prefix/internal/DefaultPluginPrefixResolver
instanceKlass org/apache/maven/artifact/factory/DefaultArtifactFactory
instanceKlass org/apache/maven/lifecycle/internal/ReactorBuildStatus
instanceKlass org/apache/maven/lifecycle/internal/ReactorContext
instanceKlass org/apache/maven/lifecycle/internal/builder/singlethreaded/SingleThreadedBuilder
instanceKlass org/apache/maven/profiles/ProfileManager
instanceKlass org/apache/maven/project/ProjectBuilderConfiguration
instanceKlass org/apache/maven/project/DefaultMavenProjectBuilder
instanceKlass org/apache/maven/project/ProjectRealmCache$CacheRecord
instanceKlass org/eclipse/aether/graph/DependencyFilter
instanceKlass org/apache/maven/project/DefaultProjectBuildingHelper
instanceKlass org/apache/maven/artifact/versioning/ArtifactVersion
instanceKlass org/apache/maven/execution/DefaultRuntimeInformation
instanceKlass org/apache/maven/project/path/DefaultPathTranslator
instanceKlass org/apache/maven/plugin/DefaultBuildPluginManager
instanceKlass org/apache/maven/lifecycle/mapping/LifecyclePhase
instanceKlass org/apache/maven/lifecycle/internal/DefaultLifecyclePluginAnalyzer$GoalSpec
instanceKlass org/apache/maven/lifecycle/internal/DefaultLifecyclePluginAnalyzer
instanceKlass org/apache/maven/artifact/resolver/DefaultArtifactResolver
instanceKlass org/apache/maven/toolchain/ToolchainPrivate
instanceKlass org/apache/maven/toolchain/Toolchain
instanceKlass org/apache/maven/toolchain/DefaultToolchainManager
instanceKlass org/apache/maven/settings/TrackableBase
instanceKlass org/codehaus/plexus/component/repository/ComponentSetDescriptor
instanceKlass org/apache/maven/plugin/internal/DefaultPluginManager
instanceKlass org/apache/maven/model/building/ModelProblemCollector
instanceKlass org/apache/maven/model/building/ModelBuildingRequest
instanceKlass org/apache/maven/model/ModelBase
instanceKlass org/apache/maven/model/merge/ModelMerger
instanceKlass org/apache/maven/model/plugin/DefaultLifecycleBindingsInjector
instanceKlass org/apache/maven/model/building/Result
instanceKlass org/apache/maven/execution/ProjectDependencyGraph
instanceKlass org/apache/maven/model/building/ModelSource
instanceKlass org/apache/maven/graph/DefaultGraphBuilder
instanceKlass org/apache/maven/project/DefaultDependencyResolutionResult
instanceKlass org/apache/maven/project/DependencyResolutionRequest
instanceKlass org/eclipse/aether/graph/DependencyVisitor
instanceKlass org/apache/maven/project/DependencyResolutionResult
instanceKlass org/apache/maven/project/DefaultProjectDependenciesResolver
instanceKlass org/apache/maven/artifact/handler/DefaultArtifactHandler
instanceKlass org/apache/maven/artifact/repository/metadata/RepositoryMetadata
instanceKlass org/apache/maven/artifact/metadata/ArtifactMetadata
instanceKlass org/apache/maven/repository/legacy/metadata/ArtifactMetadata
instanceKlass org/apache/maven/plugin/version/internal/DefaultPluginVersionResult
instanceKlass org/eclipse/aether/RequestTrace
instanceKlass org/eclipse/aether/RepositorySystemSession
instanceKlass org/apache/maven/artifact/repository/metadata/Metadata
instanceKlass org/apache/maven/plugin/version/internal/DefaultPluginVersionResolver$Versions
instanceKlass org/apache/maven/plugin/version/internal/DefaultPluginVersionResolver$Key
instanceKlass org/eclipse/aether/version/VersionScheme
instanceKlass org/eclipse/aether/repository/ArtifactRepository
instanceKlass org/eclipse/aether/metadata/Metadata
instanceKlass org/apache/maven/plugin/version/PluginVersionResult
instanceKlass org/apache/maven/plugin/version/internal/DefaultPluginVersionResolver
instanceKlass org/apache/maven/model/ConfigurationContainer
instanceKlass org/apache/maven/model/InputLocationTracker
instanceKlass org/apache/maven/plugin/prefix/PluginPrefixRequest
instanceKlass org/apache/maven/plugin/version/PluginVersionRequest
instanceKlass org/apache/maven/artifact/versioning/VersionRange
instanceKlass org/apache/maven/artifact/repository/ArtifactRepository
instanceKlass org/apache/maven/artifact/resolver/ArtifactResolutionResult
instanceKlass org/apache/maven/artifact/resolver/ArtifactResolutionRequest
instanceKlass org/apache/maven/artifact/Artifact
instanceKlass org/apache/maven/repository/legacy/metadata/MetadataResolutionRequest
instanceKlass org/apache/maven/artifact/repository/RepositoryRequest
instanceKlass org/apache/maven/repository/legacy/resolver/DefaultLegacyArtifactCollector
instanceKlass org/apache/maven/lifecycle/internal/PhaseRecorder
instanceKlass org/apache/maven/lifecycle/internal/DependencyContext
instanceKlass org/apache/maven/lifecycle/internal/ProjectIndex
instanceKlass org/apache/maven/artifact/resolver/filter/ArtifactFilter
instanceKlass org/apache/maven/plugin/MojoExecutionRunner
instanceKlass org/apache/maven/configuration/BeanConfigurationRequest
instanceKlass org/codehaus/plexus/component/configurator/expression/ExpressionEvaluator
instanceKlass org/codehaus/plexus/configuration/PlexusConfiguration
instanceKlass org/codehaus/plexus/component/configurator/converters/lookup/ConverterLookup
instanceKlass org/apache/maven/configuration/internal/DefaultBeanConfigurator
instanceKlass org/apache/maven/lifecycle/mapping/DefaultLifecycleMapping
instanceKlass org/objectweb/asm/Handler
instanceKlass org/objectweb/asm/Frame
instanceKlass org/objectweb/asm/ByteVector
instanceKlass org/objectweb/asm/Symbol
instanceKlass org/objectweb/asm/SymbolTable
instanceKlass org/objectweb/asm/FieldVisitor
instanceKlass org/objectweb/asm/ModuleVisitor
instanceKlass org/objectweb/asm/RecordComponentVisitor
instanceKlass org/objectweb/asm/MethodVisitor
instanceKlass org/apache/http/config/Registry
instanceKlass org/apache/http/impl/conn/PoolingHttpClientConnectionManager
instanceKlass org/apache/http/pool/ConnPoolControl
instanceKlass org/apache/http/client/methods/CloseableHttpResponse
instanceKlass org/apache/http/HttpResponse
instanceKlass org/apache/maven/wagon/shared/http/BasicAuthScope
instanceKlass org/apache/maven/wagon/shared/http/HttpConfiguration
instanceKlass org/apache/http/impl/client/CloseableHttpClient
instanceKlass org/apache/http/client/HttpClient
instanceKlass org/apache/http/client/ServiceUnavailableRetryStrategy
instanceKlass org/apache/http/Header
instanceKlass org/apache/http/NameValuePair
instanceKlass org/apache/http/auth/Credentials
instanceKlass org/apache/http/client/AuthCache
instanceKlass org/apache/http/client/CredentialsProvider
instanceKlass org/apache/http/client/HttpRequestRetryHandler
instanceKlass org/apache/http/conn/ssl/TrustStrategy
instanceKlass org/apache/http/ssl/TrustStrategy
instanceKlass org/apache/http/client/RedirectStrategy
instanceKlass org/apache/http/config/Lookup
instanceKlass org/apache/http/protocol/HttpContext
instanceKlass org/apache/http/client/methods/HttpUriRequest
instanceKlass org/apache/http/HttpRequest
instanceKlass org/apache/http/HttpMessage
instanceKlass org/apache/http/auth/AuthScheme
instanceKlass org/apache/http/HttpEntity
instanceKlass org/apache/http/conn/HttpClientConnectionManager
instanceKlass org/apache/maven/wagon/OutputData
instanceKlass org/apache/maven/wagon/InputData
instanceKlass java/util/EventObject
instanceKlass org/apache/maven/wagon/events/SessionListener
instanceKlass org/apache/maven/wagon/events/TransferListener
instanceKlass org/apache/maven/wagon/resource/Resource
instanceKlass org/apache/maven/wagon/repository/RepositoryPermissions
instanceKlass org/apache/maven/wagon/proxy/ProxyInfo
instanceKlass org/apache/maven/wagon/authentication/AuthenticationInfo
instanceKlass org/apache/maven/wagon/events/TransferEventSupport
instanceKlass org/apache/maven/wagon/events/SessionEventSupport
instanceKlass org/apache/maven/wagon/repository/Repository
instanceKlass org/apache/maven/wagon/proxy/ProxyInfoProvider
instanceKlass org/apache/maven/wagon/AbstractWagon
instanceKlass org/apache/maven/wagon/StreamingWagon
instanceKlass org/apache/maven/lifecycle/MavenExecutionPlan
instanceKlass org/apache/maven/lifecycle/internal/ProjectBuildList
instanceKlass org/apache/maven/artifact/resolver/ResolutionNode
instanceKlass org/apache/maven/repository/legacy/resolver/conflict/OldestConflictResolver
instanceKlass org/apache/maven/profiles/ProfilesRoot
instanceKlass org/codehaus/plexus/logging/AbstractLogEnabled
instanceKlass com/google/inject/spi/ProviderWithExtensionVisitor
instanceKlass com/google/common/collect/Iterables
instanceKlass java/util/stream/ForEachOps$ForEachOp
instanceKlass java/util/stream/ForEachOps
instanceKlass  @bci com/google/inject/spi/InjectionPoint forConstructorOf (Lcom/google/inject/TypeLiteral;Z)Lcom/google/inject/spi/InjectionPoint; 83 <appendix> member <vmtarget> ; # com/google/inject/spi/InjectionPoint$$Lambda+0x000000002f0f0000
instanceKlass  @bci com/google/inject/spi/InjectionPoint forConstructorOf (Lcom/google/inject/TypeLiteral;Z)Lcom/google/inject/spi/InjectionPoint; 67 <appendix> argL0 ; # com/google/inject/spi/InjectionPoint$$Lambda+0x000000002f0ec400
instanceKlass  @bci com/google/inject/spi/InjectionPoint forConstructorOf (Lcom/google/inject/TypeLiteral;Z)Lcom/google/inject/spi/InjectionPoint; 57 <appendix> argL0 ; # com/google/inject/spi/InjectionPoint$$Lambda+0x000000002f0eccb8
instanceKlass  @bci com/google/inject/spi/InjectionPoint forConstructorOf (Lcom/google/inject/TypeLiteral;Z)Lcom/google/inject/spi/InjectionPoint; 24 <appendix> argL0 ; # com/google/inject/spi/InjectionPoint$$Lambda+0x000000002f0eca60
instanceKlass org/eclipse/sisu/plexus/PlexusBean
instanceKlass org/codehaus/plexus/component/repository/ComponentDescriptor
instanceKlass com/google/inject/spi/ProvidesMethodBinding
instanceKlass org/eclipse/sisu/inject/Guice4
instanceKlass com/google/inject/internal/GuiceInternal
instanceKlass org/sonatype/inject/Parameters
instanceKlass org/eclipse/sisu/plexus/PlexusXmlBeanConverter
instanceKlass org/eclipse/sisu/plexus/PlexusBeanConverter
instanceKlass com/google/inject/spi/TypeConverterBinding
instanceKlass java/lang/reflect/AnnotatedParameterizedType
instanceKlass sun/reflect/generics/tree/Wildcard
instanceKlass sun/reflect/generics/tree/BottomSignature
instanceKlass org/eclipse/sisu/inject/DefaultRankingFunction
instanceKlass com/google/inject/spi/ProvisionListenerBinding
instanceKlass com/google/inject/spi/TypeListenerBinding
instanceKlass org/eclipse/sisu/bean/BeanListener
instanceKlass com/google/inject/matcher/Matchers
instanceKlass org/eclipse/sisu/bean/PropertyBinder
instanceKlass org/eclipse/sisu/plexus/PlexusBeanBinder
instanceKlass com/google/inject/spi/InjectionListener
instanceKlass org/sonatype/plexus/components/sec/dispatcher/DefaultSecDispatcher
instanceKlass org/sonatype/plexus/components/cipher/DefaultPlexusCipher
instanceKlass org/sonatype/plexus/components/cipher/PlexusCipher
instanceKlass org/codehaus/plexus/component/configurator/AbstractComponentConfigurator
instanceKlass org/codehaus/plexus/component/configurator/ComponentConfigurator
instanceKlass org/apache/maven/settings/validation/DefaultSettingsValidator
instanceKlass org/apache/maven/settings/validation/SettingsValidator
instanceKlass org/apache/maven/settings/io/DefaultSettingsWriter
instanceKlass org/apache/maven/settings/io/SettingsWriter
instanceKlass org/apache/maven/settings/io/DefaultSettingsReader
instanceKlass org/apache/maven/settings/io/SettingsReader
instanceKlass org/apache/maven/settings/crypto/DefaultSettingsDecrypter
instanceKlass org/apache/maven/settings/crypto/SettingsDecrypter
# instanceKlass java/lang/invoke/LambdaForm$MH+0x000000002f0ec000
instanceKlass java/lang/invoke/MethodHandle$1
instanceKlass org/apache/maven/settings/building/DefaultSettingsBuilder
instanceKlass org/apache/maven/settings/building/SettingsBuilder
instanceKlass org/eclipse/aether/transport/wagon/WagonTransporterFactory
instanceKlass org/eclipse/aether/internal/transport/wagon/PlexusWagonProvider
instanceKlass org/eclipse/aether/transport/wagon/WagonProvider
instanceKlass org/eclipse/aether/internal/transport/wagon/PlexusWagonConfigurator
instanceKlass org/eclipse/aether/transport/wagon/WagonConfigurator
instanceKlass org/eclipse/aether/transport/http/ChecksumExtractor
instanceKlass org/eclipse/aether/transport/http/HttpTransporterFactory
instanceKlass org/eclipse/aether/transport/file/FileTransporterFactory
instanceKlass org/eclipse/aether/spi/connector/transport/TransporterFactory
instanceKlass org/apache/maven/repository/internal/VersionsMetadataGeneratorFactory
instanceKlass org/apache/maven/repository/internal/SnapshotMetadataGeneratorFactory
instanceKlass org/apache/maven/repository/internal/PluginsMetadataGeneratorFactory
instanceKlass org/eclipse/aether/impl/MetadataGeneratorFactory
instanceKlass org/apache/maven/repository/internal/DefaultVersionResolver
instanceKlass org/eclipse/aether/impl/VersionResolver
instanceKlass org/apache/maven/repository/internal/DefaultVersionRangeResolver
instanceKlass org/eclipse/aether/impl/VersionRangeResolver
instanceKlass org/apache/maven/repository/internal/DefaultModelCacheFactory
instanceKlass org/apache/maven/repository/internal/ModelCacheFactory
instanceKlass org/apache/maven/repository/internal/DefaultArtifactDescriptorReader
instanceKlass org/eclipse/aether/impl/ArtifactDescriptorReader
instanceKlass org/eclipse/aether/named/support/NamedLockFactorySupport
instanceKlass org/eclipse/aether/named/NamedLockFactory
instanceKlass org/eclipse/aether/internal/impl/synccontext/named/providers/StaticNameMapperProvider
instanceKlass org/eclipse/aether/internal/impl/synccontext/named/providers/GAVNameMapperProvider
instanceKlass org/eclipse/aether/internal/impl/synccontext/named/providers/GAECVNameMapperProvider
instanceKlass org/eclipse/aether/internal/impl/synccontext/named/providers/FileStaticNameMapperProvider
instanceKlass org/eclipse/aether/internal/impl/synccontext/named/providers/FileHashingGAVNameMapperProvider
instanceKlass org/eclipse/aether/internal/impl/synccontext/named/providers/FileHashingGAECVNameMapperProvider
instanceKlass org/eclipse/aether/internal/impl/synccontext/named/providers/FileGAVNameMapperProvider
instanceKlass org/eclipse/aether/internal/impl/synccontext/named/providers/FileGAECVNameMapperProvider
instanceKlass org/eclipse/aether/internal/impl/synccontext/named/NameMapper
instanceKlass org/eclipse/aether/internal/impl/synccontext/named/providers/DiscriminatingNameMapperProvider
instanceKlass org/eclipse/aether/internal/impl/synccontext/named/NamedLockFactoryAdapterFactoryImpl
instanceKlass org/eclipse/aether/internal/impl/synccontext/named/NamedLockFactoryAdapterFactory
instanceKlass org/eclipse/aether/internal/impl/synccontext/legacy/DefaultSyncContextFactory
instanceKlass org/eclipse/aether/impl/SyncContextFactory
instanceKlass org/eclipse/aether/internal/impl/synccontext/DefaultSyncContextFactory
instanceKlass org/eclipse/aether/spi/synccontext/SyncContextFactory
instanceKlass java/lang/Deprecated
instanceKlass org/eclipse/aether/internal/impl/slf4j/Slf4jLoggerFactory
instanceKlass org/eclipse/aether/internal/impl/resolution/ArtifactResolverPostProcessorSupport
instanceKlass org/eclipse/aether/internal/impl/filter/RemoteRepositoryFilterSourceSupport
instanceKlass org/eclipse/aether/spi/connector/filter/RemoteRepositoryFilterSource
instanceKlass org/eclipse/aether/spi/resolution/ArtifactResolverPostProcessor
instanceKlass org/eclipse/aether/internal/impl/filter/DefaultRemoteRepositoryFilterManager
instanceKlass org/eclipse/aether/impl/RemoteRepositoryFilterManager
instanceKlass org/eclipse/aether/internal/impl/collect/DependencyCollectorDelegate
instanceKlass org/eclipse/aether/internal/impl/collect/DefaultDependencyCollector
instanceKlass org/eclipse/aether/impl/DependencyCollector
instanceKlass org/eclipse/aether/internal/impl/checksum/TrustedToProvidedChecksumsSourceAdapter
instanceKlass org/eclipse/aether/spi/checksums/ProvidedChecksumsSource
instanceKlass org/eclipse/aether/internal/impl/checksum/FileTrustedChecksumsSourceSupport
instanceKlass org/eclipse/aether/spi/checksums/TrustedChecksumsSource
instanceKlass org/eclipse/aether/spi/connector/checksum/ChecksumAlgorithmFactorySupport
instanceKlass org/eclipse/aether/spi/connector/checksum/ChecksumAlgorithmFactory
instanceKlass org/eclipse/aether/internal/impl/checksum/DefaultChecksumAlgorithmFactorySelector
instanceKlass org/eclipse/aether/spi/connector/checksum/ChecksumAlgorithmFactorySelector
instanceKlass org/eclipse/aether/internal/impl/SimpleLocalRepositoryManagerFactory
instanceKlass org/eclipse/aether/internal/impl/Maven2RepositoryLayoutFactory
instanceKlass org/eclipse/aether/spi/connector/layout/RepositoryLayoutFactory
instanceKlass org/eclipse/aether/spi/log/LoggerFactory
instanceKlass org/eclipse/aether/internal/impl/LoggerFactoryProvider
instanceKlass org/eclipse/aether/internal/impl/EnhancedLocalRepositoryManagerFactory
instanceKlass org/eclipse/aether/spi/localrepo/LocalRepositoryManagerFactory
instanceKlass org/eclipse/aether/internal/impl/DefaultUpdatePolicyAnalyzer
instanceKlass org/eclipse/aether/impl/UpdatePolicyAnalyzer
instanceKlass org/eclipse/aether/internal/impl/DefaultUpdateCheckManager
instanceKlass org/eclipse/aether/impl/UpdateCheckManager
instanceKlass org/eclipse/aether/internal/impl/DefaultTransporterProvider
instanceKlass org/eclipse/aether/spi/connector/transport/TransporterProvider
instanceKlass org/eclipse/aether/internal/impl/DefaultTrackingFileManager
instanceKlass org/eclipse/aether/internal/impl/TrackingFileManager
instanceKlass org/eclipse/aether/internal/impl/DefaultRepositorySystemLifecycle
instanceKlass org/eclipse/aether/impl/RepositorySystemLifecycle
instanceKlass org/eclipse/aether/internal/impl/DefaultRepositorySystem
instanceKlass org/eclipse/aether/RepositorySystem
instanceKlass org/eclipse/aether/internal/impl/DefaultRepositoryLayoutProvider
instanceKlass org/eclipse/aether/spi/connector/layout/RepositoryLayoutProvider
instanceKlass org/eclipse/aether/internal/impl/DefaultRepositoryEventDispatcher
instanceKlass org/eclipse/aether/impl/RepositoryEventDispatcher
instanceKlass org/eclipse/aether/internal/impl/DefaultRepositoryConnectorProvider
instanceKlass org/eclipse/aether/impl/RepositoryConnectorProvider
instanceKlass org/eclipse/aether/internal/impl/DefaultRemoteRepositoryManager
instanceKlass org/eclipse/aether/impl/RemoteRepositoryManager
instanceKlass org/eclipse/aether/internal/impl/DefaultOfflineController
instanceKlass org/eclipse/aether/impl/OfflineController
instanceKlass org/eclipse/aether/internal/impl/DefaultMetadataResolver
instanceKlass org/eclipse/aether/impl/MetadataResolver
instanceKlass org/eclipse/aether/internal/impl/DefaultLocalRepositoryProvider
instanceKlass org/eclipse/aether/impl/LocalRepositoryProvider
instanceKlass org/eclipse/aether/internal/impl/LocalPathPrefixComposerFactorySupport
instanceKlass org/eclipse/aether/internal/impl/LocalPathPrefixComposerFactory
instanceKlass org/eclipse/aether/internal/impl/DefaultLocalPathComposer
instanceKlass org/eclipse/aether/internal/impl/LocalPathComposer
instanceKlass org/eclipse/aether/internal/impl/DefaultInstaller
instanceKlass org/eclipse/aether/impl/Installer
instanceKlass org/eclipse/aether/internal/impl/DefaultFileProcessor
instanceKlass org/eclipse/aether/spi/io/FileProcessor
instanceKlass org/eclipse/aether/internal/impl/DefaultDeployer
instanceKlass org/eclipse/aether/impl/Deployer
instanceKlass org/eclipse/aether/internal/impl/DefaultChecksumPolicyProvider
instanceKlass org/eclipse/aether/spi/connector/checksum/ChecksumPolicyProvider
instanceKlass org/eclipse/aether/internal/impl/DefaultArtifactResolver
instanceKlass org/eclipse/aether/impl/ArtifactResolver
instanceKlass org/eclipse/aether/connector/basic/BasicRepositoryConnectorFactory
instanceKlass org/eclipse/aether/spi/locator/Service
instanceKlass org/eclipse/aether/spi/connector/RepositoryConnectorFactory
instanceKlass org/apache/maven/model/validation/DefaultModelValidator
instanceKlass org/apache/maven/model/validation/ModelValidator
instanceKlass org/apache/maven/model/superpom/DefaultSuperPomProvider
instanceKlass org/apache/maven/model/superpom/SuperPomProvider
instanceKlass org/apache/maven/model/profile/activation/PropertyProfileActivator
instanceKlass org/apache/maven/model/profile/activation/OperatingSystemProfileActivator
instanceKlass org/apache/maven/model/profile/activation/JdkVersionProfileActivator
instanceKlass org/apache/maven/model/profile/activation/FileProfileActivator
instanceKlass org/apache/maven/model/profile/activation/ProfileActivator
instanceKlass org/apache/maven/model/profile/DefaultProfileSelector
instanceKlass org/apache/maven/model/profile/ProfileSelector
instanceKlass org/apache/maven/model/profile/DefaultProfileInjector
instanceKlass org/apache/maven/model/profile/ProfileInjector
instanceKlass org/apache/maven/model/plugin/DefaultReportingConverter
instanceKlass org/apache/maven/model/plugin/ReportingConverter
instanceKlass org/apache/maven/model/plugin/DefaultReportConfigurationExpander
instanceKlass org/apache/maven/model/plugin/ReportConfigurationExpander
instanceKlass org/apache/maven/model/plugin/DefaultPluginConfigurationExpander
instanceKlass org/apache/maven/model/plugin/PluginConfigurationExpander
instanceKlass org/apache/maven/model/path/ProfileActivationFilePathInterpolator
instanceKlass org/apache/maven/model/path/DefaultUrlNormalizer
instanceKlass org/apache/maven/model/path/UrlNormalizer
instanceKlass org/apache/maven/model/path/DefaultPathTranslator
instanceKlass org/apache/maven/model/path/PathTranslator
instanceKlass org/apache/maven/model/path/DefaultModelUrlNormalizer
instanceKlass org/apache/maven/model/path/ModelUrlNormalizer
instanceKlass org/apache/maven/model/path/DefaultModelPathTranslator
instanceKlass org/apache/maven/model/path/ModelPathTranslator
instanceKlass org/apache/maven/model/normalization/DefaultModelNormalizer
instanceKlass org/apache/maven/model/normalization/ModelNormalizer
instanceKlass org/apache/maven/model/management/DefaultPluginManagementInjector
instanceKlass org/apache/maven/model/management/PluginManagementInjector
instanceKlass org/apache/maven/model/management/DefaultDependencyManagementInjector
instanceKlass org/apache/maven/model/management/DependencyManagementInjector
instanceKlass org/apache/maven/model/locator/DefaultModelLocator
instanceKlass org/apache/maven/model/io/DefaultModelWriter
instanceKlass org/apache/maven/model/io/ModelWriter
instanceKlass org/apache/maven/model/io/DefaultModelReader
instanceKlass org/apache/maven/model/interpolation/AbstractStringBasedModelInterpolator
instanceKlass org/apache/maven/model/interpolation/ModelInterpolator
instanceKlass org/apache/maven/model/interpolation/DefaultModelVersionProcessor
instanceKlass org/apache/maven/model/interpolation/ModelVersionProcessor
instanceKlass org/apache/maven/model/inheritance/DefaultInheritanceAssembler
instanceKlass org/apache/maven/model/inheritance/InheritanceAssembler
instanceKlass org/apache/maven/model/composition/DefaultDependencyManagementImporter
instanceKlass org/apache/maven/model/composition/DependencyManagementImporter
instanceKlass  @bci sun/reflect/annotation/AnnotationParser parseClassArray (ILjava/nio/ByteBuffer;Ljdk/internal/reflect/ConstantPool;Ljava/lang/Class;)Ljava/lang/Object; 10 <appendix> member <vmtarget> ; # sun/reflect/annotation/AnnotationParser$$Lambda+0x000000002f031160
instanceKlass org/apache/maven/model/building/DefaultModelProcessor
instanceKlass org/apache/maven/model/building/ModelProcessor
instanceKlass org/apache/maven/model/io/ModelReader
instanceKlass org/apache/maven/model/locator/ModelLocator
instanceKlass org/apache/maven/model/building/DefaultModelBuilder
instanceKlass org/apache/maven/model/building/ModelBuilder
instanceKlass org/apache/maven/cli/internal/BootstrapCoreExtensionManager
instanceKlass org/apache/maven/cli/configuration/SettingsXmlConfigurationProcessor
instanceKlass org/apache/maven/cli/configuration/ConfigurationProcessor
instanceKlass org/apache/maven/toolchain/io/DefaultToolchainsWriter
instanceKlass org/apache/maven/toolchain/io/ToolchainsWriter
instanceKlass org/apache/maven/toolchain/io/DefaultToolchainsReader
instanceKlass org/apache/maven/toolchain/io/ToolchainsReader
instanceKlass org/apache/maven/toolchain/building/DefaultToolchainsBuilder
instanceKlass org/apache/maven/toolchain/building/ToolchainsBuilder
instanceKlass org/apache/maven/execution/MavenSession
instanceKlass org/apache/maven/session/scope/internal/SessionScope$ScopeState
instanceKlass  @bci org/apache/maven/session/scope/internal/SessionScope <clinit> ()V 0 <appendix> argL0 ; # org/apache/maven/session/scope/internal/SessionScope$$Lambda+0x000000002f0cee90
instanceKlass org/apache/maven/session/scope/internal/SessionScope
instanceKlass org/apache/maven/plugin/internal/MavenPluginMavenPrerequisiteChecker
instanceKlass org/apache/maven/plugin/internal/MavenPluginJavaPrerequisiteChecker
instanceKlass org/apache/maven/plugin/MavenPluginPrerequisitesChecker
instanceKlass org/apache/maven/plugin/internal/AbstractMavenPluginDependenciesValidator
instanceKlass org/apache/maven/plugin/internal/MavenPluginDependenciesValidator
instanceKlass org/apache/maven/plugin/internal/AbstractMavenPluginParametersValidator
instanceKlass org/apache/maven/plugin/internal/MavenPluginConfigurationValidator
instanceKlass org/apache/maven/eventspy/AbstractEventSpy
instanceKlass org/apache/maven/eventspy/EventSpy
instanceKlass org/apache/maven/plugin/PluginValidationManager
instanceKlass org/apache/maven/plugin/DefaultMojosExecutionStrategy
instanceKlass org/apache/maven/plugin/MojosExecutionStrategy
instanceKlass org/apache/maven/lifecycle/internal/LifecycleDependencyResolver
instanceKlass org/apache/maven/lifecycle/internal/DefaultProjectArtifactFactory
instanceKlass org/apache/maven/lifecycle/internal/ProjectArtifactFactory
instanceKlass org/apache/maven/internal/aether/ResolverLifecycle
instanceKlass org/apache/maven/internal/aether/DefaultRepositorySystemSessionFactory
instanceKlass org/apache/maven/extension/internal/CoreExportsProvider
instanceKlass org/apache/maven/plugin/MojoExecution
instanceKlass org/apache/maven/project/MavenProject
instanceKlass org/apache/maven/execution/scope/internal/MojoExecutionScope$ScopeState
instanceKlass org/apache/maven/execution/MojoExecutionEvent
instanceKlass org/apache/maven/execution/scope/MojoExecutionScoped
instanceKlass com/google/inject/RestrictedBindingSource$Permit
instanceKlass org/apache/maven/execution/scope/internal/MojoExecutionScope$1
instanceKlass org/apache/maven/execution/scope/internal/MojoExecutionScope
instanceKlass org/apache/maven/execution/MojoExecutionListener
instanceKlass org/eclipse/sisu/space/QualifiedTypeBinder$1
instanceKlass org/apache/maven/execution/DefaultMavenExecutionRequestPopulator
instanceKlass org/apache/maven/execution/MavenExecutionRequestPopulator
instanceKlass org/apache/maven/classrealm/DefaultClassRealmManager
instanceKlass org/apache/maven/classrealm/ClassRealmManager
instanceKlass org/apache/maven/SessionScoped
instanceKlass org/apache/maven/ReactorReader
instanceKlass org/apache/maven/repository/internal/MavenWorkspaceReader
instanceKlass org/eclipse/aether/repository/WorkspaceReader
instanceKlass org/eclipse/sisu/space/WildcardKey$QualifiedImpl
instanceKlass org/eclipse/sisu/space/WildcardKey$Qualified
instanceKlass org/eclipse/sisu/space/WildcardKey
instanceKlass org/eclipse/sisu/Typed
instanceKlass org/sonatype/inject/EagerSingleton
instanceKlass org/eclipse/sisu/EagerSingleton
instanceKlass org/sonatype/inject/Mediator
instanceKlass org/eclipse/sisu/inject/TypeArguments
instanceKlass org/apache/maven/DefaultArtifactFilterManager
instanceKlass org/apache/maven/ArtifactFilterManager
instanceKlass org/objectweb/asm/Context
instanceKlass org/objectweb/asm/Attribute
instanceKlass org/objectweb/asm/AnnotationVisitor
instanceKlass org/objectweb/asm/ClassReader
instanceKlass org/eclipse/sisu/space/IndexedClassFinder$1
instanceKlass jdk/internal/foreign/MemorySessionImpl
instanceKlass java/lang/foreign/MemorySegment$Scope
instanceKlass org/eclipse/sisu/inject/Logs$SLF4JSink
instanceKlass org/eclipse/sisu/inject/Logs$Sink
instanceKlass org/eclipse/sisu/inject/Logs
instanceKlass org/eclipse/sisu/space/QualifierCache
instanceKlass org/eclipse/sisu/space/QualifiedTypeVisitor
instanceKlass org/eclipse/sisu/plexus/PlexusTypeVisitor$ComponentAnnotationVisitor
instanceKlass org/eclipse/sisu/space/AnnotationVisitor
instanceKlass org/eclipse/sisu/plexus/PlexusTypeVisitor
instanceKlass org/eclipse/sisu/space/ClassVisitor
instanceKlass org/eclipse/sisu/plexus/PlexusXmlBeanModule$PlexusXmlBeanSource
instanceKlass org/eclipse/sisu/inject/DescriptionSource
instanceKlass org/eclipse/sisu/inject/AnnotatedSource
instanceKlass org/eclipse/sisu/Hidden
instanceKlass org/eclipse/sisu/Priority
instanceKlass org/eclipse/sisu/Description
instanceKlass org/eclipse/sisu/inject/Sources
instanceKlass com/google/inject/Key$AnnotationInstanceStrategy
instanceKlass com/google/inject/name/NamedImpl
instanceKlass com/google/inject/name/Named
instanceKlass com/google/inject/name/Names
instanceKlass com/google/inject/internal/MoreTypes$ParameterizedTypeImpl
instanceKlass sun/reflect/generics/reflectiveObjects/ParameterizedTypeImpl
instanceKlass sun/reflect/generics/reflectiveObjects/LazyReflectiveObjectGenerator
instanceKlass org/apache/maven/wagon/Wagon
instanceKlass org/apache/maven/toolchain/ToolchainsBuilder
instanceKlass org/apache/maven/toolchain/ToolchainManagerPrivate
instanceKlass org/apache/maven/toolchain/ToolchainManager
instanceKlass org/apache/maven/toolchain/ToolchainFactory
instanceKlass org/apache/maven/settings/MavenSettingsBuilder
instanceKlass org/apache/maven/rtinfo/RuntimeInformation
instanceKlass org/apache/maven/project/artifact/ProjectArtifactsCache
instanceKlass org/apache/maven/project/artifact/MavenMetadataCache
instanceKlass org/apache/maven/project/ProjectRealmCache
instanceKlass org/apache/maven/project/ProjectDependenciesResolver
instanceKlass org/apache/maven/project/ProjectBuildingHelper
instanceKlass org/apache/maven/project/ProjectBuilder
instanceKlass org/apache/maven/project/MavenProjectHelper
instanceKlass org/apache/maven/plugin/version/PluginVersionResolver
instanceKlass org/apache/maven/plugin/prefix/PluginPrefixResolver
instanceKlass org/apache/maven/plugin/internal/PluginDependenciesResolver
instanceKlass org/apache/maven/plugin/PluginRealmCache
instanceKlass org/apache/maven/plugin/PluginManager
instanceKlass org/apache/maven/plugin/PluginDescriptorCache
instanceKlass org/apache/maven/plugin/PluginArtifactsCache
instanceKlass org/apache/maven/plugin/MavenPluginManager
instanceKlass org/apache/maven/plugin/LegacySupport
instanceKlass org/apache/maven/plugin/ExtensionRealmCache
instanceKlass org/apache/maven/plugin/BuildPluginManager
instanceKlass org/apache/maven/model/plugin/LifecycleBindingsInjector
instanceKlass org/apache/maven/lifecycle/internal/builder/BuilderCommon
instanceKlass org/apache/maven/lifecycle/internal/builder/Builder
instanceKlass org/apache/maven/lifecycle/internal/MojoExecutor
instanceKlass org/apache/maven/lifecycle/internal/MojoDescriptorCreator
instanceKlass org/apache/maven/lifecycle/internal/LifecycleTaskSegmentCalculator
instanceKlass org/apache/maven/lifecycle/internal/LifecycleStarter
instanceKlass org/apache/maven/lifecycle/internal/LifecyclePluginResolver
instanceKlass org/apache/maven/lifecycle/internal/LifecycleModuleBuilder
instanceKlass org/apache/maven/lifecycle/internal/LifecycleExecutionPlanCalculator
instanceKlass org/apache/maven/lifecycle/internal/LifecycleDebugLogger
instanceKlass org/apache/maven/lifecycle/internal/ExecutionEventCatapult
instanceKlass org/apache/maven/lifecycle/internal/BuildListCalculator
instanceKlass org/apache/maven/lifecycle/MojoExecutionConfigurator
instanceKlass org/apache/maven/lifecycle/LifecycleMappingDelegate
instanceKlass org/apache/maven/lifecycle/LifecycleExecutor
instanceKlass org/apache/maven/lifecycle/LifeCyclePluginAnalyzer
instanceKlass org/apache/maven/lifecycle/DefaultLifecycles
instanceKlass org/apache/maven/graph/GraphBuilder
instanceKlass org/apache/maven/eventspy/internal/EventSpyDispatcher
instanceKlass org/apache/maven/configuration/BeanConfigurator
instanceKlass org/apache/maven/bridge/MavenRepositorySystem
instanceKlass org/apache/maven/artifact/resolver/ResolutionErrorHandler
instanceKlass org/apache/maven/artifact/repository/metadata/io/MetadataReader
instanceKlass org/apache/maven/artifact/metadata/ArtifactMetadataSource
instanceKlass org/apache/maven/repository/legacy/metadata/ArtifactMetadataSource
instanceKlass org/apache/maven/artifact/handler/manager/ArtifactHandlerManager
instanceKlass org/apache/maven/artifact/factory/ArtifactFactory
instanceKlass org/apache/maven/ProjectDependenciesResolver
instanceKlass org/apache/maven/Maven
instanceKlass org/apache/maven/artifact/handler/ArtifactHandler
instanceKlass org/sonatype/plexus/components/sec/dispatcher/SecDispatcher
instanceKlass org/apache/maven/lifecycle/Lifecycle
instanceKlass org/eclipse/sisu/space/CloningClassSpace$1
instanceKlass org/apache/maven/lifecycle/mapping/LifecycleMapping
instanceKlass org/apache/maven/repository/metadata/GraphConflictResolver
instanceKlass org/apache/maven/repository/metadata/GraphConflictResolutionPolicy
instanceKlass org/eclipse/sisu/plexus/ConfigurationImpl
instanceKlass org/apache/maven/repository/metadata/ClasspathTransformation
instanceKlass org/apache/maven/repository/legacy/resolver/transform/ArtifactTransformationManager
instanceKlass org/apache/maven/repository/legacy/resolver/transform/ArtifactTransformation
instanceKlass org/apache/maven/repository/legacy/resolver/conflict/ConflictResolverFactory
instanceKlass org/apache/maven/repository/legacy/resolver/conflict/ConflictResolver
instanceKlass org/apache/maven/repository/legacy/repository/ArtifactRepositoryFactory
instanceKlass org/apache/maven/repository/legacy/UpdateCheckManager
instanceKlass org/apache/maven/repository/RepositorySystem
instanceKlass org/apache/maven/repository/MirrorSelector
instanceKlass org/apache/maven/project/validation/ModelValidator
instanceKlass org/apache/maven/project/path/PathTranslator
instanceKlass org/apache/maven/project/interpolation/ModelInterpolator
instanceKlass org/apache/maven/project/inheritance/ModelInheritanceAssembler
instanceKlass org/apache/maven/project/MavenProjectBuilder
instanceKlass org/apache/maven/profiles/MavenProfilesBuilder
instanceKlass org/apache/maven/execution/RuntimeInformation
instanceKlass java/lang/foreign/MemorySegment
instanceKlass org/apache/maven/artifact/resolver/ArtifactResolver
instanceKlass org/apache/maven/artifact/resolver/ArtifactCollector
instanceKlass org/apache/maven/repository/legacy/resolver/LegacyArtifactCollector
instanceKlass org/apache/maven/artifact/repository/metadata/RepositoryMetadataManager
instanceKlass org/apache/maven/artifact/repository/layout/ArtifactRepositoryLayout
instanceKlass org/apache/maven/artifact/repository/ArtifactRepositoryFactory
instanceKlass org/apache/maven/artifact/manager/WagonManager
instanceKlass org/apache/maven/repository/legacy/WagonManager
instanceKlass org/apache/maven/artifact/installer/ArtifactInstaller
instanceKlass org/eclipse/sisu/plexus/PlexusXmlMetadata
instanceKlass org/eclipse/sisu/plexus/Roles
instanceKlass org/apache/maven/artifact/deployer/ArtifactDeployer
instanceKlass org/eclipse/sisu/plexus/Hints
instanceKlass org/eclipse/sisu/space/AbstractDeferredClass
instanceKlass org/eclipse/sisu/plexus/RequirementImpl
instanceKlass org/codehaus/plexus/component/annotations/Requirement
instanceKlass org/eclipse/sisu/space/Streams
instanceKlass org/eclipse/sisu/plexus/ComponentImpl
instanceKlass org/codehaus/plexus/component/annotations/Component
instanceKlass org/eclipse/sisu/plexus/PlexusTypeRegistry
instanceKlass org/eclipse/sisu/plexus/PlexusXmlScanner
instanceKlass org/eclipse/sisu/space/QualifiedTypeBinder
instanceKlass org/eclipse/sisu/plexus/PlexusTypeBinder
instanceKlass com/google/inject/spi/InjectionRequest
instanceKlass org/eclipse/sisu/bean/BeanProperty
instanceKlass com/google/common/collect/ObjectArrays
instanceKlass com/google/inject/internal/Nullability
instanceKlass  @bci com/google/inject/internal/KotlinSupport$KotlinUnsupported <clinit> ()V 7 <appendix> argL0 ; # com/google/inject/internal/KotlinSupport$KotlinUnsupported$$Lambda+0x000000002f0b1a10
instanceKlass  @cpi com/sun/tools/javac/comp/Modules 1632 form vmentry <vmtarget> ; # java/lang/invoke/LambdaForm$DMH+0x000000002f0b4000
instanceKlass com/google/inject/internal/KotlinSupport$KotlinUnsupported
instanceKlass com/google/inject/internal/KotlinSupport$KotlinSupportHolder
instanceKlass com/google/inject/internal/KotlinSupportInterface
instanceKlass com/google/inject/internal/KotlinSupport
instanceKlass com/google/inject/spi/InjectionPoint$OverrideIndex
instanceKlass org/eclipse/sisu/inject/RankedBindings
instanceKlass org/eclipse/sisu/Mediator
instanceKlass sun/reflect/generics/tree/TypeVariableSignature
instanceKlass com/google/inject/Inject
instanceKlass javax/inject/Inject
instanceKlass  @bci com/google/inject/internal/DeclaredMembers getDeclaredFields (Ljava/lang/Class;)[Ljava/lang/reflect/Field; 38 <appendix> argL0 ; # com/google/inject/internal/DeclaredMembers$$Lambda+0x000000002f0acc90
instanceKlass  @bci com/google/inject/internal/DeclaredMembers getDeclaredFields (Ljava/lang/Class;)[Ljava/lang/reflect/Field; 20 <appendix> argL0 ; # com/google/inject/internal/DeclaredMembers$$Lambda+0x000000002f0aca48
instanceKlass  @bci com/google/inject/internal/DeclaredMembers getDeclaredFields (Ljava/lang/Class;)[Ljava/lang/reflect/Field; 15 <appendix> argL0 ; # com/google/inject/internal/DeclaredMembers$$Lambda+0x000000002f0ac800
instanceKlass  @bci com/google/inject/internal/DeclaredMembers getDeclaredFields (Ljava/lang/Class;)[Ljava/lang/reflect/Field; 7 <appendix> argL0 ; # com/google/inject/internal/DeclaredMembers$$Lambda+0x000000002f0add38
instanceKlass java/lang/reflect/WildcardType
instanceKlass com/google/inject/spi/InjectionPoint$InjectableMembers
instanceKlass com/google/inject/spi/InjectionPoint$InjectableMember
instanceKlass com/google/inject/spi/InjectionPoint
instanceKlass java/lang/reflect/ParameterizedType
instanceKlass com/google/inject/internal/MoreTypes$GenericArrayTypeImpl
instanceKlass com/google/inject/internal/MoreTypes$CompositeType
instanceKlass com/google/inject/Key$AnnotationTypeStrategy
instanceKlass com/google/common/cache/LocalCache$StrongValueReference
instanceKlass com/google/common/util/concurrent/AbstractFuture$Failure
instanceKlass com/google/common/util/concurrent/AbstractFuture$Cancellation
instanceKlass com/google/common/util/concurrent/AbstractFuture$DelegatingToFuture
instanceKlass com/google/common/util/concurrent/Platform
instanceKlass com/google/common/util/concurrent/Uninterruptibles
instanceKlass com/google/common/util/concurrent/AbstractFuture$Listener
instanceKlass com/google/common/util/concurrent/AbstractFutureState$Waiter
instanceKlass com/google/common/util/concurrent/LazyLogger
instanceKlass java/util/concurrent/Executor
instanceKlass com/google/common/util/concurrent/AbstractFutureState$AtomicHelper
instanceKlass com/google/common/util/concurrent/internal/InternalFutureFailureAccess
instanceKlass com/google/common/util/concurrent/AbstractFuture$Trusted
instanceKlass com/google/common/util/concurrent/ListenableFuture
instanceKlass java/util/IdentityHashMap$IdentityHashMapIterator
instanceKlass  @bci com/sun/tools/javac/comp/Operators$UnaryOperatorHelper addUnaryOperator (Lcom/sun/tools/javac/comp/Operators$OperatorType;Lcom/sun/tools/javac/comp/Operators$OperatorType;[I)Lcom/sun/tools/javac/comp/Operators$UnaryOperatorHelper; 9 <appendix> form vmentry <vmtarget> ; # java/lang/invoke/LambdaForm$DMH+0x000000002f0ac400
instanceKlass  @bci sun/reflect/annotation/AnnotationParser parseEnumArray (ILjava/lang/Class;Ljava/nio/ByteBuffer;Ljdk/internal/reflect/ConstantPool;Ljava/lang/Class;)Ljava/lang/Object; 16 <appendix> member <vmtarget> ; # sun/reflect/annotation/AnnotationParser$$Lambda+0x000000002f02e008
instanceKlass java/lang/annotation/Documented
instanceKlass java/lang/annotation/Target
instanceKlass javax/inject/Named
instanceKlass javax/inject/Qualifier
instanceKlass com/google/inject/BindingAnnotation
instanceKlass javax/inject/Scope
instanceKlass com/google/inject/ScopeAnnotation
instanceKlass com/google/inject/internal/Annotations$AnnotationChecker
# instanceKlass java/lang/invoke/LambdaForm$MH+0x000000002f0ac000
instanceKlass jdk/internal/classfile/impl/StackMapDecoder$1
instanceKlass jdk/internal/classfile/impl/StackMapDecoder
instanceKlass jdk/internal/classfile/impl/StackCounter
instanceKlass  @bci java/lang/reflect/ProxyGenerator lambda$generateLookupAccessor$0 (Ljava/lang/classfile/MethodBuilder;)V 30 <appendix> member <vmtarget> ; # java/lang/reflect/ProxyGenerator$$Lambda+0x000000002f02c670
instanceKlass  @bci java/lang/reflect/ProxyGenerator generateLookupAccessor (Ljava/lang/classfile/ClassBuilder;)V 10 <appendix> member <vmtarget> ; # java/lang/reflect/ProxyGenerator$$Lambda+0x000000002f02c430
instanceKlass  @bci java/lang/reflect/ProxyGenerator generateStaticInitializer (Ljava/lang/classfile/ClassBuilder;)V 10 <appendix> member <vmtarget> ; # java/lang/reflect/ProxyGenerator$$Lambda+0x000000002f02c1f0
instanceKlass java/lang/classfile/attribute/StackMapTableAttribute
instanceKlass java/lang/classfile/attribute/StackMapFrameInfo
instanceKlass java/lang/classfile/instruction/ExceptionCatch
instanceKlass  @bci java/lang/reflect/ProxyGenerator$ProxyMethod lambda$generateMethod$0 (Ljava/lang/classfile/MethodBuilder;)V 30 <appendix> member <vmtarget> ; # java/lang/reflect/ProxyGenerator$ProxyMethod$$Lambda+0x000000002f02b480
instanceKlass java/lang/classfile/attribute/ExceptionsAttribute
instanceKlass  @bci java/lang/reflect/ProxyGenerator$ProxyMethod generateMethod (Ljava/lang/classfile/ClassBuilder;)V 42 <appendix> member <vmtarget> ; # java/lang/reflect/ProxyGenerator$ProxyMethod$$Lambda+0x000000002f02ab18
instanceKlass  @bci java/lang/reflect/ProxyGenerator generateConstructor (Ljava/lang/classfile/ClassBuilder;)V 8 <appendix> member <vmtarget> ; # java/lang/reflect/ProxyGenerator$$Lambda+0x000000002f02a8d8
instanceKlass  @bci java/lang/reflect/ProxyGenerator generateClassFile ()[B 197 <appendix> member <vmtarget> ; # java/lang/reflect/ProxyGenerator$$Lambda+0x000000002f02a698
instanceKlass  @bci java/lang/reflect/ProxyGenerator proxyMethodsFor (Ljava/lang/String;)Ljava/util/List; 5 <appendix> argL0 ; # java/lang/reflect/ProxyGenerator$$Lambda+0x000000002f02a450
instanceKlass java/lang/reflect/ProxyGenerator$ProxyMethod
instanceKlass java/lang/classfile/attribute/StackMapFrameInfo$ObjectVerificationTypeInfo
instanceKlass java/lang/classfile/attribute/StackMapFrameInfo$VerificationTypeInfo
instanceKlass java/util/StringJoiner
instanceKlass java/lang/classfile/ClassFile$Option
instanceKlass java/lang/reflect/ProxyGenerator
instanceKlass  @bci java/lang/WeakPairMap computeIfAbsent (Ljava/lang/Object;Ljava/lang/Object;Ljava/util/function/BiFunction;)Ljava/lang/Object; 18 <appendix> member <vmtarget> ; # java/lang/WeakPairMap$$Lambda+0x000000002f0297b8
instanceKlass  @bci java/lang/Module implAddExportsOrOpens (Ljava/lang/String;Ljava/lang/Module;ZZ)V 151 <appendix> argL0 ; # java/lang/Module$$Lambda+0x000000002f029580
instanceKlass  @bci java/lang/module/ModuleDescriptor$Builder packages (Ljava/util/Set;)Ljava/lang/module/ModuleDescriptor$Builder; 17 <appendix> argL0 ; # java/lang/module/ModuleDescriptor$Builder$$Lambda+0x80000000e
instanceKlass java/lang/WeakPairMap$Pair$Lookup
instanceKlass java/lang/WeakPairMap$Pair
instanceKlass java/lang/WeakPairMap
instanceKlass java/lang/Module$ReflectionData
instanceKlass jdk/internal/module/Checks
instanceKlass java/lang/module/ModuleDescriptor$Builder
instanceKlass  @bci java/lang/reflect/Proxy$ProxyBuilder getDynamicModule (Ljava/lang/ClassLoader;)Ljava/lang/Module; 4 <appendix> argL0 ; # java/lang/reflect/Proxy$ProxyBuilder$$Lambda+0x000000002f028bf0
instanceKlass java/lang/PublicMethods
instanceKlass java/util/Collections$1
instanceKlass java/lang/reflect/Proxy$ProxyBuilder
instanceKlass  @bci java/lang/reflect/Proxy getProxyConstructor (Ljava/lang/ClassLoader;[Ljava/lang/Class;)Ljava/lang/reflect/Constructor; 18 <appendix> argL0 ; # java/lang/reflect/Proxy$$Lambda+0x000000002f027f78
instanceKlass java/lang/ClassValue$Identity
instanceKlass java/lang/ClassValue$Entry
instanceKlass java/lang/ClassValue
instanceKlass java/lang/reflect/Proxy
instanceKlass sun/reflect/annotation/AnnotationInvocationHandler
instanceKlass sun/reflect/annotation/ExceptionProxy
instanceKlass java/lang/annotation/Inherited
instanceKlass java/lang/annotation/Retention
instanceKlass sun/reflect/annotation/AnnotationType
instanceKlass java/lang/reflect/GenericArrayType
instanceKlass sun/reflect/generics/visitor/Reifier
instanceKlass sun/reflect/generics/visitor/TypeTreeVisitor
instanceKlass sun/reflect/generics/factory/CoreReflectionFactory
instanceKlass sun/reflect/generics/factory/GenericsFactory
instanceKlass sun/reflect/generics/scope/AbstractScope
instanceKlass sun/reflect/generics/scope/Scope
instanceKlass com/google/inject/internal/Annotations$TestAnnotation
instanceKlass com/google/inject/internal/Annotations$AnnotationToStringConfig
instanceKlass com/google/common/base/Joiner$MapJoiner
instanceKlass com/google/common/base/Joiner
instanceKlass java/lang/reflect/InvocationHandler
instanceKlass com/google/inject/internal/Annotations
instanceKlass org/eclipse/sisu/Parameters
instanceKlass org/eclipse/sisu/wire/ParameterKeys
instanceKlass com/google/inject/internal/util/StackTraceElements$InMemoryStackTraceElement
instanceKlass com/google/inject/internal/util/StackTraceElements
instanceKlass org/eclipse/sisu/wire/TypeConverterCache
instanceKlass com/google/inject/internal/Scoping
instanceKlass com/google/inject/internal/InternalFactory
instanceKlass java/lang/StackTraceElement$HashedModules
instanceKlass com/google/inject/internal/InternalFlags$1
instanceKlass com/google/inject/internal/InternalFlags
instanceKlass com/google/inject/spi/ConstructorBinding
instanceKlass com/google/inject/internal/DelayedInitialize
instanceKlass com/google/inject/spi/ProviderKeyBinding
instanceKlass com/google/inject/spi/ProviderInstanceBinding
instanceKlass com/google/inject/spi/InstanceBinding
instanceKlass com/google/inject/spi/HasDependencies
instanceKlass com/google/inject/spi/LinkedKeyBinding
instanceKlass com/google/inject/spi/UntargettedBinding
instanceKlass com/google/inject/internal/BindingImpl
instanceKlass com/google/inject/Key$AnnotationStrategy
instanceKlass org/eclipse/sisu/wire/ElementAnalyzer$1
instanceKlass com/google/inject/util/Modules$EmptyModule
instanceKlass com/google/inject/util/Modules$OverriddenModuleBuilder
instanceKlass com/google/inject/util/Modules
instanceKlass java/util/stream/Nodes$ArrayNode
instanceKlass  @bci com/google/inject/internal/DeclaredMembers getDeclaredMethods (Ljava/lang/Class;)[Ljava/lang/reflect/Method; 62 <appendix> argL0 ; # com/google/inject/internal/DeclaredMembers$$Lambda+0x000000002f09e000
instanceKlass java/util/stream/SortedOps
instanceKlass com/google/common/collect/Ordering
instanceKlass  @bci com/google/inject/internal/DeclaredMembers getDeclaredMethods (Ljava/lang/Class;)[Ljava/lang/reflect/Method; 38 <appendix> argL0 ; # com/google/inject/internal/DeclaredMembers$$Lambda+0x000000002f0993b8
instanceKlass  @bci com/google/inject/internal/DeclaredMembers getDeclaredMethods (Ljava/lang/Class;)[Ljava/lang/reflect/Method; 33 <appendix> argL0 ; # com/google/inject/internal/DeclaredMembers$$Lambda+0x000000002f099170
instanceKlass  @bci java/util/Comparator thenComparing (Ljava/util/Comparator;)Ljava/util/Comparator; 7 <appendix> member <vmtarget> ; # java/util/Comparator$$Lambda+0x000000002f0238d8
instanceKlass  @cpi java/util/Comparator 251 form vmentry <vmtarget> ; # java/lang/invoke/LambdaForm$DMH+0x000000002f09c400
instanceKlass  @bci java/util/Comparator comparing (Ljava/util/function/Function;Ljava/util/Comparator;)Ljava/util/Comparator; 12 <appendix> member <vmtarget> ; # java/util/Comparator$$Lambda+0x000000002f023630
instanceKlass  @bci com/google/inject/internal/DeclaredMembers getDeclaredMethods (Ljava/lang/Class;)[Ljava/lang/reflect/Method; 20 <appendix> argL0 ; # com/google/inject/internal/DeclaredMembers$$Lambda+0x000000002f098f28
instanceKlass  @bci com/google/inject/internal/DeclaredMembers getDeclaredMethods (Ljava/lang/Class;)[Ljava/lang/reflect/Method; 15 <appendix> argL0 ; # com/google/inject/internal/DeclaredMembers$$Lambda+0x000000002f098ce0
instanceKlass  @bci java/util/Comparator comparing (Ljava/util/function/Function;)Ljava/util/Comparator; 6 <appendix> member <vmtarget> ; # java/util/Comparator$$Lambda+0x000000002f023388
instanceKlass jdk/internal/classfile/impl/BytecodeHelpers$1
instanceKlass java/lang/invoke/TypeConvertingMethodAdapter$1
instanceKlass java/lang/classfile/constantpool/IntegerEntry
instanceKlass sun/invoke/util/BytecodeDescriptor
instanceKlass java/lang/classfile/constantpool/StringEntry
instanceKlass java/lang/classfile/constantpool/ConstantValueEntry
instanceKlass java/lang/invoke/InnerClassLambdaMetafactory$4
instanceKlass java/lang/invoke/InnerClassLambdaMetafactory$SerializationSupport
instanceKlass  @cpi java/util/Comparator 259 form vmentry <vmtarget> ; # java/lang/invoke/LambdaForm$DMH+0x000000002f09c000
instanceKlass  @bci com/google/inject/internal/DeclaredMembers getDeclaredMethods (Ljava/lang/Class;)[Ljava/lang/reflect/Method; 7 <appendix> argL0 ; # com/google/inject/internal/DeclaredMembers$$Lambda+0x000000002f098a98
instanceKlass com/google/inject/internal/DeclaredMembers
instanceKlass com/google/common/base/ExtraObjectsMethodsForWeb
instanceKlass com/google/common/collect/ImmutableMap$Builder
instanceKlass com/google/inject/internal/MoreTypes
instanceKlass com/google/inject/multibindings/ProvidesIntoOptional
instanceKlass com/google/inject/multibindings/ProvidesIntoMap
instanceKlass com/google/inject/multibindings/ProvidesIntoSet
instanceKlass com/google/inject/Provides
instanceKlass javax/inject/Singleton
instanceKlass com/google/inject/spi/ElementSource
instanceKlass com/google/inject/spi/ScopeBinding
instanceKlass com/google/inject/Scopes$2
instanceKlass com/google/inject/Scopes$1
instanceKlass com/google/inject/internal/SingletonScope
instanceKlass com/google/inject/Scopes
instanceKlass com/google/inject/Singleton
instanceKlass com/google/inject/spi/Elements$ModuleInfo
instanceKlass com/google/inject/PrivateModule
instanceKlass  @bci java/util/stream/Collectors toList ()Ljava/util/stream/Collector; 14 <appendix> argL0 ; # java/util/stream/Collectors$$Lambda+0x000000002f0219f0
instanceKlass  @bci java/util/stream/Collectors toList ()Ljava/util/stream/Collector; 9 <appendix> argL0 ; # java/util/stream/Collectors$$Lambda+0x000000002f0217b8
instanceKlass  @bci java/util/stream/Collectors toList ()Ljava/util/stream/Collector; 4 <appendix> argL0 ; # java/util/stream/Collectors$$Lambda+0x000000002f021590
instanceKlass  @bci com/google/inject/spi/BindingSourceRestriction$PermitMapConstruction pushModule (Ljava/lang/Class;Lcom/google/inject/spi/ModuleSource;)V 5 <appendix> member <vmtarget> ; # com/google/inject/spi/BindingSourceRestriction$PermitMapConstruction$$Lambda+0x000000002f091f70
instanceKlass  @bci com/google/inject/spi/BindingSourceRestriction getPermits (Ljava/lang/Class;)Ljava/util/stream/Stream; 43 <appendix> argL0 ; # com/google/inject/spi/BindingSourceRestriction$$Lambda+0x000000002f091d18
instanceKlass  @bci com/google/inject/spi/BindingSourceRestriction getPermits (Ljava/lang/Class;)Ljava/util/stream/Stream; 33 <appendix> argL0 ; # com/google/inject/spi/BindingSourceRestriction$$Lambda+0x000000002f091ad0
instanceKlass  @cpi com/sun/tools/javac/code/Scope$FilterImportScope 171 form vmentry <vmtarget> ; # java/lang/invoke/LambdaForm$DMH+0x000000002f094000
instanceKlass java/util/stream/Streams$2
instanceKlass java/util/stream/Streams$ConcatSpliterator
instanceKlass sun/reflect/annotation/AnnotatedTypeFactory$AnnotatedTypeBaseImpl
instanceKlass java/lang/reflect/AnnotatedType
instanceKlass sun/reflect/annotation/AnnotatedTypeFactory
instanceKlass sun/reflect/annotation/TypeAnnotation$LocationInfo$Location
instanceKlass sun/reflect/annotation/TypeAnnotation$LocationInfo
instanceKlass sun/reflect/generics/tree/ClassSignature
instanceKlass sun/reflect/generics/tree/Signature
instanceKlass sun/reflect/generics/tree/ClassTypeSignature
instanceKlass sun/reflect/generics/tree/SimpleClassTypeSignature
instanceKlass sun/reflect/generics/tree/FieldTypeSignature
instanceKlass sun/reflect/generics/tree/BaseType
instanceKlass sun/reflect/generics/tree/TypeSignature
instanceKlass sun/reflect/generics/tree/ReturnType
instanceKlass sun/reflect/generics/tree/TypeArgument
instanceKlass sun/reflect/generics/tree/FormalTypeParameter
instanceKlass sun/reflect/generics/tree/TypeTree
instanceKlass sun/reflect/generics/tree/Tree
instanceKlass sun/reflect/generics/parser/SignatureParser
instanceKlass java/lang/reflect/TypeVariable
instanceKlass sun/reflect/generics/repository/AbstractRepository
instanceKlass sun/reflect/annotation/TypeAnnotation
instanceKlass sun/reflect/annotation/TypeAnnotationParser
instanceKlass java/lang/Class$AnnotationData
instanceKlass com/google/inject/RestrictedBindingSource
instanceKlass com/google/inject/spi/BindingSourceRestriction
instanceKlass com/google/inject/spi/ModuleSource
instanceKlass com/google/inject/internal/ProviderMethodsModule
instanceKlass com/google/inject/spi/BindingSourceRestriction$PermitMapConstruction$PermitMapImpl
instanceKlass com/google/inject/spi/BindingSourceRestriction$PermitMap
instanceKlass com/google/inject/spi/BindingSourceRestriction$PermitMapConstruction
instanceKlass com/google/common/collect/Hashing
instanceKlass com/google/common/math/IntMath$1
instanceKlass com/google/common/math/MathPreconditions
instanceKlass com/google/common/math/IntMath
instanceKlass com/google/inject/internal/AbstractBindingBuilder
instanceKlass com/google/inject/binder/ConstantBindingBuilder
instanceKlass com/google/inject/binder/AnnotatedElementBuilder
instanceKlass com/google/inject/spi/Elements$RecordingBinder
instanceKlass com/google/inject/Binding
instanceKlass com/google/inject/spi/DefaultBindingTargetVisitor
instanceKlass com/google/inject/spi/BindingTargetVisitor
instanceKlass com/google/inject/spi/Elements
instanceKlass com/google/inject/internal/InjectorShell$RootModule
instanceKlass com/google/common/collect/ListMultimap
instanceKlass com/google/inject/internal/InjectorBindingData
instanceKlass java/util/concurrent/atomic/AtomicReferenceArray
instanceKlass java/util/concurrent/Future
instanceKlass com/google/common/cache/LocalCache$LoadingValueReference
instanceKlass java/util/concurrent/ConcurrentLinkedQueue$Node
instanceKlass com/google/common/cache/Weigher
instanceKlass com/google/common/base/Predicate
instanceKlass com/google/common/base/Equivalence
instanceKlass java/util/function/BiPredicate
instanceKlass com/google/common/base/MoreObjects
instanceKlass com/google/common/cache/LocalCache$1
instanceKlass com/google/common/cache/ReferenceEntry
instanceKlass com/google/common/cache/CacheLoader
instanceKlass com/google/common/cache/LocalCache$LocalManualCache
instanceKlass  @bci com/google/inject/internal/WeakKeySet <init> (Ljava/lang/Object;)V 12 <appendix> member <vmtarget> ; # com/google/inject/internal/WeakKeySet$$Lambda+0x000000002f086e18
instanceKlass  @cpi com/sun/tools/javac/code/Symtab 1410 form vmentry <vmtarget> ; # java/lang/invoke/LambdaForm$DMH+0x000000002f078400
instanceKlass java/util/AbstractMap$SimpleImmutableEntry
instanceKlass com/google/common/cache/RemovalListener
instanceKlass com/google/common/cache/LocalCache$ValueReference
instanceKlass com/google/common/cache/CacheBuilder$2
instanceKlass com/google/common/cache/CacheStats
instanceKlass com/google/common/base/Suppliers$SupplierOfInstance
instanceKlass com/google/common/base/Suppliers
instanceKlass com/google/common/cache/CacheBuilder$1
instanceKlass com/google/common/cache/AbstractCache$StatsCounter
instanceKlass com/google/common/cache/LoadingCache
instanceKlass com/google/common/cache/Cache
instanceKlass com/google/common/base/Supplier
instanceKlass com/google/common/cache/CacheBuilder
instanceKlass com/google/inject/internal/WeakKeySet
instanceKlass com/google/common/collect/Sets
instanceKlass com/google/inject/internal/InjectorJitBindingData
instanceKlass java/util/Arrays$ArrayItr
instanceKlass com/google/inject/internal/ProcessedBindingData
instanceKlass com/google/inject/spi/DefaultElementVisitor
instanceKlass com/google/inject/internal/InjectorShell$Builder
instanceKlass com/google/common/collect/Lists
instanceKlass com/google/common/collect/CollectPreconditions
instanceKlass com/google/common/collect/LinkedHashMultimap$MultimapIterationChain
instanceKlass com/google/common/collect/Platform
instanceKlass com/google/common/collect/Multiset
instanceKlass com/google/common/collect/AbstractMultimap
instanceKlass com/google/common/collect/SetMultimap
instanceKlass com/google/common/collect/BiMap
instanceKlass com/google/common/collect/ImmutableMap
instanceKlass com/google/common/base/Converter
instanceKlass com/google/common/base/Function
instanceKlass com/google/common/collect/SortedMapDifference
instanceKlass com/google/common/collect/MapDifference
instanceKlass com/google/common/collect/Maps
instanceKlass com/google/inject/internal/CycleDetectingLock
instanceKlass com/google/common/collect/Multimap
instanceKlass com/google/inject/internal/CycleDetectingLock$CycleDetectingLockFactory
instanceKlass com/google/inject/internal/Initializable
instanceKlass com/google/inject/internal/Initializer
instanceKlass com/google/common/collect/PeekingIterator
instanceKlass com/google/common/collect/UnmodifiableIterator
instanceKlass com/google/common/collect/Iterators
instanceKlass com/google/common/collect/ImmutableCollection$Builder
instanceKlass com/google/common/collect/ImmutableSet$SetBuilderImpl
instanceKlass com/google/inject/internal/util/SourceProvider
instanceKlass com/google/inject/spi/ErrorDetail
instanceKlass com/google/inject/internal/Errors
instanceKlass com/google/common/base/Preconditions
instanceKlass java/util/logging/Logger$SystemLoggerHelper
instanceKlass jdk/internal/logger/BootstrapLogger$BootstrapExecutors
instanceKlass jdk/internal/logger/BootstrapLogger$RedirectedLoggers
instanceKlass java/util/Spliterators$1Adapter
instanceKlass java/util/Spliterators$ArraySpliterator
instanceKlass jdk/internal/logger/BootstrapLogger$DetectBackend
instanceKlass jdk/internal/logger/BootstrapLogger
instanceKlass sun/util/logging/PlatformLogger$ConfigurableBridge
instanceKlass sun/util/logging/PlatformLogger$Bridge
instanceKlass java/lang/System$Logger
instanceKlass  @bci java/util/stream/MatchOps makeRef (Ljava/util/function/Predicate;Ljava/util/stream/MatchOps$MatchKind;)Ljava/util/stream/TerminalOp; 20 <appendix> member <vmtarget> ; # java/util/stream/MatchOps$$Lambda+0x800000004
instanceKlass java/util/stream/MatchOps$BooleanTerminalSink
instanceKlass java/util/stream/MatchOps$MatchOp
instanceKlass java/util/stream/MatchOps
instanceKlass java/util/stream/Streams
instanceKlass java/util/stream/Stream$Builder
instanceKlass java/util/stream/Streams$AbstractStreamBuilderImpl
instanceKlass java/util/stream/ReferencePipeline$7$1FlatMap
instanceKlass  @bci java/util/logging/Level$KnownLevel findByName (Ljava/lang/String;Ljava/util/function/Function;)Ljava/util/Optional; 29 <appendix> argL0 ; # java/util/logging/Level$KnownLevel$$Lambda+0x800000022
instanceKlass  @bci java/util/logging/Level findLevel (Ljava/lang/String;)Ljava/util/logging/Level; 13 <appendix> argL0 ; # java/util/logging/Level$$Lambda+0x80000001f
instanceKlass java/util/Hashtable$Enumerator
instanceKlass java/util/logging/LogManager$VisitedLoggers
instanceKlass  @bci java/util/logging/LogManager$LoggerContext addLocalLogger (Ljava/util/logging/Logger;Z)Z 95 <appendix> form vmentry <vmtarget> ; # java/lang/invoke/LambdaForm$MH+0x000000002f078000
instanceKlass java/lang/invoke/StringConcatFactory
instanceKlass java/lang/System$LoggerFinder
instanceKlass java/util/logging/LogManager$LoggingProviderAccess
instanceKlass sun/util/logging/internal/LoggingProviderImpl$LogManagerAccess
instanceKlass java/util/Collections$SynchronizedMap
instanceKlass java/util/logging/LogManager$LogNode
instanceKlass java/util/logging/LogManager$LoggerContext
instanceKlass java/util/logging/LogManager
instanceKlass java/util/logging/Logger$ConfigurationData
instanceKlass java/util/logging/Logger$LoggerBundle
instanceKlass  @bci java/util/logging/Level$KnownLevel add (Ljava/util/logging/Level;)V 49 <appendix> argL0 ; # java/util/logging/Level$KnownLevel$$Lambda+0x800000021
instanceKlass  @bci java/util/logging/Level$KnownLevel add (Ljava/util/logging/Level;)V 19 <appendix> argL0 ; # java/util/logging/Level$KnownLevel$$Lambda+0x800000020
instanceKlass java/util/logging/Level
instanceKlass java/util/logging/Handler
instanceKlass java/util/logging/Logger
instanceKlass com/google/common/base/Ticker
instanceKlass com/google/common/base/Stopwatch
instanceKlass com/google/inject/internal/util/ContinuousStopwatch
instanceKlass com/google/inject/Injector
instanceKlass com/google/inject/internal/InternalInjectorCreator
instanceKlass com/google/inject/Guice
instanceKlass org/eclipse/sisu/wire/Wiring
instanceKlass org/eclipse/sisu/wire/WireModule$Strategy$1
instanceKlass org/eclipse/sisu/wire/WireModule$Strategy
instanceKlass org/eclipse/sisu/wire/AbstractTypeConverter
instanceKlass com/google/inject/spi/ElementVisitor
instanceKlass org/eclipse/sisu/wire/WireModule
instanceKlass org/eclipse/sisu/bean/BeanBinder
instanceKlass org/eclipse/sisu/plexus/PlexusBindingModule
instanceKlass org/codehaus/plexus/DefaultPlexusContainer$BootModule
instanceKlass org/codehaus/plexus/component/annotations/Configuration
instanceKlass org/eclipse/sisu/plexus/PlexusAnnotatedMetadata
instanceKlass org/eclipse/sisu/plexus/PlexusBeanMetadata
instanceKlass org/eclipse/sisu/plexus/PlexusAnnotatedBeanModule$PlexusAnnotatedBeanSource
instanceKlass org/eclipse/sisu/space/SpaceModule$2
instanceKlass org/eclipse/sisu/space/SpaceModule$Strategy$2
instanceKlass org/eclipse/sisu/space/SpaceModule$Strategy$1
instanceKlass org/eclipse/sisu/space/DefaultClassFinder
instanceKlass org/objectweb/asm/ClassVisitor
instanceKlass org/eclipse/sisu/space/SpaceScanner
instanceKlass org/eclipse/sisu/space/IndexedClassFinder
instanceKlass org/eclipse/sisu/space/ClassFinder
instanceKlass org/eclipse/sisu/space/SpaceModule
instanceKlass org/eclipse/sisu/space/SpaceVisitor
instanceKlass org/eclipse/sisu/plexus/PlexusTypeListener
instanceKlass org/eclipse/sisu/space/QualifiedTypeListener
instanceKlass org/eclipse/sisu/plexus/PlexusAnnotatedBeanModule$1
instanceKlass org/eclipse/sisu/space/SpaceModule$Strategy
instanceKlass org/eclipse/sisu/plexus/PlexusAnnotatedBeanModule
instanceKlass org/eclipse/sisu/plexus/PlexusBeanSource
instanceKlass org/eclipse/sisu/plexus/PlexusXmlBeanModule
instanceKlass org/eclipse/sisu/plexus/PlexusBeanModule
instanceKlass org/eclipse/sisu/space/URLClassSpace
instanceKlass org/codehaus/plexus/DefaultPlexusContainer$SLF4JLoggerFactoryProvider
instanceKlass com/google/inject/util/Providers$ConstantProvider
instanceKlass com/google/inject/util/Providers
instanceKlass org/codehaus/plexus/personality/plexus/lifecycle/phase/Disposable
instanceKlass org/codehaus/plexus/personality/plexus/lifecycle/phase/Startable
instanceKlass org/codehaus/plexus/personality/plexus/lifecycle/phase/Initializable
instanceKlass org/codehaus/plexus/personality/plexus/lifecycle/phase/Contextualizable
instanceKlass org/codehaus/plexus/logging/LogEnabled
instanceKlass org/eclipse/sisu/bean/PropertyBinding
instanceKlass javax/annotation/PreDestroy
instanceKlass javax/annotation/PostConstruct
instanceKlass org/eclipse/sisu/bean/LifecycleBuilder
instanceKlass org/eclipse/sisu/bean/BeanScheduler$1
instanceKlass com/google/inject/spi/DefaultBindingScopingVisitor
instanceKlass com/google/inject/spi/BindingScopingVisitor
instanceKlass org/eclipse/sisu/bean/BeanScheduler$CycleActivator
instanceKlass com/google/inject/PrivateBinder
instanceKlass com/google/inject/MembersInjector
instanceKlass com/google/inject/spi/TypeListener
instanceKlass org/aopalliance/intercept/MethodInterceptor
instanceKlass org/aopalliance/intercept/Interceptor
instanceKlass org/aopalliance/aop/Advice
instanceKlass com/google/inject/binder/AnnotatedConstantBindingBuilder
instanceKlass com/google/inject/spi/Message
instanceKlass com/google/inject/spi/Element
instanceKlass com/google/inject/Scope
instanceKlass com/google/inject/spi/ModuleAnnotatedMethodScanner
instanceKlass com/google/inject/spi/Dependency
instanceKlass com/google/inject/Key
instanceKlass com/google/inject/binder/AnnotatedBindingBuilder
instanceKlass com/google/inject/binder/LinkedBindingBuilder
instanceKlass com/google/inject/binder/ScopedBindingBuilder
instanceKlass com/google/inject/TypeLiteral
instanceKlass com/google/inject/spi/ProvisionListener
instanceKlass com/google/inject/Binder
instanceKlass org/eclipse/sisu/bean/BeanScheduler
instanceKlass org/eclipse/sisu/plexus/DefaultPlexusBeanLocator
instanceKlass org/eclipse/sisu/plexus/RealmManager
instanceKlass org/codehaus/plexus/context/ContextMapAdapter
instanceKlass org/codehaus/plexus/context/DefaultContext
instanceKlass org/codehaus/plexus/logging/AbstractLogger
instanceKlass org/codehaus/plexus/logging/AbstractLoggerManager
instanceKlass java/util/Date
instanceKlass java/text/DigitList
instanceKlass java/text/FieldPosition
instanceKlass java/text/DecimalFormatSymbols
instanceKlass java/text/DateFormatSymbols
instanceKlass sun/util/calendar/CalendarUtils
instanceKlass sun/util/calendar/CalendarDate
instanceKlass sun/util/resources/Bundles$CacheKeyReference
instanceKlass java/util/ResourceBundle$ResourceBundleProviderHelper
instanceKlass  @bci sun/util/cldr/CLDRLocaleProviderAdapter applyAliases (Ljava/util/Locale;)Ljava/util/Locale; 4 <appendix> argL0 ; # sun/util/cldr/CLDRLocaleProviderAdapter$$Lambda+0x80000005a
instanceKlass sun/util/resources/Bundles$CacheKey
instanceKlass java/util/ResourceBundle$1
instanceKlass jdk/internal/access/JavaUtilResourceBundleAccess
instanceKlass sun/util/resources/Bundles
instanceKlass sun/util/resources/LocaleData$LocaleDataStrategy
instanceKlass sun/util/resources/Bundles$Strategy
instanceKlass sun/util/resources/LocaleData
instanceKlass sun/util/locale/provider/LocaleResources
instanceKlass java/util/stream/Node$Builder
instanceKlass java/util/stream/AbstractSpinedBuffer
instanceKlass java/util/stream/Node$OfDouble
instanceKlass java/util/stream/Node$OfLong
instanceKlass java/util/stream/Node$OfInt
instanceKlass java/util/stream/Node$OfPrimitive
instanceKlass java/util/stream/Nodes$EmptyNode
instanceKlass java/util/stream/Node
instanceKlass java/util/stream/Nodes
instanceKlass  @bci sun/util/locale/provider/LocaleProviderAdapter toLocaleArray (Ljava/util/Set;)[Ljava/util/Locale; 21 <appendix> argL0 ; # sun/util/locale/provider/LocaleProviderAdapter$$Lambda+0x80000005d
instanceKlass java/util/function/IntFunction
instanceKlass java/util/stream/DistinctOps
instanceKlass  @bci sun/util/locale/provider/LocaleProviderAdapter toLocaleArray (Ljava/util/Set;)[Ljava/util/Locale; 6 <appendix> argL0 ; # sun/util/locale/provider/LocaleProviderAdapter$$Lambda+0x80000005b
instanceKlass java/util/Spliterators$IteratorSpliterator
instanceKlass java/util/Spliterators
instanceKlass  @bci java/util/ResourceBundle$Control getCandidateLocales (Ljava/lang/String;Ljava/util/Locale;)Ljava/util/List; 23 <appendix> argL0 ; # java/util/ResourceBundle$Control$$Lambda+0x80000001d
instanceKlass  @bci java/util/ResourceBundle$Control <clinit> ()V 39 <appendix> argL0 ; # java/util/ResourceBundle$Control$$Lambda+0x80000001e
instanceKlass java/util/ResourceBundle
instanceKlass java/util/ResourceBundle$Control
instanceKlass sun/util/locale/provider/CalendarDataUtility$CalendarWeekParameterGetter
instanceKlass sun/util/locale/provider/LocaleServiceProviderPool$LocalizedObjectGetter
instanceKlass sun/util/locale/provider/LocaleServiceProviderPool
instanceKlass java/util/Locale$Builder
instanceKlass sun/util/locale/provider/CalendarDataUtility
instanceKlass sun/util/calendar/CalendarSystem$GregorianHolder
instanceKlass sun/util/calendar/CalendarSystem
instanceKlass java/util/Calendar$Builder
instanceKlass sun/util/locale/provider/AvailableLanguageTags
instanceKlass java/util/ServiceLoader$ProviderImpl
instanceKlass java/util/ServiceLoader$Provider
instanceKlass sun/util/resources/cldr/provider/CLDRLocaleDataMetaInfo
instanceKlass jdk/internal/module/ModulePatcher$PatchedModuleReader
instanceKlass java/util/ServiceLoader$2
instanceKlass java/util/ServiceLoader$1
instanceKlass java/util/ServiceLoader$LazyClassPathLookupIterator
instanceKlass java/util/concurrent/CopyOnWriteArrayList$COWIterator
instanceKlass java/util/ServiceLoader$ModuleServicesLookupIterator
instanceKlass java/util/ServiceLoader
instanceKlass sun/util/locale/InternalLocaleBuilder$CaseInsensitiveChar
instanceKlass sun/util/locale/InternalLocaleBuilder
instanceKlass sun/util/locale/StringTokenIterator
instanceKlass java/text/ParsePosition
instanceKlass sun/util/cldr/CLDRBaseLocaleDataMetaInfo
instanceKlass sun/util/locale/provider/LocaleDataMetaInfo
instanceKlass sun/util/locale/provider/ResourceBundleBasedAdapter
instanceKlass sun/util/locale/provider/LocaleProviderAdapter
instanceKlass java/util/spi/LocaleServiceProvider
instanceKlass sun/util/calendar/ZoneInfoFile$ZoneOffsetTransitionRule
instanceKlass java/lang/invoke/VarHandle$AccessDescriptor
instanceKlass java/lang/invoke/VarForm
instanceKlass java/lang/invoke/VarHandleGuards
instanceKlass java/lang/invoke/VarHandles
instanceKlass jdk/internal/util/ByteArray
instanceKlass sun/util/calendar/ZoneInfoFile
instanceKlass java/time/ZoneId
instanceKlass java/util/TimeZone
instanceKlass java/util/Calendar
instanceKlass java/text/AttributedCharacterIterator$Attribute
instanceKlass com/google/inject/matcher/AbstractMatcher
instanceKlass com/google/inject/matcher/Matcher
instanceKlass com/google/inject/spi/TypeConverter
instanceKlass org/codehaus/plexus/DefaultPlexusContainer$LoggerProvider
instanceKlass org/codehaus/plexus/DefaultPlexusContainer$DefaultsModule
instanceKlass org/codehaus/plexus/DefaultPlexusContainer$ContainerModule
instanceKlass java/util/concurrent/locks/ReentrantReadWriteLock$WriteLock
instanceKlass java/util/concurrent/locks/ReentrantReadWriteLock$ReadLock
instanceKlass java/util/concurrent/locks/ReentrantReadWriteLock
instanceKlass java/util/concurrent/locks/ReadWriteLock
instanceKlass org/eclipse/sisu/inject/ImplicitBindings
instanceKlass org/eclipse/sisu/inject/MildValues$InverseMapping
instanceKlass org/eclipse/sisu/inject/MildValues
instanceKlass org/eclipse/sisu/inject/Weak
instanceKlass sun/reflect/misc/ReflectUtil
instanceKlass java/util/concurrent/atomic/AtomicReferenceFieldUpdater
instanceKlass org/eclipse/sisu/inject/RankedSequence$Content
instanceKlass org/eclipse/sisu/inject/RankedSequence
instanceKlass org/eclipse/sisu/inject/BindingSubscriber
instanceKlass org/eclipse/sisu/inject/DefaultBeanLocator
instanceKlass org/eclipse/sisu/inject/DeferredClass
instanceKlass org/codehaus/plexus/DefaultPlexusContainer$LoggerManagerProvider
instanceKlass org/eclipse/sisu/inject/DeferredProvider
instanceKlass com/google/inject/Provider
instanceKlass com/google/inject/AbstractModule
instanceKlass org/codehaus/plexus/context/Context
instanceKlass org/eclipse/sisu/inject/BindingPublisher
instanceKlass org/eclipse/sisu/inject/RankingFunction
instanceKlass org/eclipse/sisu/space/ClassSpace
instanceKlass javax/inject/Provider
instanceKlass org/eclipse/sisu/bean/BeanManager
instanceKlass org/eclipse/sisu/plexus/PlexusBeanLocator
instanceKlass org/codehaus/plexus/classworlds/ClassWorldListener
instanceKlass com/google/inject/Module
instanceKlass org/eclipse/sisu/inject/MutableBeanLocator
instanceKlass org/eclipse/sisu/inject/BeanLocator
instanceKlass org/codehaus/plexus/DefaultPlexusContainer
instanceKlass org/codehaus/plexus/MutablePlexusContainer
instanceKlass java/util/stream/ReduceOps$AccumulatingSink
instanceKlass java/util/stream/ReduceOps$Box
instanceKlass java/util/stream/ReduceOps$ReduceOp
instanceKlass java/util/stream/ReduceOps
instanceKlass  @bci java/util/function/Function andThen (Ljava/util/function/Function;)Ljava/util/function/Function; 7 <appendix> member <vmtarget> ; # java/util/function/Function$$Lambda+0x000000002f014b10
instanceKlass  @cpi java/util/function/Function 58 form vmentry <vmtarget> ; # java/lang/invoke/LambdaForm$DMH+0x000000002f052400
instanceKlass  @bci org/apache/maven/extension/internal/CoreExports <init> (Lorg/codehaus/plexus/classworlds/realm/ClassRealm;Ljava/util/Set;Ljava/util/Set;)V 38 <appendix> argL0 ; # org/apache/maven/extension/internal/CoreExports$$Lambda+0x000000002f05f250
instanceKlass  @bci java/util/stream/Collectors castingIdentity ()Ljava/util/function/Function; 0 <appendix> argL0 ; # java/util/stream/Collectors$$Lambda+0x800000042
instanceKlass  @bci java/util/stream/Collectors uniqKeysMapMerger ()Ljava/util/function/BinaryOperator; 0 <appendix> argL0 ; # java/util/stream/Collectors$$Lambda+0x000000002f0148c0
instanceKlass java/util/function/BinaryOperator
instanceKlass  @bci java/util/stream/Collectors uniqKeysMapAccumulator (Ljava/util/function/Function;Ljava/util/function/Function;)Ljava/util/function/BiConsumer; 2 <appendix> member <vmtarget> ; # java/util/stream/Collectors$$Lambda+0x000000002f014680
instanceKlass  @bci java/util/stream/Collectors toMap (Ljava/util/function/Function;Ljava/util/function/Function;)Ljava/util/stream/Collector; 4 <appendix> argL0 ; # java/util/stream/Collectors$$Lambda+0x000000002f014458
instanceKlass java/util/stream/Collector
instanceKlass java/util/stream/Collectors
instanceKlass  @bci org/apache/maven/extension/internal/CoreExports <init> (Lorg/codehaus/plexus/classworlds/realm/ClassRealm;Ljava/util/Set;Ljava/util/Set;)V 30 <appendix> member <vmtarget> ; # org/apache/maven/extension/internal/CoreExports$$Lambda+0x000000002f05f000
instanceKlass  @bci java/util/function/Function identity ()Ljava/util/function/Function; 0 <appendix> argL0 ; # java/util/function/Function$$Lambda+0x000000002f014010
instanceKlass java/lang/classfile/constantpool/InterfaceMethodRefEntry
instanceKlass java/util/HashMap$HashMapSpliterator
instanceKlass org/apache/maven/extension/internal/CoreExports
instanceKlass java/util/Collections$UnmodifiableCollection$1
instanceKlass org/codehaus/plexus/DefaultContainerConfiguration
instanceKlass org/codehaus/plexus/ContainerConfiguration
instanceKlass org/codehaus/plexus/util/BaseIOUtil
instanceKlass org/codehaus/plexus/util/xml/XMLWriter
instanceKlass org/codehaus/plexus/util/xml/Xpp3Dom
instanceKlass org/codehaus/plexus/util/xml/pull/MXParser
instanceKlass org/codehaus/plexus/util/xml/pull/XmlPullParser
instanceKlass org/codehaus/plexus/util/xml/Xpp3DomBuilder
instanceKlass java/util/regex/ASCII
instanceKlass  @bci java/util/regex/CharPredicates ASCII_SPACE ()Ljava/util/regex/Pattern$BmpCharPredicate; 0 <appendix> argL0 ; # java/util/regex/CharPredicates$$Lambda+0x800000025
instanceKlass  @bci java/util/regex/Pattern DOT ()Ljava/util/regex/Pattern$CharPredicate; 0 <appendix> argL0 ; # java/util/regex/Pattern$$Lambda+0x000000002f0126a8
instanceKlass  @bci java/util/regex/Pattern union (Ljava/util/regex/Pattern$CharPredicate;Ljava/util/regex/Pattern$CharPredicate;Z)Ljava/util/regex/Pattern$CharPredicate; 14 <appendix> member <vmtarget> ; # java/util/regex/Pattern$$Lambda+0x000000002f011fc8
instanceKlass org/codehaus/plexus/util/ReaderFactory
instanceKlass org/apache/maven/project/ExtensionDescriptor
instanceKlass org/apache/maven/project/ExtensionDescriptorBuilder
instanceKlass org/apache/maven/extension/internal/CoreExtensionEntry
instanceKlass org/codehaus/plexus/logging/Logger
instanceKlass org/apache/maven/cli/logging/Slf4jLoggerManager
instanceKlass org/slf4j/impl/MavenSlf4jSimpleFriend
instanceKlass org/slf4j/MavenSlf4jFriend
instanceKlass  @bci org/apache/commons/cli/CommandLine getOptionValue (Ljava/lang/String;Ljava/lang/String;)Ljava/lang/String; 7 <appendix> member <vmtarget> ; # org/apache/commons/cli/CommandLine$$Lambda+0x000000002f05b468
instanceKlass org/apache/maven/cli/logging/impl/Slf4jSimpleConfiguration$1
instanceKlass org/apache/maven/cli/logging/BaseSlf4jConfiguration
instanceKlass org/codehaus/plexus/util/PropertyUtils
instanceKlass org/apache/maven/cli/logging/Slf4jConfiguration
instanceKlass org/apache/maven/cli/logging/Slf4jConfigurationFactory
instanceKlass org/slf4j/impl/OutputChoice
instanceKlass java/io/FileInputStream$1
instanceKlass org/slf4j/impl/SimpleLoggerConfiguration$1
instanceKlass java/text/Format
instanceKlass org/slf4j/impl/SimpleLoggerConfiguration
instanceKlass org/slf4j/helpers/NamedLoggerBase
instanceKlass org/slf4j/impl/SimpleLoggerFactory
instanceKlass org/slf4j/impl/StaticLoggerBinder
instanceKlass org/slf4j/spi/LoggerFactoryBinder
instanceKlass java/util/Collections$3
instanceKlass java/net/URLClassLoader$1
instanceKlass jdk/internal/loader/URLClassPath$1
instanceKlass java/lang/CompoundEnumeration
instanceKlass jdk/internal/loader/BuiltinClassLoader$1
instanceKlass java/util/Collections$EmptyEnumeration
instanceKlass org/slf4j/helpers/Util
instanceKlass org/slf4j/helpers/NOPLoggerFactory
instanceKlass java/util/concurrent/LinkedBlockingQueue$Node
instanceKlass java/util/concurrent/locks/AbstractQueuedSynchronizer$ConditionObject
instanceKlass java/util/concurrent/locks/Condition
instanceKlass java/util/concurrent/BlockingQueue
instanceKlass org/slf4j/helpers/SubstituteLoggerFactory
instanceKlass org/slf4j/ILoggerFactory
instanceKlass org/slf4j/event/LoggingEvent
instanceKlass org/slf4j/LoggerFactory
instanceKlass java/util/LinkedList$ListItr
instanceKlass org/codehaus/plexus/util/StringUtils
instanceKlass org/apache/maven/cli/CLIReportingUtils
instanceKlass  @bci org/apache/maven/cli/MavenCli populateProperties (Lorg/apache/maven/cli/CliRequest;Ljava/util/Properties;Ljava/util/Properties;)V 236 <appendix> argL0 ; # org/apache/maven/cli/MavenCli$$Lambda+0x000000002f057988
instanceKlass  @cpi com/sun/tools/javac/code/DeferredLintHandler 210 form vmentry <vmtarget> ; # java/lang/invoke/LambdaForm$DMH+0x000000002f052000
instanceKlass java/util/function/BiConsumer
instanceKlass org/codehaus/plexus/interpolation/SimpleRecursionInterceptor
instanceKlass org/codehaus/plexus/interpolation/AbstractValueSource
instanceKlass org/codehaus/plexus/interpolation/RecursionInterceptor
instanceKlass org/codehaus/plexus/interpolation/StringSearchInterpolator
instanceKlass org/codehaus/plexus/interpolation/Interpolator
instanceKlass org/codehaus/plexus/interpolation/BasicInterpolator
instanceKlass org/apache/maven/properties/internal/SystemProperties
instanceKlass java/util/concurrent/ConcurrentHashMap$MapEntry
instanceKlass java/util/Collections$SynchronizedCollection
instanceKlass java/util/Properties$EntrySet
instanceKlass java/util/Collections$UnmodifiableMap$UnmodifiableEntrySet$UnmodifiableEntry
instanceKlass java/util/Collections$UnmodifiableMap$UnmodifiableEntrySet$1
instanceKlass org/codehaus/plexus/util/Os
instanceKlass org/apache/maven/properties/internal/EnvironmentUtils
instanceKlass  @bci org/apache/commons/cli/CommandLine getOptionValues (Lorg/apache/commons/cli/Option;)[Ljava/lang/String; 21 <appendix> member <vmtarget> ; # org/apache/commons/cli/CommandLine$$Lambda+0x000000002f055b60
instanceKlass  @cpi com/sun/tools/javac/comp/Annotate 1392 form vmentry <vmtarget> ; # java/lang/invoke/LambdaForm$DMH+0x000000002f051c00
instanceKlass java/util/stream/Sink$ChainedReference
instanceKlass java/util/stream/FindOps$FindOp
instanceKlass java/util/stream/TerminalOp
instanceKlass  @bci java/util/stream/FindOps$FindSink$OfRef <clinit> ()V 6 <appendix> argL0 ; # java/util/stream/FindOps$FindSink$OfRef$$Lambda+0x800000048
instanceKlass  @bci java/util/stream/FindOps$FindSink$OfRef <clinit> ()V 0 <appendix> argL0 ; # java/util/stream/FindOps$FindSink$OfRef$$Lambda+0x800000049
instanceKlass java/util/stream/FindOps$FindSink
instanceKlass java/util/stream/TerminalSink
instanceKlass java/util/stream/Sink
instanceKlass java/util/stream/FindOps
instanceKlass  @bci org/apache/commons/cli/CommandLine resolveOption (Ljava/lang/String;)Lorg/apache/commons/cli/Option; 19 <appendix> member <vmtarget> ; # org/apache/commons/cli/CommandLine$$Lambda+0x000000002f055900
instanceKlass java/util/function/Predicate
instanceKlass java/util/EnumMap$1
instanceKlass java/util/stream/StreamOpFlag$MaskBuilder
instanceKlass java/util/stream/Stream
instanceKlass java/util/stream/BaseStream
instanceKlass java/util/stream/PipelineHelper
instanceKlass java/util/stream/StreamSupport
instanceKlass java/util/ArrayList$ArrayListSpliterator
instanceKlass java/util/Spliterator
instanceKlass java/util/LinkedList$Node
instanceKlass java/util/AbstractList$Itr
instanceKlass org/apache/commons/cli/DefaultParser
instanceKlass org/apache/commons/cli/Util
instanceKlass  @bci org/apache/commons/cli/CommandLine$Builder <clinit> ()V 0 <appendix> argL0 ; # org/apache/commons/cli/CommandLine$Builder$$Lambda+0x000000002f054fc0
instanceKlass  @cpi org/apache/commons/cli/CommandLine$Builder 105 form vmentry <vmtarget> ; # java/lang/invoke/LambdaForm$DMH+0x000000002f051800
instanceKlass  @cpi com/sun/tools/javac/code/DeferredCompletionFailureHandler$1 101 form vmentry <vmtarget> ; # java/lang/invoke/LambdaForm$DMH+0x000000002f051400
instanceKlass org/apache/commons/cli/CommandLine$Builder
instanceKlass org/apache/commons/cli/CommandLine
instanceKlass java/util/Collections$UnmodifiableCollection
instanceKlass java/util/LinkedHashMap$LinkedHashIterator
instanceKlass  @bci org/apache/commons/cli/Parser parse (Lorg/apache/commons/cli/Options;[Ljava/lang/String;Ljava/util/Properties;Z)Lorg/apache/commons/cli/CommandLine; 4 <appendix> argL0 ; # org/apache/commons/cli/Parser$$Lambda+0x000000002f054778
instanceKlass  @cpi org/eclipse/aether/internal/impl/synccontext/named/NamedLockFactoryAdapterFactoryImpl 350 form vmentry <vmtarget> ; # java/lang/invoke/LambdaForm$DMH+0x000000002f051000
instanceKlass org/apache/commons/cli/Parser
instanceKlass org/apache/maven/cli/CleanArgument
instanceKlass org/apache/commons/cli/OptionValidator
instanceKlass org/apache/commons/cli/Option$Builder
instanceKlass org/apache/commons/cli/Option
instanceKlass org/apache/commons/cli/Options
instanceKlass org/apache/commons/cli/CommandLineParser
instanceKlass org/apache/maven/cli/CLIManager
instanceKlass org/apache/maven/cli/logging/Slf4jStdoutLogger
instanceKlass sun/nio/fs/WindowsPath$1
instanceKlass sun/nio/fs/WindowsLinkSupport
instanceKlass org/eclipse/aether/DefaultRepositoryCache
instanceKlass org/apache/maven/project/ProjectBuildingRequest
instanceKlass org/apache/maven/execution/DefaultMavenExecutionRequest
instanceKlass org/apache/maven/execution/MavenExecutionRequest
instanceKlass java/lang/Shutdown$Lock
instanceKlass java/lang/Shutdown
instanceKlass java/lang/ApplicationShutdownHooks$1
instanceKlass java/lang/ApplicationShutdownHooks
instanceKlass java/lang/Thread$ThreadNumbering
instanceKlass  @bci org/fusesource/jansi/AnsiConsole ansiStream (Z)Lorg/fusesource/jansi/AnsiPrintStream; 310 <appendix> member <vmtarget> ; # org/fusesource/jansi/AnsiConsole$$Lambda+0x000000002f04c438
instanceKlass  @bci org/fusesource/jansi/AnsiConsole ansiStream (Z)Lorg/fusesource/jansi/AnsiPrintStream; 299 <adapter> ; # java/lang/invoke/LambdaForm$MH+0x000000002f050c00
# instanceKlass java/lang/invoke/LambdaForm$DMH+0x000000002f050800
instanceKlass  @bci org/fusesource/jansi/AnsiConsole ansiStream (Z)Lorg/fusesource/jansi/AnsiPrintStream; 299 <appendix> form vmentry <vmtarget> ; # java/lang/invoke/LambdaForm$DMH+0x000000002f050400
instanceKlass  @bci org/fusesource/jansi/AnsiConsole ansiStream (Z)Lorg/fusesource/jansi/AnsiPrintStream; 299 <appendix> member <vmtarget> ; # org/fusesource/jansi/AnsiConsole$$Lambda+0x000000002f04c208
instanceKlass  @cpi org/fusesource/jansi/AnsiConsole 319 form vmentry <vmtarget> ; # java/lang/invoke/LambdaForm$DMH+0x000000002f050000
instanceKlass org/fusesource/jansi/io/AnsiOutputStream$IoRunnable
instanceKlass org/fusesource/jansi/AnsiConsole$1
instanceKlass java/util/regex/IntHashSet
instanceKlass java/util/regex/Matcher
instanceKlass java/util/regex/MatchResult
instanceKlass java/util/Properties$LineReader
instanceKlass org/fusesource/jansi/internal/Kernel32
instanceKlass jdk/internal/loader/NativeLibraries$Unloader
instanceKlass sun/net/www/MessageHeader
instanceKlass sun/net/www/protocol/jar/JarFileFactory
instanceKlass sun/net/www/protocol/jar/URLJarFile$URLJarFileCloseController
instanceKlass java/net/URLConnection
instanceKlass jdk/internal/jimage/ImageLocation
instanceKlass jdk/internal/jimage/decompressor/Decompressor
instanceKlass jdk/internal/jimage/ImageStringsReader
instanceKlass jdk/internal/jimage/ImageStrings
instanceKlass jdk/internal/jimage/ImageHeader
instanceKlass jdk/internal/reflect/Reflection$1Holder
instanceKlass jdk/internal/jimage/NativeImageBuffer$1
instanceKlass jdk/internal/jimage/NativeImageBuffer
instanceKlass java/security/AccessControlContext
instanceKlass java/security/AccessController
instanceKlass jdk/internal/jimage/BasicImageReader$1
instanceKlass java/security/PrivilegedAction
instanceKlass jdk/internal/jimage/BasicImageReader
instanceKlass jdk/internal/jimage/ImageReader
instanceKlass jdk/internal/jimage/ImageReaderFactory$1
# instanceKlass java/lang/invoke/LambdaForm$MH+0x000000002f049c00
instanceKlass org/fusesource/jansi/internal/OSInfo
instanceKlass sun/reflect/annotation/AnnotationParser
instanceKlass jdk/internal/jimage/ImageReaderFactory
instanceKlass jdk/internal/module/SystemModuleFinders$SystemImage
instanceKlass jdk/internal/module/SystemModuleFinders$SystemModuleReader
instanceKlass java/lang/module/ModuleReader
instanceKlass jdk/internal/loader/BuiltinClassLoader$2
instanceKlass jdk/internal/module/Resources
instanceKlass org/fusesource/jansi/internal/JansiLoader$1
instanceKlass  @bci org/fusesource/jansi/internal/JansiLoader initialize ()Z 10 <appendix> argL0 ; # org/fusesource/jansi/internal/JansiLoader$$Lambda+0x000000002f04af40
instanceKlass org/fusesource/jansi/internal/JansiLoader
instanceKlass org/fusesource/jansi/internal/CLibrary
instanceKlass java/util/TreeMap$Entry
instanceKlass java/lang/ProcessEnvironment$CheckedEntry
instanceKlass java/lang/ProcessEnvironment$CheckedEntrySet$1
instanceKlass java/lang/ProcessEnvironment$EntryComparator
instanceKlass java/lang/ProcessEnvironment$NameComparator
instanceKlass org/fusesource/jansi/io/AnsiProcessor
instanceKlass org/fusesource/jansi/io/AnsiOutputStream$WidthSupplier
instanceKlass org/fusesource/jansi/AnsiConsole
instanceKlass  @bci org/fusesource/jansi/Ansi <clinit> ()V 26 <appendix> argL0 ; # org/fusesource/jansi/Ansi$$Lambda+0x000000002f047620
instanceKlass  @cpi jdk/internal/jrtfs/SystemImage 218 form vmentry <vmtarget> ; # java/lang/invoke/LambdaForm$DMH+0x000000002f049800
instanceKlass java/util/concurrent/Callable
instanceKlass org/fusesource/jansi/Ansi
instanceKlass org/apache/maven/shared/utils/logging/LoggerLevelRenderer
instanceKlass org/apache/maven/shared/utils/logging/MessageBuilder
instanceKlass org/apache/maven/shared/utils/logging/MessageUtils
instanceKlass  @bci jdk/internal/reflect/DirectMethodHandleAccessor invokeImpl (Ljava/lang/Object;[Ljava/lang/Object;)Ljava/lang/Object; 72 <adapter> ; # java/lang/invoke/LambdaForm$MH+0x000000002f049400
# instanceKlass java/lang/invoke/LambdaForm$MH+0x000000002f049000
# instanceKlass java/lang/invoke/LambdaForm$MH+0x000000002f048c00
# instanceKlass java/lang/invoke/LambdaForm$MH+0x000000002f048800
# instanceKlass java/lang/invoke/LambdaForm$MH+0x000000002f048400
instanceKlass sun/invoke/util/ValueConversions$WrapperCache
# instanceKlass java/lang/invoke/LambdaForm$MH+0x000000002f048000
instanceKlass java/lang/invoke/LambdaFormBuffer
instanceKlass java/lang/invoke/LambdaFormEditor$TransformKey
instanceKlass java/lang/invoke/LambdaFormEditor
instanceKlass java/lang/invoke/DelegatingMethodHandle$Holder
instanceKlass jdk/internal/reflect/MethodHandleAccessorFactory$LazyStaticHolder
instanceKlass  @bci java/util/regex/Pattern negate (Ljava/util/regex/Pattern$CharPredicate;)Ljava/util/regex/Pattern$CharPredicate; 1 <appendix> member <vmtarget> ; # java/util/regex/Pattern$$Lambda+0x80000002f
instanceKlass  @bci java/util/regex/Pattern Range (II)Ljava/util/regex/Pattern$CharPredicate; 23 <appendix> member <vmtarget> ; # java/util/regex/Pattern$$Lambda+0x800000028
instanceKlass  @bci java/util/regex/Pattern union (Ljava/util/regex/Pattern$CharPredicate;Ljava/util/regex/Pattern$CharPredicate;Z)Ljava/util/regex/Pattern$CharPredicate; 6 <appendix> member <vmtarget> ; # java/util/regex/Pattern$$Lambda+0x800000030
instanceKlass  @bci java/util/regex/CharPredicates ASCII_DIGIT ()Ljava/util/regex/Pattern$BmpCharPredicate; 0 <appendix> argL0 ; # java/util/regex/CharPredicates$$Lambda+0x800000024
instanceKlass java/util/regex/CharPredicates
instanceKlass java/util/regex/Pattern$BitClass
instanceKlass java/util/regex/Pattern$TreeInfo
instanceKlass  @bci java/util/regex/Pattern Single (I)Ljava/util/regex/Pattern$BmpCharPredicate; 1 <appendix> member <vmtarget> ; # java/util/regex/Pattern$$Lambda+0x800000027
instanceKlass java/util/regex/Pattern$BmpCharPredicate
instanceKlass java/util/regex/Pattern$CharPredicate
instanceKlass java/util/regex/Pattern$Node
instanceKlass java/util/regex/Pattern
instanceKlass org/apache/maven/cli/CliRequest
instanceKlass org/codehaus/plexus/interpolation/ValueSource
instanceKlass org/apache/maven/toolchain/building/ToolchainsBuildingRequest
instanceKlass org/apache/maven/building/Source
instanceKlass org/codehaus/plexus/logging/LoggerManager
instanceKlass org/slf4j/Logger
instanceKlass org/apache/maven/execution/ExecutionListener
instanceKlass org/eclipse/aether/transfer/TransferListener
instanceKlass org/apache/maven/exception/ExceptionHandler
instanceKlass org/eclipse/aether/RepositoryCache
instanceKlass org/apache/maven/eventspy/EventSpy$Context
instanceKlass org/codehaus/plexus/PlexusContainer
instanceKlass org/apache/maven/cli/MavenCli
instanceKlass  @bci java/util/zip/ZipFile$Source initCEN (ILjava/util/zip/ZipCoder;)V 507 <appendix> argL0 ; # java/util/zip/ZipFile$Source$$Lambda+0x000000002f0045d0
instanceKlass java/util/TreeMap$PrivateEntryIterator
instanceKlass java/util/TimSort
instanceKlass java/util/Arrays$LegacyMergeSort
instanceKlass java/lang/invoke/DirectMethodHandle$2
instanceKlass java/lang/invoke/ClassSpecializer$Factory
instanceKlass java/lang/invoke/ClassSpecializer$SpeciesData
instanceKlass java/lang/invoke/ClassSpecializer$1
instanceKlass jdk/internal/vm/annotation/Stable
instanceKlass java/lang/invoke/ClassSpecializer
instanceKlass  @bci org/codehaus/plexus/classworlds/launcher/Configurator associateRealms ()V 18 <appendix> argL0 ; # org/codehaus/plexus/classworlds/launcher/Configurator$$Lambda+0x000000002f042b38
instanceKlass java/lang/invoke/Invokers$Holder
instanceKlass java/lang/invoke/MethodHandleImpl$1
instanceKlass jdk/internal/access/JavaLangInvokeAccess
instanceKlass  @bci org/codehaus/plexus/classworlds/launcher/ConfigurationParser loadGlob (Ljava/lang/String;Z)V 83 <appendix> member <vmtarget> ; # org/codehaus/plexus/classworlds/launcher/ConfigurationParser$$Lambda+0x000000002f042908
instanceKlass java/lang/invoke/TypeConvertingMethodAdapter
instanceKlass java/lang/invoke/InnerClassLambdaMetafactory$6
instanceKlass java/lang/invoke/InnerClassLambdaMetafactory$3
instanceKlass java/lang/classfile/Interfaces
instanceKlass java/util/ImmutableCollections$Access$1
instanceKlass jdk/internal/access/JavaUtilCollectionAccess
instanceKlass java/util/ImmutableCollections$Access
instanceKlass java/lang/invoke/InnerClassLambdaMetafactory$1
instanceKlass java/lang/invoke/LambdaProxyClassArchive
instanceKlass java/lang/invoke/InfoFromMemberName
instanceKlass java/lang/invoke/MethodHandleInfo
instanceKlass java/lang/invoke/AbstractValidatingLambdaMetafactory
instanceKlass java/lang/invoke/BootstrapMethodInvoker
instanceKlass  @cpi org/codehaus/plexus/classworlds/launcher/ConfigurationParser 340 form vmentry <vmtarget> ; # java/lang/invoke/LambdaForm$DMH+0x000000002f043000
instanceKlass jdk/internal/util/ModifiedUtf
instanceKlass jdk/internal/classfile/impl/ClassReaderImpl
instanceKlass java/lang/classfile/ClassReader
instanceKlass jdk/internal/classfile/impl/ClassHierarchyImpl$CachedClassHierarchyResolver$1
instanceKlass java/lang/classfile/ClassHierarchyResolver$ClassHierarchyInfo
instanceKlass jdk/internal/classfile/impl/ClassHierarchyImpl$CachedClassHierarchyResolver
instanceKlass jdk/internal/classfile/impl/ClassHierarchyImpl$ClassLoadingClassHierarchyResolver$1
instanceKlass jdk/internal/classfile/impl/ClassHierarchyImpl$ClassLoadingClassHierarchyResolver
instanceKlass java/lang/classfile/ClassHierarchyResolver
instanceKlass jdk/internal/classfile/impl/ClassHierarchyImpl
instanceKlass jdk/internal/classfile/impl/RawBytecodeHelper$1
instanceKlass jdk/internal/classfile/impl/RawBytecodeHelper
instanceKlass jdk/internal/classfile/impl/StackMapGenerator$Frame
instanceKlass jdk/internal/classfile/impl/StackMapGenerator
instanceKlass jdk/internal/classfile/impl/AnnotationReader
instanceKlass java/lang/classfile/CustomAttribute
instanceKlass jdk/internal/classfile/impl/TerminalFieldBuilder
instanceKlass java/lang/classfile/FieldBuilder
instanceKlass java/lang/invoke/InvokerBytecodeGenerator$2
instanceKlass jdk/internal/classfile/impl/BytecodeHelpers
instanceKlass sun/invoke/empty/Empty
instanceKlass java/lang/classfile/constantpool/MethodRefEntry
instanceKlass sun/invoke/util/VerifyType
instanceKlass jdk/internal/classfile/impl/DirectCodeBuilder$8
instanceKlass java/lang/classfile/instruction/LabelTarget
instanceKlass java/lang/classfile/Label
instanceKlass jdk/internal/classfile/impl/BufWriterImpl
instanceKlass java/lang/classfile/BufWriter
instanceKlass java/lang/classfile/instruction/LocalVariableType
instanceKlass java/lang/classfile/instruction/LocalVariable
instanceKlass java/lang/classfile/instruction/CharacterRange
instanceKlass java/lang/classfile/PseudoInstruction
instanceKlass java/lang/classfile/CodeElement
instanceKlass jdk/internal/classfile/impl/TerminalCodeBuilder
instanceKlass jdk/internal/classfile/impl/LabelContext
instanceKlass java/lang/classfile/CodeBuilder
instanceKlass java/lang/invoke/InvokerBytecodeGenerator$4$1
instanceKlass java/lang/classfile/constantpool/FieldRefEntry
instanceKlass java/lang/classfile/constantpool/MemberRefEntry
instanceKlass java/lang/classfile/constantpool/NameAndTypeEntry
instanceKlass jdk/internal/classfile/impl/TerminalMethodBuilder
instanceKlass jdk/internal/classfile/impl/MethodInfo
instanceKlass java/lang/classfile/MethodBuilder
instanceKlass java/lang/invoke/InvokerBytecodeGenerator$4
instanceKlass java/lang/classfile/attribute/SourceFileAttribute
instanceKlass java/lang/classfile/Superclass
instanceKlass jdk/internal/classfile/impl/AttributeHolder
instanceKlass java/lang/classfile/ClassBuilder
instanceKlass java/lang/classfile/ClassFileBuilder
instanceKlass jdk/internal/classfile/impl/AbstractDirectBuilder
instanceKlass java/lang/invoke/InvokerBytecodeGenerator$1
instanceKlass jdk/internal/classfile/impl/ClassFileImpl
instanceKlass java/lang/classfile/ClassFile
instanceKlass java/lang/invoke/InvokerBytecodeGenerator$3
instanceKlass java/util/function/Consumer
instanceKlass java/lang/classfile/constantpool/ClassEntry
instanceKlass java/lang/classfile/constantpool/LoadableConstantEntry
instanceKlass jdk/internal/classfile/impl/Util
instanceKlass jdk/internal/classfile/impl/EntryMap
instanceKlass jdk/internal/classfile/impl/BootstrapMethodEntryImpl
instanceKlass java/lang/classfile/BootstrapMethodEntry
instanceKlass jdk/internal/classfile/impl/SplitConstantPool
instanceKlass java/io/FilenameFilter
instanceKlass java/lang/invoke/InvokerBytecodeGenerator$8
instanceKlass jdk/internal/classfile/impl/AbstractAttributeMapper
instanceKlass java/lang/classfile/AttributeMapper
instanceKlass java/lang/classfile/Attributes
instanceKlass jdk/internal/classfile/impl/Util$Writable
instanceKlass jdk/internal/classfile/impl/AbstractElement
instanceKlass java/lang/classfile/attribute/RuntimeVisibleAnnotationsAttribute
instanceKlass java/lang/classfile/FieldElement
instanceKlass java/lang/classfile/MethodElement
instanceKlass java/lang/classfile/ClassElement
instanceKlass java/lang/classfile/Attribute
instanceKlass java/lang/classfile/ClassFileElement
instanceKlass java/lang/classfile/constantpool/Utf8Entry
instanceKlass java/lang/classfile/constantpool/AnnotationConstantValueEntry
instanceKlass java/lang/classfile/constantpool/PoolEntry
instanceKlass jdk/internal/classfile/impl/AbstractPoolEntry
instanceKlass jdk/internal/classfile/impl/TemporaryConstantPool
instanceKlass java/lang/classfile/constantpool/ConstantPoolBuilder
instanceKlass java/lang/classfile/constantpool/ConstantPool
instanceKlass java/lang/classfile/Annotation
instanceKlass java/lang/classfile/AnnotationElement
instanceKlass java/lang/invoke/InvokerBytecodeGenerator
instanceKlass java/lang/invoke/LambdaForm$Holder
instanceKlass java/lang/invoke/LambdaForm$Name
instanceKlass java/lang/reflect/Array
instanceKlass java/lang/invoke/Invokers
instanceKlass sun/invoke/util/ValueConversions
instanceKlass java/lang/invoke/DirectMethodHandle$Holder
instanceKlass java/lang/invoke/LambdaForm$NamedFunction
instanceKlass java/lang/constant/DynamicConstantDesc
instanceKlass jdk/internal/constant/DirectMethodHandleDescImpl$1
instanceKlass jdk/internal/constant/DirectMethodHandleDescImpl
instanceKlass java/lang/constant/DirectMethodHandleDesc
instanceKlass java/lang/constant/MethodHandleDesc$1
instanceKlass java/lang/constant/MethodHandleDesc
instanceKlass jdk/internal/constant/MethodTypeDescImpl
instanceKlass java/lang/constant/MethodTypeDesc
instanceKlass jdk/internal/constant/ConstantUtils
instanceKlass jdk/internal/constant/ArrayClassDescImpl
instanceKlass jdk/internal/constant/ClassOrInterfaceDescImpl
instanceKlass java/lang/constant/ClassDesc
instanceKlass java/lang/constant/ConstantDescs
instanceKlass sun/invoke/util/Wrapper$Format
instanceKlass java/lang/invoke/MethodTypeForm
instanceKlass java/lang/invoke/MethodType$1
instanceKlass java/lang/invoke/LambdaMetafactory
instanceKlass java/util/ArrayList$Itr
instanceKlass org/codehaus/plexus/classworlds/strategy/AbstractStrategy
instanceKlass org/codehaus/plexus/classworlds/strategy/Strategy
instanceKlass org/codehaus/plexus/classworlds/strategy/StrategyFactory
instanceKlass java/util/NavigableMap
instanceKlass java/util/SortedMap
instanceKlass java/util/NavigableSet
instanceKlass java/util/SortedSet
instanceKlass java/util/SequencedSet
instanceKlass sun/nio/ch/IOStatus
instanceKlass sun/nio/ch/Util$BufferCache
instanceKlass sun/nio/ch/Util
instanceKlass jdk/internal/misc/Blocker
instanceKlass sun/nio/ch/NativeThread
instanceKlass java/nio/charset/CoderResult
instanceKlass java/io/Reader
instanceKlass java/lang/Readable
instanceKlass org/codehaus/plexus/classworlds/launcher/ConfigurationParser
instanceKlass org/codehaus/plexus/classworlds/launcher/Configurator
instanceKlass org/codehaus/plexus/classworlds/launcher/ConfigurationHandler
instanceKlass sun/nio/ch/SelChImpl
instanceKlass java/nio/channels/NetworkChannel
instanceKlass sun/nio/ch/Streams
instanceKlass java/nio/channels/Channels
instanceKlass sun/nio/ch/FileChannelImpl$Closer
instanceKlass sun/nio/ch/NativeThreadSet
instanceKlass java/nio/channels/spi/AbstractInterruptibleChannel$1
instanceKlass sun/nio/ch/Interruptible
instanceKlass sun/nio/ch/IOUtil
instanceKlass sun/nio/ch/NativeDispatcher
instanceKlass java/nio/channels/ScatteringByteChannel
instanceKlass java/nio/channels/GatheringByteChannel
instanceKlass java/nio/channels/SeekableByteChannel
instanceKlass java/nio/channels/ByteChannel
instanceKlass java/nio/channels/WritableByteChannel
instanceKlass java/nio/channels/ReadableByteChannel
instanceKlass java/nio/channels/spi/AbstractInterruptibleChannel
instanceKlass java/nio/channels/InterruptibleChannel
instanceKlass java/nio/channels/Channel
instanceKlass java/util/Collections$EmptyIterator
instanceKlass sun/nio/fs/WindowsChannelFactory$Flags
instanceKlass sun/nio/fs/WindowsChannelFactory$1
instanceKlass sun/nio/fs/WindowsChannelFactory
instanceKlass sun/nio/fs/WindowsSecurityDescriptor
instanceKlass java/nio/file/attribute/FileAttribute
instanceKlass java/net/URI$Parser
instanceKlass java/nio/file/FileSystems$DefaultFileSystemHolder
instanceKlass java/nio/file/FileSystems
instanceKlass java/nio/file/Paths
instanceKlass java/lang/PublicMethods$Key
instanceKlass java/lang/PublicMethods$MethodList
instanceKlass org/codehaus/plexus/classworlds/ClassWorld
instanceKlass jdk/internal/misc/MethodFinder
instanceKlass org/codehaus/plexus/classworlds/launcher/Launcher
instanceKlass java/security/PermissionCollection
instanceKlass java/security/SecureClassLoader$1
instanceKlass java/util/zip/Checksum$1
instanceKlass java/util/zip/CRC32
instanceKlass java/util/zip/Checksum
instanceKlass sun/nio/ByteBuffered
instanceKlass java/lang/Package$VersionInfo
instanceKlass java/lang/NamedPackage
instanceKlass java/util/SequencedMap
instanceKlass java/util/jar/Attributes
instanceKlass jdk/internal/loader/Resource
instanceKlass sun/security/util/Debug
instanceKlass sun/security/util/SignatureFileVerifier
instanceKlass java/util/zip/ZipFile$InflaterCleanupAction
instanceKlass java/util/zip/Inflater$InflaterZStreamRef
instanceKlass java/util/zip/Inflater
instanceKlass java/util/zip/ZipEntry
instanceKlass java/nio/Bits$1
instanceKlass jdk/internal/misc/VM$BufferPool
instanceKlass java/nio/Bits
instanceKlass sun/nio/ch/DirectBuffer
instanceKlass jdk/internal/perf/PerfCounter$CoreCounters
instanceKlass jdk/internal/perf/Perf
instanceKlass jdk/internal/perf/PerfCounter
instanceKlass java/util/Locale$LocaleCache
instanceKlass jdk/internal/util/StrongReferenceKey
instanceKlass jdk/internal/util/ReferenceKey
instanceKlass jdk/internal/util/ReferencedKeyMap$1
instanceKlass jdk/internal/util/ReferencedKeyMap
instanceKlass sun/util/locale/BaseLocale$1InterningCache
instanceKlass sun/util/locale/LocaleUtils
instanceKlass java/util/Locale
instanceKlass java/nio/file/attribute/FileTime
instanceKlass java/util/zip/ZipUtils
instanceKlass java/util/zip/ZipFile$Source$End
instanceKlass java/io/RandomAccessFile$2
instanceKlass jdk/internal/access/JavaIORandomAccessFileAccess
instanceKlass java/io/RandomAccessFile
instanceKlass java/io/DataInput
instanceKlass java/io/DataOutput
instanceKlass sun/nio/fs/WindowsNativeDispatcher$CompletionStatus
instanceKlass sun/nio/fs/WindowsNativeDispatcher$AclInformation
instanceKlass sun/nio/fs/WindowsNativeDispatcher$Account
instanceKlass sun/nio/fs/WindowsNativeDispatcher$DiskFreeSpace
instanceKlass sun/nio/fs/WindowsNativeDispatcher$VolumeInformation
instanceKlass sun/nio/fs/WindowsNativeDispatcher$FirstStream
instanceKlass sun/nio/fs/WindowsNativeDispatcher$FirstFile
instanceKlass java/util/Enumeration
instanceKlass java/util/concurrent/ConcurrentHashMap$Traverser
instanceKlass jdk/internal/loader/NativeLibraries$2
instanceKlass jdk/internal/loader/NativeLibrary
instanceKlass java/util/ArrayDeque$DeqIterator
instanceKlass jdk/internal/loader/NativeLibraries$NativeLibraryContext$1
instanceKlass jdk/internal/loader/NativeLibraries$NativeLibraryContext
instanceKlass jdk/internal/loader/NativeLibraries$1
instanceKlass jdk/internal/loader/NativeLibraries$LibraryPaths
instanceKlass sun/nio/fs/WindowsNativeDispatcher
instanceKlass sun/nio/fs/NativeBuffer$Deallocator
instanceKlass sun/nio/fs/NativeBuffer
instanceKlass java/lang/ThreadLocal$ThreadLocalMap
instanceKlass java/lang/ThreadLocal
instanceKlass sun/nio/fs/NativeBuffers
instanceKlass sun/nio/fs/WindowsFileAttributes
instanceKlass java/nio/file/attribute/DosFileAttributes
instanceKlass sun/nio/fs/AbstractBasicFileAttributeView
instanceKlass sun/nio/fs/DynamicFileAttributeView
instanceKlass sun/nio/fs/WindowsFileAttributeViews
instanceKlass sun/nio/fs/Util
instanceKlass java/nio/file/attribute/BasicFileAttributeView
instanceKlass java/nio/file/attribute/FileAttributeView
instanceKlass java/nio/file/attribute/AttributeView
instanceKlass java/nio/file/Files
instanceKlass java/nio/file/CopyOption
instanceKlass java/nio/file/attribute/BasicFileAttributes
instanceKlass sun/nio/fs/WindowsPath
instanceKlass java/nio/file/Path
instanceKlass java/nio/file/Watchable
instanceKlass java/util/zip/ZipFile$Source$Key
instanceKlass sun/nio/fs/WindowsPathParser
instanceKlass java/nio/file/FileSystem
instanceKlass java/nio/file/OpenOption
instanceKlass java/nio/file/spi/FileSystemProvider
instanceKlass sun/nio/fs/DefaultFileSystemProvider
instanceKlass java/util/zip/ZipFile$Source
instanceKlass java/lang/ref/Cleaner$Cleanable
instanceKlass jdk/internal/ref/CleanerImpl$CleanableList$Node
instanceKlass jdk/internal/ref/CleanerImpl$CleanableList
instanceKlass jdk/internal/ref/CleanerImpl
instanceKlass java/lang/ref/Cleaner$1
instanceKlass java/lang/ref/Cleaner
instanceKlass jdk/internal/ref/CleanerFactory$1
instanceKlass java/util/concurrent/ThreadFactory
instanceKlass jdk/internal/ref/CleanerFactory
instanceKlass java/util/zip/ZipFile$CleanableResource
instanceKlass java/util/zip/ZipCoder
instanceKlass java/lang/Runtime$Version
instanceKlass java/util/jar/JavaUtilJarAccessImpl
instanceKlass jdk/internal/access/JavaUtilJarAccess
instanceKlass jdk/internal/loader/FileURLMapper
instanceKlass java/util/zip/ZipFile$1
instanceKlass jdk/internal/access/JavaUtilZipFileAccess
instanceKlass java/util/BitSet
instanceKlass java/util/zip/ZipFile
instanceKlass java/util/zip/ZipConstants
instanceKlass jdk/internal/loader/URLClassPath$Loader
instanceKlass sun/net/util/URLUtil
instanceKlass java/lang/StringCoding
instanceKlass sun/nio/cs/SingleByte
instanceKlass sun/nio/cs/MS1252$Holder
instanceKlass sun/nio/cs/ArrayDecoder
instanceKlass java/nio/charset/CharsetDecoder
instanceKlass sun/launcher/LauncherHelper
instanceKlass jdk/internal/vm/ContinuationSupport
instanceKlass java/lang/ModuleLayer$Controller
instanceKlass java/util/concurrent/CopyOnWriteArrayList
instanceKlass jdk/internal/module/ServicesCatalog$ServiceProvider
instanceKlass jdk/internal/loader/AbstractClassLoaderValue$Memoizer
instanceKlass java/util/ImmutableCollections$ListItr
instanceKlass java/util/ListIterator
instanceKlass java/util/ImmutableCollections$Set12$1
instanceKlass jdk/internal/loader/BuiltinClassLoader$LoadedModule
instanceKlass java/lang/Module$EnableNativeAccess
instanceKlass jdk/internal/loader/BootLoader
instanceKlass java/util/Optional
instanceKlass java/util/ImmutableCollections$SetN$SetNIterator
instanceKlass jdk/internal/loader/AbstractClassLoaderValue
instanceKlass jdk/internal/module/ServicesCatalog
instanceKlass java/util/Deque
instanceKlass java/util/Queue
instanceKlass sun/net/util/IPAddressUtil$MASKS
instanceKlass sun/net/util/IPAddressUtil
instanceKlass java/net/URLStreamHandler
instanceKlass java/lang/StringUTF16
instanceKlass sun/net/www/ParseUtil
instanceKlass java/net/URL$1
instanceKlass jdk/internal/access/JavaNetURLAccess
instanceKlass java/net/URL$DefaultFactory
instanceKlass java/net/URLStreamHandlerFactory
instanceKlass jdk/internal/loader/URLClassPath
instanceKlass java/util/concurrent/ConcurrentHashMap$CollectionView
instanceKlass jdk/internal/loader/ClassLoaderHelper
instanceKlass jdk/internal/loader/NativeLibraries
instanceKlass java/security/Principal
instanceKlass java/lang/ClassLoader$ParallelLoaders
instanceKlass java/security/cert/Certificate
instanceKlass jdk/internal/loader/ArchivedClassLoaders
instanceKlass java/net/URI$1
instanceKlass jdk/internal/access/JavaNetUriAccess
instanceKlass jdk/internal/module/ArchivedBootLayer
instanceKlass jdk/internal/module/ModuleBootstrap$Counters
instanceKlass jdk/internal/module/ModuleLoaderMap$Modules
instanceKlass jdk/internal/module/ModuleLoaderMap
instanceKlass jdk/internal/module/ModulePatcher
instanceKlass jdk/internal/util/DecimalDigits
instanceKlass java/io/FileSystem
instanceKlass java/io/DefaultFileSystem
instanceKlass java/io/File
instanceKlass java/lang/module/ModuleDescriptor$1
instanceKlass jdk/internal/access/JavaLangModuleAccess
instanceKlass sun/invoke/util/VerifyAccess
instanceKlass java/util/KeyValueHolder
instanceKlass java/util/ImmutableCollections$MapN$MapNIterator
instanceKlass java/lang/invoke/MethodHandles$Lookup
instanceKlass java/lang/invoke/MemberName$Factory
instanceKlass java/lang/invoke/MethodHandles
instanceKlass jdk/internal/module/ModuleBootstrap
instanceKlass java/util/HexFormat
instanceKlass jdk/internal/util/ClassFileDumper
instanceKlass java/lang/CharacterData
instanceKlass java/lang/invoke/MethodHandleStatics
instanceKlass java/util/Collections
instanceKlass java/lang/Thread$ThreadIdentifiers
instanceKlass sun/io/Win32ErrorMode
instanceKlass jdk/internal/misc/OSEnvironment
instanceKlass jdk/internal/misc/Signal$NativeHandler
instanceKlass java/util/Hashtable$Entry
instanceKlass jdk/internal/misc/Signal
instanceKlass java/lang/Terminator$1
instanceKlass jdk/internal/misc/Signal$Handler
instanceKlass java/lang/Terminator
instanceKlass java/nio/ByteOrder
instanceKlass java/nio/Buffer$2
instanceKlass jdk/internal/access/JavaNioAccess
instanceKlass java/nio/Buffer$1
instanceKlass jdk/internal/misc/ScopedMemoryAccess
instanceKlass java/nio/charset/CodingErrorAction
instanceKlass java/nio/charset/CharsetEncoder
instanceKlass java/io/Writer
instanceKlass java/io/OutputStream
instanceKlass java/io/Flushable
instanceKlass java/io/FileDescriptor$1
instanceKlass jdk/internal/access/JavaIOFileDescriptorAccess
instanceKlass java/io/FileDescriptor
instanceKlass jdk/internal/util/StaticProperty
instanceKlass jdk/internal/reflect/MethodHandleAccessorFactory
instanceKlass jdk/internal/reflect/Reflection
instanceKlass java/lang/reflect/Modifier
instanceKlass java/lang/Class$Atomic
instanceKlass java/lang/Class$ReflectionData
instanceKlass java/nio/charset/StandardCharsets
instanceKlass sun/nio/cs/HistoricallyNamedCharset
instanceKlass java/util/Arrays
instanceKlass jdk/internal/util/Preconditions$3
instanceKlass jdk/internal/util/Preconditions$2
instanceKlass jdk/internal/util/Preconditions$4
instanceKlass java/util/function/BiFunction
instanceKlass jdk/internal/util/Preconditions$1
instanceKlass jdk/internal/util/Preconditions
instanceKlass java/nio/charset/spi/CharsetProvider
instanceKlass java/nio/charset/Charset
instanceKlass java/util/HashMap$HashIterator
instanceKlass java/util/concurrent/locks/LockSupport
instanceKlass java/util/concurrent/ConcurrentHashMap$Node
instanceKlass java/util/concurrent/ConcurrentHashMap$CounterCell
instanceKlass java/util/concurrent/locks/ReentrantLock
instanceKlass java/util/concurrent/locks/Lock
instanceKlass java/lang/Runtime
instanceKlass java/lang/VersionProps
instanceKlass java/lang/StringConcatHelper
instanceKlass jdk/internal/util/ArraysSupport
instanceKlass java/lang/StringLatin1
instanceKlass java/lang/StrictMath
instanceKlass jdk/internal/util/SystemProps$Raw
instanceKlass jdk/internal/util/SystemProps
instanceKlass java/lang/System$1
instanceKlass jdk/internal/access/JavaLangAccess
instanceKlass java/lang/ref/ReferenceQueue$Lock
instanceKlass java/lang/ref/ReferenceQueue
instanceKlass java/lang/ref/Reference$1
instanceKlass jdk/internal/access/JavaLangRefAccess
instanceKlass java/lang/Math
instanceKlass java/io/ObjectStreamClass
instanceKlass jdk/internal/reflect/ReflectionFactory
instanceKlass jdk/internal/access/SharedSecrets
instanceKlass java/lang/reflect/ReflectAccess
instanceKlass jdk/internal/access/JavaLangReflectAccess
instanceKlass java/util/Objects
instanceKlass jdk/internal/misc/CDS
instanceKlass java/lang/Module$ArchivedData
instanceKlass jdk/internal/misc/VM
instanceKlass java/lang/String$CaseInsensitiveComparator
instanceKlass java/util/Comparator
instanceKlass java/io/ObjectStreamField
instanceKlass jdk/internal/math/FDBigInteger
instanceKlass java/lang/ModuleLayer
instanceKlass java/util/ImmutableCollections
instanceKlass jdk/internal/module/ModuleLoaderMap$Mapper
instanceKlass java/util/function/Function
instanceKlass java/lang/module/ResolvedModule
instanceKlass java/lang/module/Configuration
instanceKlass java/util/HashMap$Node
instanceKlass java/util/Map$Entry
instanceKlass java/util/Collections$UnmodifiableMap
instanceKlass jdk/internal/module/ModuleHashes
instanceKlass jdk/internal/module/ModuleTarget
instanceKlass java/lang/module/ModuleDescriptor$Provides
instanceKlass java/lang/module/ModuleDescriptor$Opens
instanceKlass jdk/internal/module/SystemModuleFinders$2
instanceKlass jdk/internal/module/ModuleHashes$HashSupplier
instanceKlass jdk/internal/module/SystemModuleFinders$1
instanceKlass java/util/function/Supplier
instanceKlass java/net/URI
instanceKlass java/lang/module/ModuleDescriptor$Exports
instanceKlass java/lang/module/ModuleDescriptor$Requires
instanceKlass java/lang/module/ModuleDescriptor$Version
instanceKlass java/lang/module/ModuleDescriptor
instanceKlass java/lang/module/ModuleReference
instanceKlass java/util/Set
instanceKlass jdk/internal/module/SystemModuleFinders$SystemModuleFinder
instanceKlass java/lang/module/ModuleFinder
instanceKlass jdk/internal/module/ArchivedModuleGraph
instanceKlass sun/util/locale/BaseLocale
instanceKlass java/util/jar/Attributes$Name
instanceKlass java/lang/Character$CharacterCache
instanceKlass java/lang/Short$ShortCache
instanceKlass java/lang/Byte$ByteCache
instanceKlass java/lang/Long$LongCache
instanceKlass java/lang/Integer$IntegerCache
instanceKlass jdk/internal/vm/FillerObject
instanceKlass jdk/internal/vm/vector/VectorSupport$VectorPayload
instanceKlass jdk/internal/vm/vector/VectorSupport
instanceKlass java/lang/reflect/RecordComponent
instanceKlass java/util/Iterator
instanceKlass java/lang/Void
instanceKlass java/lang/Number
instanceKlass java/lang/Character
instanceKlass java/lang/Boolean
instanceKlass java/util/concurrent/locks/AbstractOwnableSynchronizer
instanceKlass java/lang/LiveStackFrame
instanceKlass java/lang/ClassFrameInfo
instanceKlass java/lang/StackWalker$StackFrame
instanceKlass java/lang/StackStreamFactory$AbstractStackWalker
instanceKlass java/lang/StackWalker
instanceKlass java/nio/Buffer
instanceKlass java/lang/StackTraceElement
instanceKlass java/util/RandomAccess
instanceKlass java/util/List
instanceKlass java/util/SequencedCollection
instanceKlass java/util/AbstractCollection
instanceKlass java/util/Collection
instanceKlass java/lang/Iterable
instanceKlass java/util/concurrent/ConcurrentMap
instanceKlass java/util/AbstractMap
instanceKlass java/security/CodeSource
instanceKlass jdk/internal/loader/ClassLoaders
instanceKlass java/util/jar/Manifest
instanceKlass java/lang/Enum
instanceKlass java/net/URL
instanceKlass java/io/InputStream
instanceKlass java/io/Closeable
instanceKlass java/lang/AutoCloseable
instanceKlass jdk/internal/module/Modules
instanceKlass jdk/internal/misc/Unsafe
instanceKlass jdk/internal/misc/UnsafeConstants
instanceKlass java/lang/AbstractStringBuilder
instanceKlass java/lang/Appendable
instanceKlass java/lang/AssertionStatusDirectives
instanceKlass jdk/internal/foreign/abi/ABIDescriptor
instanceKlass jdk/internal/foreign/abi/NativeEntryPoint
instanceKlass java/lang/invoke/CallSite
instanceKlass java/lang/invoke/MethodType
instanceKlass java/lang/invoke/TypeDescriptor$OfMethod
instanceKlass java/lang/invoke/LambdaForm
instanceKlass java/lang/invoke/MethodHandleNatives
instanceKlass java/lang/invoke/MethodHandleImpl
instanceKlass java/lang/invoke/ResolvedMethodName
instanceKlass java/lang/invoke/MemberName
instanceKlass java/lang/invoke/VarHandle
instanceKlass java/lang/invoke/MethodHandle
instanceKlass jdk/internal/reflect/ConstructorAccessorImpl
instanceKlass jdk/internal/reflect/ConstructorAccessor
instanceKlass jdk/internal/reflect/CallerSensitive
instanceKlass java/lang/annotation/Annotation
instanceKlass jdk/internal/reflect/ConstantPool
instanceKlass jdk/internal/reflect/MethodAccessorImpl
instanceKlass jdk/internal/reflect/MethodAccessor
instanceKlass jdk/internal/vm/StackChunk
instanceKlass jdk/internal/vm/Continuation
instanceKlass jdk/internal/vm/ContinuationScope
instanceKlass java/lang/reflect/Parameter
instanceKlass java/lang/reflect/Member
instanceKlass java/lang/reflect/AccessibleObject
instanceKlass java/lang/Module
instanceKlass java/util/Map
instanceKlass java/util/Dictionary
instanceKlass java/lang/ThreadGroup
instanceKlass java/lang/Thread$UncaughtExceptionHandler
instanceKlass java/lang/Thread$Constants
instanceKlass java/lang/Thread$FieldHolder
instanceKlass java/lang/Thread
instanceKlass java/lang/Runnable
instanceKlass java/lang/ref/Reference
instanceKlass java/lang/Record
instanceKlass java/security/ProtectionDomain
instanceKlass java/lang/Throwable
instanceKlass java/lang/System
instanceKlass java/lang/ClassLoader
instanceKlass java/lang/Cloneable
instanceKlass java/lang/Class
instanceKlass java/lang/invoke/TypeDescriptor$OfField
instanceKlass java/lang/invoke/TypeDescriptor
instanceKlass java/lang/reflect/Type
instanceKlass java/lang/reflect/GenericDeclaration
instanceKlass java/lang/reflect/AnnotatedElement
instanceKlass java/lang/String
instanceKlass java/lang/constant/ConstantDesc
instanceKlass java/lang/constant/Constable
instanceKlass java/lang/CharSequence
instanceKlass java/lang/Comparable
instanceKlass java/io/Serializable
ciInstanceKlass java/lang/Object 1 1 115 7 1 10 12 1 1 10 7 12 1 1 1 10 7 12 1 1 1 10 12 1 1 8 1 10 12 1 1 10 7 12 1 1 1 10 12 1 10 12 1 1 100 1 8 1 10 12 1 10 7 12 1 1 1 7 1 10 12 1 7 1 10 12 1 1 8 1 3 8 1 100 1 5 0 1 1 1 1 1 1 1 1 1 1 1 1 1 1 1 1 7 1 1 1 1 1 1 1 1 1 1 1 1 1 7 1 1 1 1 1 1 3 1 1
ciMethod java/lang/Object equals (Ljava/lang/Object;)Z 520 0 7777 0 88
ciMethod java/lang/Object hashCode ()I 256 0 128 0 -1
ciMethod java/lang/Object clone ()Ljava/lang/Object; 256 0 128 0 -1
ciInstanceKlass java/io/Serializable 1 0 7 100 1 100 1 1 1
ciInstanceKlass java/lang/System 1 1 591 10 100 12 1 1 1 10 7 12 1 1 1 10 12 1 1 10 12 1 9 12 1 1 10 7 12 1 1 1 11 100 12 1 1 1 10 100 12 1 1 1 10 12 1 1 100 1 8 1 10 12 1 9 12 1 1 9 12 1 1 10 7 12 1 1 1 10 7 12 1 1 1 10 12 1 1 10 12 1 10 7 12 1 1 1 10 12 1 10 12 1 1 7 1 10 12 1 1 100 1 8 1 10 10 12 1 1 100 1 8 1 10 10 7 12 1 1 10 12 10 100 12 1 1 10 7 12 1 1 1 100 1 8 1 10 10 100 12 1 1 1 10 100 12 1 1 1 100 1 10 100 12 1 1 1 10 12 1 1 10 7 12 1 1 1 10 12 1 1 10 12 1 10 12 1 8 1 10 12 1 1 10 12 1 1 8 1 10 12 1 7 1 7 1 10 12 1 9 7 12 1 1 1 10 7 12 1 1 1 10 12 1 10 12 1 10 7 12 1 1 1 100 1 8 1 10 9 12 1 1 9 12 1 10 12 1 10 100 12 1 1 10 12 1 10 12 1 1 100 1 10 8 1 10 12 1 1 10 12 1 10 12 1 1 10 12 1 1 8 1 11 7 12 1 1 10 12 11 12 1 1 11 7 12 1 1 1 11 7 12 1 1 11 12 1 1 7 1 11 12 1 10 12 1 8 1 10 12 1 1 8 1 8 1 8 1 8 1 11 12 1 10 12 1 1 10 12 1 10 12 1 8 1 10 12 1 1 8 1 9 12 1 8 1 10 7 12 1 1 8 1 7 1 9 7 12 1 1 1 10 12 1 7 1 9 12 10 9 12 7 1 10 12 9 12 1 1 8 1 10 12 1 1 8 1 9 12 1 10 7 12 1 1 10 12 1 10 12 1 1 11 7 12 1 1 10 12 10 7 12 1 1 1 9 12 1 1 100 1 100 1 8 1 10 12 1 1 10 12 1 8 1 8 1 10 8 1 8 1 8 1 8 1 8 1 10 8 1 10 7 12 1 1 1 10 7 12 1 1 1 10 12 1 1 7 1 10 10 12 1 10 12 1 9 12 1 1 1 1 1 1 1 1 1 1 1 1 100 1 1 100 1 1 1 1 1 1 1 1 1 1 3 1 1 1 1 1 1 1 1 1 1 1 1 1 1 1 1 1 1 1 1 1 1 1 1 1 1 1 1 1 1 1 1 1 1 1 1 1 1 1 1 1 1 1 1 1 1 1 1 1 1 1 100 1 1 1 1 1 1 1 1 1 1 1 1 1 1 1 1 1 1 1 1 1 1 1 1 1 100 1 100 1 1 1 1 1 1 1 1
staticfield java/lang/System in Ljava/io/InputStream; java/io/BufferedInputStream
staticfield java/lang/System out Ljava/io/PrintStream; org/fusesource/jansi/AnsiPrintStream
staticfield java/lang/System err Ljava/io/PrintStream; org/fusesource/jansi/AnsiPrintStream
instanceKlass java/security/Security$1
instanceKlass java/security/Provider
ciInstanceKlass java/util/Properties 1 1 690 10 7 12 1 1 1 100 1 10 7 12 1 1 7 1 10 12 1 9 12 1 1 9 12 1 1 9 12 1 1 10 7 12 1 1 1 10 12 1 1 8 1 10 7 12 1 1 1 7 1 10 12 1 10 12 1 1 8 1 10 12 1 7 1 10 12 10 12 1 1 9 12 1 1 10 12 1 1 7 1 10 12 1 10 12 1 10 12 1 1 100 1 8 1 10 12 1 10 12 1 10 12 1 1 10 12 1 100 1 3 10 10 100 12 1 1 1 10 12 1 10 12 1 1 8 1 10 12 1 10 12 1 1 8 1 10 100 12 1 1 10 12 1 1 10 12 1 10 12 1 1 100 1 10 12 1 10 12 1 1 100 1 9 100 12 1 1 1 10 12 1 10 12 1 1 10 12 1 1 10 12 1 1 100 1 9 12 1 1 7 1 100 1 10 12 1 100 1 11 7 12 1 1 1 11 12 1 1 11 100 12 1 1 1 11 7 12 1 1 1 11 12 1 1 11 12 1 11 12 1 10 12 1 1 8 1 10 12 1 10 100 12 1 1 10 12 1 100 1 10 10 12 1 10 12 1 100 1 10 10 12 1 1 10 100 12 1 1 9 100 12 1 1 10 12 1 1 10 100 12 1 1 1 100 1 100 1 100 1 10 8 1 8 1 10 12 1 10 12 1 10 12 1 1 10 10 12 1 1 10 12 1 1 100 1 10 10 12 1 11 7 12 1 1 10 7 12 1 1 1 8 1 10 100 12 1 1 11 11 7 1 8 1 10 100 1 11 10 12 1 10 10 12 1 10 12 1 1 10 12 1 1 10 12 1 1 10 12 1 10 12 1 10 10 12 1 10 12 1 10 12 1 10 10 12 1 1 10 12 1 1 10 10 12 1 10 12 1 10 12 1 10 12 1 10 12 1 1 10 12 1 1 10 12 1 10 12 1 10 12 1 1 10 12 10 12 1 1 10 12 1 1 10 12 1 10 12 1 1 10 12 1 1 10 12 10 11 12 1 4 11 10 12 1 1 10 100 12 1 1 11 12 1 10 12 1 1 10 100 12 1 1 10 12 1 100 1 8 1 10 12 1 10 10 100 12 1 1 1 100 1 6 0 10 12 1 1 11 100 12 1 1 1 10 12 1 10 12 1 1 1 1 1 5 0 1 1 1 1 1 1 1 1 1 1 1 1 1 1 1 1 1 1 1 1 1 1 1 1 1 1 1 1 1 1 1 1 1 1 1 1 1 1 1 100 1 1 1 1 1 1 1 1 1 1 1 1 1 1 1 1 1 1 1 1 100 1 1 1 1 1 1 1 1 1 1 1 1 100 1 100 1 1 1 1 1 100 1 1 1 1 1 1 1 1 1 1 1 1 1 1 1 1 1 1 1 1 1 1 1 1 1 1 1 1 1 1 1 1 1 1 1 1 1 1 1 1 1 1 1 1 1 1 1 1 1 1 1 1 1 1 1 1 1 1 1 1 1 1 1 1 1 1 1 1 1 1 1 1 1 1 1 1 1 100 1 1 1 1 1 1 1 1 1 1 1 100 1 1
staticfield java/util/Properties UNSAFE Ljdk/internal/misc/Unsafe; jdk/internal/misc/Unsafe
instanceKlass java/util/Hashtable
ciInstanceKlass java/util/Dictionary 1 1 36 10 7 12 1 1 1 100 1 1 1 1 1 1 1 1 1 1 1 1 1 1 1 1 1 1 1 1 1 1 1 1 1 1 1 1
instanceKlass java/util/Properties
ciInstanceKlass java/util/Hashtable 1 1 516 100 1 10 7 12 1 1 1 9 7 12 1 1 1 100 1 100 1 10 8 1 10 12 1 1 10 12 1 10 12 1 1 10 12 1 10 7 12 1 1 1 8 1 10 12 1 9 12 1 1 7 1 9 12 1 1 4 10 7 12 1 1 1 9 12 1 4 10 12 1 11 100 12 1 1 1 10 12 1 1 10 12 1 1 9 12 1 10 12 1 1 100 1 10 9 12 1 1 10 7 12 1 1 1 9 12 1 1 10 12 1 10 12 1 3 9 12 1 9 12 1 3 10 12 1 10 12 1 10 12 1 1 11 12 1 1 11 100 12 1 1 1 11 100 12 1 1 1 11 12 1 100 1 11 12 1 11 12 1 10 12 1 1 10 12 1 1 10 12 1 9 12 1 1 9 12 9 12 1 1 10 100 1 100 1 10 12 1 10 8 1 10 10 12 1 8 1 10 8 1 10 100 12 1 1 1 7 1 10 12 1 10 12 1 100 1 10 12 1 10 12 1 1 100 1 10 100 1 10 10 12 1 1 11 12 1 1 11 12 1 100 1 10 10 10 100 12 1 1 11 100 12 1 1 1 100 1 10 11 100 12 1 1 11 100 12 1 10 12 1 10 12 1 1 10 100 12 1 1 10 12 1 1 10 12 1 1 10 12 1 1 10 100 12 1 1 1 8 10 100 12 1 1 100 1 8 1 10 4 4 10 12 1 1 10 12 1 8 1 4 10 12 10 100 12 1 1 1 100 1 11 100 12 1 1 1 10 100 12 1 1 1 10 12 1 10 12 1 1 10 100 1 100 1 1 1 1 1 1 5 0 1 1 1 1 1 3 1 3 1 3 1 1 1 1 1 1 1 1 1 1 1 1 1 1 1 1 1 1 1 1 1 1 1 1 1 100 1 1 1 1 1 1 1 1 1 1 1 1 1 1 1 1 1 1 1 1 1 1 1 1 1 1 1 1 1 100 1 1 1 1 1 1 1 1 1 1 1 1 1 1 100 1 1 1 1 1 1 1 1 1 1 1 1 1 1 1 1 1 1 1 1 1 1 1 1 1 1 1 1 1 1 1 1 1 1 1 1 1 1 1 1 1 1 1 1 100 1 1 1 100 1 1 1 1 1 100 1 1 1 1 1 1 1 1 1 1 1 1 1 1 1 1 1 1
ciInstanceKlass java/util/Map 1 1 263 11 7 12 1 1 1 11 12 1 1 10 7 12 1 1 11 12 1 1 11 100 12 1 1 1 11 100 12 1 1 1 11 12 1 1 7 1 11 12 1 11 12 1 100 1 100 1 10 12 1 1 11 100 12 1 1 1 11 100 12 1 1 1 11 12 1 11 12 1 10 12 1 1 11 12 1 11 7 12 1 9 7 12 1 1 1 100 1 10 12 7 1 7 1 10 12 1 7 1 10 100 1 11 12 1 11 12 1 1 11 12 1 1 100 1 11 12 1 1 1 1 1 1 1 1 1 1 1 1 1 1 1 1 1 1 1 1 1 1 1 1 1 1 1 1 1 1 1 1 1 1 1 1 1 1 1 1 1 1 1 1 1 1 1 1 1 1 1 1 1 1 1 1 1 1 1 1 1 1 1 1 1 1 1 1 1 1 1 1 1 1 1 1 1 1 1 1 1 1 1 1 1 1 1 1 1 1 1 1 1 1 1 1 1 1 1 1 1 1 1 1 1 1 1 1 1 1 1 1 1 1 1 1 1 1 1 1 1 1 1 1 1 1 100 1 1 1 1 1 1 1 1 1 1 1 1 1 1 1 1 1 1
ciInstanceKlass java/lang/String 1 1 1471 10 7 12 1 1 1 8 1 9 7 12 1 1 1 9 12 1 1 9 12 1 1 9 12 1 1 10 12 1 10 12 1 1 10 12 1 1 9 12 1 10 7 12 1 1 1 10 12 1 1 10 12 1 10 7 12 1 1 1 10 12 1 1 10 12 1 1 10 12 1 10 12 1 1 10 12 1 10 7 12 1 1 1 7 1 9 7 12 1 1 1 10 7 12 1 1 1 10 12 1 1 10 12 1 1 10 7 12 1 1 1 10 12 1 1 9 7 12 1 1 10 12 9 7 12 1 1 10 12 1 1 3 10 12 1 1 7 1 11 12 1 1 11 12 1 11 12 1 1 10 100 12 1 1 1 10 12 1 1 9 100 12 1 1 1 10 12 1 1 10 12 1 11 12 1 1 10 12 1 10 12 10 12 1 1 100 1 100 1 10 12 1 10 12 1 10 7 12 1 1 1 10 12 1 1 100 1 10 12 1 1 100 1 10 12 1 1 10 12 1 1 10 12 1 10 10 12 1 100 1 100 1 7 1 10 12 1 10 12 1 1 10 12 1 1 10 12 1 10 12 1 1 10 12 1 1 10 100 12 1 1 100 1 11 10 7 12 1 1 11 12 1 11 12 1 10 12 1 10 12 1 10 12 10 12 1 1 10 10 100 12 1 1 1 10 100 12 1 1 10 12 1 1 10 100 12 1 1 10 12 1 10 12 1 1 10 12 1 1 10 12 1 10 12 1 10 12 1 1 100 1 10 12 1 1 10 12 10 12 1 10 12 1 1 10 12 1 1 10 7 12 1 1 1 10 12 1 10 12 1 1 10 12 1 10 12 1 3 3 10 12 1 1 10 12 1 10 12 1 1 10 12 1 1 10 12 1 1 10 12 1 10 12 1 1 10 12 1 1 10 12 1 10 12 1 10 12 1 10 12 1 1 10 12 1 10 12 1 10 12 1 10 12 1 10 12 1 10 12 1 10 100 1 10 8 1 10 12 1 1 10 12 1 8 1 10 12 1 1 10 12 10 12 1 8 1 10 10 12 1 1 10 12 1 1 7 1 5 0 100 1 8 1 10 10 12 1 1 5 0 5 0 5 0 10 12 1 1 10 100 1 10 10 12 1 10 12 1 10 12 1 10 10 12 1 10 12 1 10 12 1 10 12 1 10 12 1 10 12 1 10 12 1 1 10 12 1 1 10 12 1 1 10 10 12 1 1 10 10 12 1 100 1 10 9 100 12 1 1 1 11 100 12 1 1 1 10 12 1 1 10 12 1 1 10 7 1 10 12 1 10 12 1 10 7 12 1 1 1 10 12 1 10 12 1 1 10 12 1 11 7 1 11 12 10 12 1 10 12 1 1 10 12 1 1 10 10 12 1 10 12 1 9 12 1 1 11 7 12 1 1 1 10 12 10 10 12 1 10 12 1 1 10 10 12 1 10 12 1 10 12 1 1 10 12 1 1 10 10 12 1 1 10 10 7 12 1 1 1 10 12 1 10 12 1 10 12 10 10 12 10 10 12 1 10 12 1 10 10 12 10 12 1 1 10 12 10 10 12 10 12 1 10 12 10 12 10 10 12 1 10 12 1 1 10 12 1 1 10 10 12 1 10 7 12 1 1 1 10 12 1 1 10 10 7 12 1 1 1 11 10 12 1 10 12 1 1 10 12 1 1 10 7 12 1 1 1 10 12 1 10 12 1 10 12 1 10 12 1 10 12 1 10 12 1 100 1 10 10 12 1 10 12 1 1 8 1 10 12 1 3 3 10 12 1 10 12 1 1 10 12 7 1 10 10 12 1 1 10 12 10 12 1 10 12 1 10 12 1 1 10 12 1 1 11 7 12 1 1 1 7 1 10 12 1 10 12 1 1 8 1 10 12 1 1 10 12 1 11 100 12 1 1 1 11 100 12 1 1 11 12 1 10 12 1 10 12 1 1 10 10 7 12 1 1 1 10 12 1 10 12 1 10 10 12 10 12 1 1 10 10 12 1 10 10 12 1 10 10 12 1 10 10 12 1 10 12 1 1 10 10 12 1 8 1 10 12 1 1 18 12 1 1 11 100 12 1 1 1 3 18 12 1 18 12 1 8 1 10 100 12 1 1 1 11 12 1 1 10 12 10 10 12 1 10 11 12 1 1 10 12 1 1 11 12 1 18 3 11 10 11 11 10 12 1 10 12 1 1 8 1 10 12 1 10 12 1 10 12 1 1 10 10 12 1 11 100 12 1 100 1 100 1 10 12 100 1 10 10 100 12 1 1 1 100 1 10 7 1 10 10 12 1 10 10 12 1 8 1 10 10 12 1 8 1 8 1 10 12 1 10 12 1 10 10 12 10 100 12 1 1 10 7 12 1 1 10 100 12 1 1 8 1 10 12 1 10 12 1 10 9 12 1 10 12 9 7 12 1 1 1 10 12 1 10 12 1 10 12 1 10 12 10 12 1 10 12 1 8 1 10 100 12 1 1 1 10 12 10 12 1 1 10 12 10 12 10 12 7 1 9 12 1 1 7 1 10 100 1 100 1 100 1 100 1 1 1 1 1 1 5 0 1 1 1 1 1 3 1 3 1 1 1 1 1 1 1 1 1 1 1 1 1 1 1 100 1 1 1 1 1 1 1 1 1 1 1 1 1 1 1 1 1 1 1 1 1 1 1 1 1 1 1 1 1 1 1 100 1 1 1 1 1 1 1 1 1 1 1 1 100 1 1 1 1 1 1 1 1 1 1 1 1 1 1 1 1 1 1 1 1 1 1 1 1 1 1 1 1 1 1 1 1 1 1 1 1 1 1 1 1 1 1 1 1 1 1 1 1 1 1 1 1 1 1 1 1 1 1 1 1 1 1 1 1 1 1 1 1 1 1 1 1 1 1 1 1 1 1 1 1 1 1 1 1 1 1 1 1 1 1 1 1 1 1 1 1 1 1 1 1 1 1 1 1 1 1 1 1 1 1 1 1 1 1 1 1 1 1 1 1 1 1 1 1 1 1 1 1 1 1 1 1 1 1 1 1 1 1 1 1 1 1 1 1 1 1 1 1 1 1 1 1 1 1 1 1 1 1 1 1 1 1 1 1 1 1 1 1 1 1 1 1 1 1 1 1 1 1 1 100 1 1 1 1 1 1 1 1 1 1 1 1 1 1 1 1 1 1 1 1 1 1 1 100 1 1 1 1 1 1 1 1 1 1 1 1 1 1 1 7 1 1 1 1 1 1 1 1 1 1 1 1 1 1 1 16 15 10 12 16 15 10 12 15 10 12 15 10 12 15 10 100 12 1 1 1 1 100 1 1 1 1 1 100 1 100 1 1 1
staticfield java/lang/String COMPACT_STRINGS Z 1
staticfield java/lang/String serialPersistentFields [Ljava/io/ObjectStreamField; 0 [Ljava/io/ObjectStreamField;
staticfield java/lang/String CASE_INSENSITIVE_ORDER Ljava/util/Comparator; java/lang/String$CaseInsensitiveComparator
ciInstanceKlass java/lang/Comparable 1 0 12 100 1 100 1 1 1 1 1 1 1 1
ciInstanceKlass java/lang/CharSequence 1 1 145 11 7 12 1 1 1 18 12 1 1 100 1 10 100 12 1 1 1 18 10 100 12 1 1 1 11 12 1 1 11 100 1 11 12 1 1 10 100 12 1 1 1 11 12 1 1 10 12 1 1 10 12 1 100 1 10 12 1 1 10 100 12 1 1 1 100 1 10 10 12 1 1 100 1 1 1 1 1 1 1 1 1 1 1 1 1 1 1 1 1 1 1 1 1 1 1 1 1 1 1 1 1 1 1 1 1 1 1 1 1 1 1 1 16 1 15 11 12 16 15 11 12 15 10 100 12 1 1 1 1 1 100 1 100 1 1 100 1 1 100 1 100 1 1
ciMethod java/lang/String length ()I 522 0 689597 0 104
ciInstanceKlass java/lang/constant/Constable 1 0 11 100 1 100 1 1 1 1 1 1 1
ciInstanceKlass java/lang/constant/ConstantDesc 1 0 37 100 1 100 1 1 1 1 7 1 1 1 1 100 1 100 1 100 1 100 1 100 1 100 1 100 1 100 1 100 1 1 100 1 100 1 1
ciInstanceKlass java/lang/AutoCloseable 1 0 12 100 1 100 1 1 1 1 100 1 1 1
ciInstanceKlass java/io/Closeable 1 0 14 100 1 100 1 100 1 1 1 1 100 1 1 1
ciInstanceKlass java/lang/Appendable 1 0 14 100 1 100 1 1 1 1 100 1 1 1 1 1
ciInstanceKlass java/util/Set 1 1 144 100 1 10 7 12 1 1 1 9 7 12 1 1 1 7 1 10 12 1 1 10 12 1 7 1 7 1 10 12 1 7 1 7 1 11 7 12 1 1 1 11 12 1 1 7 1 10 12 1 10 12 1 1 11 12 1 1 1 1 1 1 1 1 1 1 1 1 1 1 1 1 1 1 1 1 1 1 1 1 1 1 1 1 1 1 1 1 1 1 1 1 1 1 1 1 1 1 1 1 1 1 1 1 1 1 1 1 1 1 1 1 1 1 1 1 1 1 1 1 1 1 1 1 1 1 1 1 1 1 1 1 1 1 1 1 1 1 1 1 1 1 1 1
ciInstanceKlass java/util/Iterator 1 1 53 100 1 8 1 10 12 1 1 10 7 12 1 1 1 11 7 12 1 1 1 11 12 1 1 11 7 12 1 1 1 100 1 1 1 1 1 1 1 1 1 1 1 1 1 1 1 1 1 1 1 1 1
ciInstanceKlass java/util/Map$Entry 1 0 178 18 12 1 1 100 1 100 1 18 10 100 12 1 1 1 18 12 1 18 100 1 11 100 12 1 1 1 11 12 1 11 100 12 1 1 1 10 100 12 1 1 1 10 100 12 1 1 1 8 1 10 12 1 1 8 1 8 1 8 1 10 12 1 10 12 1 8 10 100 1 10 12 1 8 10 12 1 8 1 10 12 1 8 10 12 1 8 1 10 12 1 1 8 1 100 1 8 1 10 12 1 1 11 12 100 1 11 12 1 1 1 1 1 1 1 1 1 1 1 1 1 1 1 1 1 1 1 1 1 1 1 1 1 1 1 1 1 1 1 1 1 1 1 1 1 1 1 16 15 11 12 16 3 3 15 11 12 15 11 12 15 11 12 15 10 100 12 1 1 1 1 1 100 1 100 1 1
instanceKlass jdk/nio/zipfs/ZipFileSystem$EntryInputStream
instanceKlass sun/nio/ch/ChannelInputStream
instanceKlass java/util/zip/ZipFile$ZipFileInputStream
instanceKlass java/io/FilterInputStream
instanceKlass java/io/FileInputStream
instanceKlass java/io/ByteArrayInputStream
ciInstanceKlass java/io/InputStream 1 1 197 100 1 10 7 12 1 1 1 100 1 10 10 7 12 1 1 1 10 7 12 1 1 1 10 12 1 100 1 100 1 3 10 12 1 1 100 1 8 1 10 12 1 10 7 12 1 1 1 3 100 1 8 1 10 10 7 12 1 1 1 7 1 10 11 7 12 1 1 1 10 12 1 1 11 12 1 1 11 7 12 1 1 1 11 12 1 1 7 1 10 7 12 1 1 1 5 0 10 12 1 10 12 1 1 100 1 10 8 1 10 8 1 8 1 10 12 1 1 10 100 12 1 1 1 100 1 5 0 10 12 1 100 1 100 1 1 1 1 3 1 3 1 1 1 1 1 1 1 1 1 1 1 1 1 1 1 1 1 1 1 1 1 1 1 1 1 1 1 1 1 1 1 1 1 1 1 1 1 1 1 1 1 1 1 1 1 1 1 1 1 1 1 1 1 1 1
instanceKlass lombok/javac/apt/LombokProcessor$1
instanceKlass lombok/launch/ShadowClassLoader
instanceKlass com/google/inject/internal/aop/ChildClassDefiner$ChildLoader
instanceKlass org/eclipse/sisu/space/CloningClassSpace$CloningClassLoader
instanceKlass java/security/SecureClassLoader
ciInstanceKlass java/lang/ClassLoader 1 1 1076 9 7 12 1 1 1 10 7 12 1 1 1 9 12 1 1 10 7 12 1 1 1 7 1 10 12 1 1 10 12 1 1 9 12 1 1 10 12 1 1 100 1 10 12 1 10 12 1 1 10 7 12 1 1 1 100 1 8 1 10 12 1 10 7 1 10 7 1 7 1 7 1 10 12 1 10 12 1 9 12 1 1 10 10 7 12 1 1 1 9 12 1 1 9 12 1 9 12 1 1 9 12 1 9 12 1 1 9 12 1 1 7 1 10 12 1 9 12 1 1 10 12 1 1 10 7 12 1 1 1 9 12 1 9 12 1 1 9 12 1 10 12 1 1 9 12 10 12 1 1 7 1 10 8 1 10 12 1 1 10 12 1 10 7 1 7 1 10 7 12 1 1 1 10 7 12 1 1 1 8 1 10 12 1 10 12 1 10 12 1 1 10 12 1 1 10 12 1 1 10 12 1 1 10 12 1 1 10 12 1 7 1 10 12 1 10 7 12 1 1 1 10 12 1 1 10 12 1 10 12 1 10 12 1 10 12 1 10 12 1 1 10 10 12 1 10 12 1 10 10 12 1 1 10 12 1 1 100 1 8 1 10 8 1 10 12 1 10 12 1 100 1 8 1 10 12 1 1 10 12 1 1 10 10 12 1 1 10 12 1 1 10 12 1 1 10 7 1 10 12 1 10 12 1 1 10 12 1 1 10 12 1 1 10 12 1 1 10 12 1 1 10 12 1 1 10 12 1 1 10 7 12 1 1 1 10 12 1 10 12 1 10 12 1 1 10 12 1 10 12 1 10 12 1 10 12 1 1 10 12 1 10 12 1 1 8 1 9 12 1 10 12 1 1 8 1 8 1 10 7 12 1 1 100 1 10 10 12 10 12 1 10 12 1 10 12 1 10 12 1 1 10 7 12 1 1 10 12 1 10 7 1 7 1 10 12 1 1 10 12 1 10 7 1 10 12 1 100 1 18 12 1 10 100 12 1 1 1 10 7 12 1 1 1 10 7 12 1 1 10 12 1 10 12 1 100 1 10 12 1 8 1 10 10 12 1 1 10 12 1 10 12 1 1 100 1 10 12 1 1 10 100 12 1 1 10 12 1 10 7 12 1 1 10 12 1 8 1 100 1 10 10 12 1 9 12 1 10 7 12 1 1 10 12 1 100 1 8 1 10 12 1 10 8 1 8 1 10 12 1 1 10 12 1 1 10 12 1 1 10 100 12 1 1 100 1 100 1 10 12 1 1 100 1 100 1 10 100 12 1 1 10 12 1 10 12 1 10 12 1 10 12 1 10 12 1 1 10 12 1 8 1 7 1 18 12 1 1 10 12 1 1 10 12 1 10 12 1 10 12 1 8 1 10 12 1 10 12 1 18 12 1 11 100 12 1 1 1 100 1 10 12 1 1 10 12 1 10 11 12 1 1 10 18 10 12 1 1 11 100 12 1 18 12 1 11 12 1 1 10 12 1 10 12 1 1 10 12 1 1 100 1 8 1 10 10 12 1 8 1 8 1 10 100 12 1 1 10 12 1 100 1 10 10 12 1 8 1 8 1 8 1 10 12 1 10 12 1 10 12 1 1 10 12 1 1 10 12 1 10 100 12 1 1 1 11 100 12 1 1 100 1 10 11 10 12 1 10 12 1 10 12 1 1 9 100 12 1 1 9 12 1 1 9 12 9 12 1 9 12 1 9 12 1 8 10 12 1 1 10 7 12 1 1 1 10 12 1 1 10 12 1 1 10 12 1 1 8 1 10 12 1 1 8 10 12 1 1 8 8 10 12 1 10 12 1 10 12 1 11 12 1 1 10 100 12 1 1 1 100 1 10 12 1 10 12 1 10 12 1 1 1 1 1 1 1 1 1 1 1 1 1 1 1 1 1 1 1 1 1 1 1 1 1 1 100 1 1 1 1 1 1 1 1 1 1 1 1 1 1 1 1 1 1 1 1 1 1 1 1 1 100 1 1 1 1 1 1 1 1 1 1 1 1 1 1 1 1 1 1 1 1 1 1 1 1 1 1 1 1 1 1 1 1 1 1 1 1 1 1 1 1 1 1 1 100 1 1 1 1 1 1 1 1 1 1 1 1 1 1 1 1 1 1 1 1 1 100 1 1 1 1 1 1 1 1 1 1 1 1 1 1 1 1 1 1 1 1 1 1 1 1 1 1 1 1 1 1 1 1 1 1 1 1 1 1 1 1 1 1 1 1 100 1 1 1 1 1 1 1 1 1 1 1 1 1 1 1 1 1 1 1 1 1 1 1 1 1 1 1 1 1 1 1 1 1 1 1 1 1 1 1 1 1 1 1 1 1 1 1 1 1 1 1 16 1 15 10 12 16 1 16 15 10 12 16 1 16 1 15 10 12 16 15 10 12 16 15 10 12 16 15 10 100 12 1 1 1 1 1 100 1 100 1 1
staticfield java/lang/ClassLoader nocerts [Ljava/security/cert/Certificate; 0 [Ljava/security/cert/Certificate;
staticfield java/lang/ClassLoader $assertionsDisabled Z 1
instanceKlass com/sun/tools/javac/file/BaseFileManager$1
instanceKlass org/apache/maven/shared/utils/logging/MessageUtils$1
instanceKlass java/util/logging/LogManager$Cleaner
instanceKlass org/apache/maven/shared/utils/logging/MessageUtils$1
instanceKlass jdk/internal/misc/InnocuousThread
instanceKlass java/lang/ref/Finalizer$FinalizerThread
instanceKlass java/lang/ref/Reference$ReferenceHandler
instanceKlass java/lang/BaseVirtualThread
ciInstanceKlass java/lang/Thread 1 1 761 9 7 12 1 1 1 9 7 12 1 1 1 9 12 1 9 12 1 10 12 1 1 9 12 1 1 10 100 12 1 1 10 12 1 10 100 12 1 1 100 1 8 1 10 12 1 1 9 12 1 1 9 12 1 9 12 1 1 100 1 10 12 1 1 10 12 1 100 1 10 12 10 12 1 1 9 12 1 1 10 12 1 100 1 10 12 1 10 12 1 1 10 12 1 1 10 12 1 10 12 1 1 100 1 8 1 10 9 100 12 1 1 1 10 12 1 1 10 3 8 1 100 1 5 0 10 7 12 1 1 1 9 12 1 10 12 1 1 10 7 1 100 1 8 1 10 10 12 1 10 12 1 1 10 12 1 1 10 7 12 1 1 10 12 1 10 12 1 10 7 12 1 1 5 0 9 12 1 10 7 12 1 1 1 10 12 1 1 9 12 1 1 10 100 12 1 1 10 100 12 1 1 1 10 12 1 10 12 1 1 9 12 1 1 10 7 12 1 1 9 12 1 8 1 9 100 12 1 1 1 5 0 100 1 10 100 1 10 100 1 10 7 1 10 8 1 10 12 1 1 10 7 12 1 10 12 1 10 12 1 100 1 8 1 10 10 12 1 10 12 1 1 10 100 12 1 1 1 10 100 12 1 1 1 10 12 1 7 1 9 12 1 1 100 1 10 10 12 1 9 12 1 1 10 12 1 1 10 12 1 1 10 12 1 10 12 1 9 12 1 1 10 10 12 1 1 10 12 1 1 11 7 12 1 1 10 7 12 1 1 9 12 1 1 9 12 1 1 10 100 12 1 1 10 12 1 1 10 12 1 10 7 12 1 1 10 12 1 100 1 10 9 12 1 1 10 12 1 11 100 12 1 1 11 12 1 10 12 1 10 12 1 10 12 1 9 12 1 10 10 12 1 10 12 1 1 9 12 1 9 12 10 12 1 8 1 10 12 1 10 12 1 10 12 1 10 12 1 10 12 1 1 10 12 1 10 12 1 1 10 100 12 1 1 10 12 1 10 12 1 10 12 1 10 12 1 1 9 7 12 1 1 1 8 1 10 9 12 1 10 12 1 100 1 8 1 10 10 12 1 8 1 10 12 1 1 9 12 8 1 10 10 12 1 10 12 1 8 1 10 12 1 10 8 1 9 12 1 1 10 12 1 1 10 10 12 1 10 12 1 100 10 7 12 1 1 1 10 12 1 1 10 12 1 1 10 100 12 1 1 1 11 100 12 1 1 1 10 12 1 1 9 12 1 10 12 1 10 12 1 1 11 100 12 1 1 1 10 12 1 1 1 1 3 1 3 1 3 1 3 1 1 1 1 1 1 1 1 1 1 1 1 1 1 1 1 1 1 1 1 1 1 1 1 1 1 1 100 1 1 1 1 1 1 1 1 1 1 1 1 1 1 1 1 1 1 100 1 1 1 1 1 1 1 1 1 1 1 1 1 1 1 100 1 1 1 1 1 1 1 1 1 1 1 1 1 1 1 1 1 1 1 1 1 1 1 1 1 1 1 1 1 1 1 1 1 1 1 1 1 1 1 1 1 1 1 1 1 1 1 1 1 1 1 1 1 1 1 1 1 1 1 1 1 1 1 1 1 1 1 1 1 1 100 100 1 1 1 1 1 1 1 1 1 1 1 1 1 1 1 1 1 1 1 1 1 1 1 100 1 100 1 100 1 1 1 1 100 1 1 1 1 1 1 1 1 1 1 1 1
staticfield java/lang/Thread NEW_THREAD_BINDINGS Ljava/lang/Object; java/lang/Class
staticfield java/lang/Thread EMPTY_STACK_TRACE [Ljava/lang/StackTraceElement; 0 [Ljava/lang/StackTraceElement;
ciInstanceKlass java/lang/Runnable 1 0 11 100 1 100 1 1 1 1 1 1 1
ciMethod java/lang/System arraycopy (Ljava/lang/Object;ILjava/lang/Object;II)V 256 0 128 0 -1
ciInstanceKlass java/lang/Class 1 1 1652 10 7 12 1 1 1 10 7 12 1 1 9 12 1 1 9 12 1 1 9 12 1 1 9 12 1 1 9 12 1 1 10 12 1 1 8 1 10 12 1 8 1 8 1 10 12 1 1 10 7 12 1 1 1 10 12 1 7 1 10 10 12 1 10 12 1 1 10 12 1 1 10 12 1 1 10 7 12 1 1 10 12 1 10 12 1 10 12 1 1 10 12 1 8 1 10 12 1 8 1 10 12 1 8 1 8 1 10 12 1 1 10 100 12 1 1 1 18 12 1 1 11 100 12 1 1 1 8 1 8 1 8 1 10 100 12 1 1 1 11 12 1 1 8 1 10 12 1 10 10 12 1 1 10 12 1 8 1 10 12 1 1 8 1 10 12 1 10 12 1 1 11 100 12 1 1 1 11 100 12 1 1 1 11 8 1 18 8 1 10 12 1 10 7 12 1 1 10 12 1 1 10 7 12 1 1 1 10 12 1 1 10 12 1 1 10 7 12 1 1 1 10 7 12 1 10 12 1 1 10 7 1 10 12 1 8 1 10 8 1 8 1 8 1 8 1 8 1 8 1 8 1 8 1 9 100 12 1 1 9 100 1 9 100 1 9 100 1 9 100 1 9 100 1 9 100 1 9 100 1 9 7 1 9 12 1 1 7 1 8 1 10 12 1 10 12 1 1 100 1 10 12 1 1 10 7 12 1 1 1 10 7 12 1 1 1 7 1 7 1 10 10 12 1 1 10 12 1 1 100 1 10 100 12 1 1 1 10 12 1 1 10 12 1 1 10 12 9 12 1 1 10 12 1 9 12 1 1 9 12 1 1 10 12 1 1 10 7 1 10 12 1 10 12 1 1 10 9 12 1 10 12 1 8 1 10 12 1 1 10 12 1 1 10 12 1 10 12 1 10 12 1 1 9 7 12 1 1 1 10 12 1 10 7 12 1 1 10 12 1 10 12 1 10 12 1 10 12 1 9 100 12 1 1 1 9 12 1 10 12 1 10 12 1 1 9 12 1 1 10 7 10 12 1 1 10 100 12 1 1 10 12 1 10 12 1 1 10 100 12 1 1 1 10 12 1 10 12 1 1 10 12 1 10 12 1 10 12 1 1 10 7 1 10 10 12 1 1 10 12 1 1 10 12 10 10 12 1 1 100 1 8 1 10 10 12 1 1 10 12 1 100 1 11 12 1 10 12 1 10 12 1 10 100 12 1 1 10 10 12 1 1 8 1 10 12 1 8 1 9 12 1 10 12 1 10 12 1 10 12 1 10 12 100 1 9 12 1 10 12 1 9 12 1 10 12 1 10 12 1 10 12 1 10 10 12 1 10 12 1 10 12 1 10 12 1 10 12 1 10 12 1 7 1 10 10 12 1 10 12 1 11 100 12 1 1 11 12 1 1 10 12 1 1 10 12 1 1 10 12 1 1 10 12 1 1 10 12 1 1 10 12 1 1 7 1 10 10 12 1 1 10 12 1 1 10 12 1 1 10 10 12 1 10 12 1 1 10 12 1 1 10 12 1 1 10 12 1 1 10 12 10 12 1 1 10 7 12 1 1 1 10 12 1 10 12 1 1 10 12 1 10 100 12 1 1 1 10 12 1 1 10 10 12 1 1 100 1 10 10 12 1 1 10 100 12 1 1 1 100 1 100 1 10 12 1 1 10 12 1 10 10 12 1 1 10 12 1 10 12 1 10 12 1 10 100 12 1 1 1 11 7 12 1 1 10 12 1 10 12 1 9 7 12 1 1 8 1 10 12 1 10 12 1 10 12 1 10 12 1 1 9 12 1 9 12 1 1 10 7 12 1 1 9 12 1 10 12 1 1 10 10 12 1 10 7 12 1 1 1 10 7 12 1 1 10 7 12 1 1 9 12 1 1 10 12 1 9 12 1 10 12 1 10 12 1 1 9 12 1 1 9 12 1 10 12 1 10 12 1 1 9 12 1 100 1 10 10 12 1 1 7 1 10 100 11 100 1 9 12 1 1 9 12 1 10 12 1 9 12 1 1 9 12 1 10 12 1 10 12 1 1 9 12 1 7 1 10 10 12 1 1 10 10 12 1 10 12 10 10 12 1 9 12 1 10 12 1 1 10 12 1 8 10 7 8 1 18 8 1 8 1 10 12 1 9 12 1 9 12 1 1 10 12 1 7 1 7 1 10 12 1 9 12 1 1 10 10 12 1 9 12 1 8 1 10 12 1 10 10 12 1 1 100 1 100 1 9 12 1 100 1 8 1 10 10 7 12 1 1 1 10 12 11 7 12 1 1 1 10 12 1 10 12 1 1 10 8 1 10 12 1 8 1 10 12 1 1 9 7 12 1 1 11 12 7 1 11 7 12 1 1 9 12 1 10 100 12 1 1 1 10 7 12 1 1 10 12 1 1 9 12 1 9 10 12 1 1 10 12 1 1 10 12 1 1 10 12 1 1 10 12 1 1 11 12 1 11 12 1 1 11 7 12 1 1 11 12 1 7 1 11 12 1 10 7 12 1 1 1 10 12 1 11 12 1 10 100 12 1 1 1 10 12 1 10 7 12 1 1 1 11 12 1 11 12 1 1 10 12 1 10 12 1 1 9 12 1 1 10 12 1 10 7 12 1 1 1 10 12 1 1 10 12 1 10 12 1 10 12 1 10 7 12 1 1 1 10 12 1 8 1 10 12 1 10 12 1 10 12 1 8 1 8 1 10 7 12 1 1 10 100 12 1 1 100 1 10 12 10 7 12 1 1 1 10 7 12 1 1 1 10 12 1 1 10 12 1 18 12 1 1 11 12 1 1 18 11 12 1 18 12 1 11 12 1 10 12 1 10 12 1 10 12 1 10 12 10 12 1 8 1 10 12 1 7 1 9 12 1 1 100 1 100 1 100 1 100 1 1 1 3 1 3 1 3 1 1 1 1 1 1 1 1 1 5 0 1 1 1 1 1 1 1 1 1 1 1 1 1 1 1 1 1 1 1 1 1 1 1 1 1 1 1 100 1 1 1 1 1 1 1 1 1 1 1 100 1 1 1 1 1 7 1 1 1 1 1 1 1 1 1 1 1 1 1 1 1 1 1 1 1 1 1 1 1 1 1 1 1 1 1 1 1 1 1 1 100 1 1 1 1 1 1 1 1 1 1 1 1 1 1 1 1 1 1 1 1 1 1 1 1 1 1 1 1 1 1 1 100 1 1 1 1 1 1 1 1 1 1 1 1 1 1 1 1 1 1 1 1 1 1 1 1 1 1 1 1 1 1 1 1 1 1 1 1 1 1 1 1 1 1 1 1 1 1 1 1 1 1 1 1 1 1 1 1 1 1 1 1 1 100 1 100 1 1 1 1 1 1 1 1 1 1 1 1 1 1 1 1 1 1 1 1 1 1 1 1 1 1 1 1 1 1 1 1 1 1 1 1 1 1 1 1 1 1 1 1 1 1 1 1 1 1 1 1 1 1 1 1 1 1 1 1 1 1 1 1 1 1 1 1 1 1 1 1 1 1 1 1 1 1 1 1 1 1 1 1 1 1 1 1 1 1 1 1 1 1 1 1 1 1 1 1 1 1 1 1 1 1 1 1 1 1 1 1 1 1 1 1 1 1 1 1 16 15 10 12 16 15 11 12 16 1 15 10 12 16 16 15 10 12 16 15 16 1 15 10 12 16 15 10 100 12 1 1 1 1 1 100 1 1 1 1 1 1 1 1 100 1 1 100 1 100 1 1 100 1 100 1 1
staticfield java/lang/Class EMPTY_CLASS_ARRAY [Ljava/lang/Class; 0 [Ljava/lang/Class;
staticfield java/lang/Class serialPersistentFields [Ljava/io/ObjectStreamField; 0 [Ljava/io/ObjectStreamField;
ciInstanceKlass java/lang/reflect/AnnotatedElement 1 1 165 11 7 12 1 1 1 11 12 1 1 100 1 10 100 12 1 1 1 10 12 1 1 10 12 1 1 10 12 1 10 100 12 1 1 1 11 12 1 1 11 100 12 1 1 10 100 12 1 1 1 10 12 1 10 100 12 1 1 1 18 12 1 1 11 100 12 1 1 18 12 1 18 12 1 1 10 100 12 1 1 1 11 100 12 1 1 1 100 1 10 100 12 1 1 1 1 1 1 1 1 1 1 1 1 1 1 1 1 1 1 1 1 1 1 1 1 1 1 100 1 1 1 1 1 1 1 1 1 1 1 16 15 16 1 16 1 15 11 12 16 16 1 15 10 100 12 1 1 1 16 1 15 10 100 12 1 1 1 1 100 1 100 1 1
ciInstanceKlass java/lang/reflect/Type 1 1 17 11 100 12 1 1 1 100 1 1 1 1 1 1 1 1 1
ciInstanceKlass java/lang/invoke/TypeDescriptor 1 0 17 100 1 100 1 1 1 1 1 1 100 1 100 1 1 1 1
ciInstanceKlass java/lang/invoke/TypeDescriptor$OfField 1 0 21 100 1 100 1 100 1 1 1 1 1 1 1 1 1 1 1 1 1 1 1
ciInstanceKlass java/lang/reflect/GenericDeclaration 1 0 30 100 1 100 1 100 1 1 1 1 1 1 1 1 100 1 8 1 1 12 10 1 1 1 8 1 1 1 8 1
ciInstanceKlass java/lang/Module 1 1 1076 10 7 12 1 1 1 9 7 12 1 1 1 10 7 12 1 1 1 9 12 1 9 12 1 1 9 12 1 1 10 12 1 1 10 12 1 10 12 1 1 10 7 12 1 1 1 7 1 10 7 12 1 1 1 10 12 1 1 11 7 12 1 1 1 10 12 1 1 10 12 1 8 1 10 7 12 1 1 1 10 7 12 1 1 1 10 7 12 1 1 1 10 12 1 1 10 12 1 9 12 1 1 10 7 12 1 1 1 9 7 12 1 1 1 100 1 10 8 1 10 12 1 1 10 12 1 10 12 8 1 10 7 12 1 1 1 10 100 12 1 1 1 10 100 12 1 1 1 8 1 10 12 1 8 1 9 12 1 100 1 8 1 10 12 1 10 8 1 8 1 8 1 10 7 12 1 1 1 8 1 10 100 12 1 1 1 8 1 10 12 1 9 12 1 1 11 12 1 9 7 12 1 1 10 7 12 1 1 1 10 7 12 1 1 1 10 12 1 1 8 1 10 12 1 1 10 12 1 10 12 1 1 9 7 12 1 1 1 10 12 1 1 10 12 1 1 9 12 1 10 12 1 10 12 1 9 12 1 1 11 7 12 1 1 10 12 1 1 9 12 1 9 12 1 10 12 1 10 12 1 100 1 8 1 10 10 12 1 1 10 12 1 8 1 10 12 1 1 8 1 8 1 10 12 1 1 10 12 1 10 12 1 1 10 12 1 18 12 1 1 10 12 1 1 11 12 1 9 12 1 11 12 7 1 10 12 1 18 12 1 11 12 1 1 11 12 1 1 11 12 1 10 12 1 1 10 12 1 1 9 12 1 10 12 10 7 12 1 1 10 7 1 18 12 1 1 11 100 12 1 1 1 18 12 1 11 12 1 1 10 100 12 1 1 1 11 12 1 1 10 7 12 1 1 11 12 1 1 10 12 1 1 7 1 11 12 1 7 1 7 1 10 12 1 10 7 12 1 1 1 10 7 12 1 1 1 10 11 7 12 1 8 1 10 12 1 10 12 1 1 10 7 12 1 1 10 12 1 10 12 1 7 1 10 12 1 10 11 12 1 10 12 11 12 1 1 11 7 12 1 1 11 12 1 1 10 12 1 1 9 12 1 1 100 1 10 10 12 1 1 11 100 1 10 12 1 1 11 12 1 10 11 10 12 1 11 10 12 1 1 10 12 1 1 10 12 1 1 10 7 12 1 1 10 12 1 10 12 1 1 10 10 12 1 1 10 12 1 18 12 1 11 12 1 18 12 1 10 12 1 10 12 1 10 12 7 1 10 12 1 10 12 1 10 12 1 9 12 1 7 1 10 10 10 10 12 1 10 12 1 10 12 1 10 12 1 1 10 12 1 1 10 12 1 9 12 1 10 12 1 100 1 8 1 10 12 1 1 10 12 1 10 100 12 1 1 100 1 10 12 1 1 100 1 8 1 100 1 9 100 12 1 1 1 11 100 12 1 1 10 12 1 1 11 12 1 1 18 12 1 1 11 12 1 1 100 1 10 12 1 10 12 1 1 100 1 100 1 10 12 8 1 10 12 1 1 10 12 1 1 10 7 12 1 1 10 12 1 1 10 12 1 10 12 10 12 1 1 7 1 10 10 12 1 1 10 100 12 1 1 1 100 1 10 100 12 1 1 1 10 100 12 1 1 8 1 18 12 1 1 100 1 100 1 9 12 1 1 9 12 1 9 12 1 11 100 12 1 1 1 100 1 11 12 1 1 100 1 10 12 1 8 1 10 12 1 10 12 10 12 1 8 1 10 10 100 12 1 1 10 12 1 1 7 1 10 10 12 1 10 7 12 1 1 9 12 1 9 12 1 9 12 1 9 12 1 9 12 1 10 12 10 12 1 100 1 1 1 1 1 1 1 1 1 1 1 1 1 1 1 1 1 1 1 1 1 1 1 1 1 1 1 1 1 1 1 1 1 1 1 1 1 1 1 1 1 1 1 1 1 1 1 1 1 1 1 1 1 1 1 1 1 1 1 1 1 1 1 1 1 1 1 1 1 1 1 1 1 1 1 1 1 1 1 1 1 1 1 1 1 1 1 1 1 1 1 1 1 1 1 1 1 1 1 1 1 1 1 1 1 1 1 1 100 100 1 1 1 1 1 1 1 1 1 1 1 1 1 1 1 1 1 1 1 1 1 1 1 1 1 1 100 1 7 1 1 1 1 1 1 1 1 1 1 1 1 1 1 1 1 1 1 100 1 1 1 1 1 1 1 1 1 1 1 1 1 1 1 1 1 1 1 1 1 1 1 1 1 1 1 16 15 10 12 16 15 10 12 16 1 16 15 10 12 16 16 15 10 16 1 15 10 12 16 1 15 10 12 16 1 16 1 15 10 12 16 15 10 7 12 1 1 1 15 10 100 12 1 1 1 1 1 1 1 1 1 1 1 1 1 100 1 100 1 1
staticfield java/lang/Module ALL_UNNAMED_MODULE Ljava/lang/Module; java/lang/Module
staticfield java/lang/Module ALL_UNNAMED_MODULE_SET Ljava/util/Set; java/util/ImmutableCollections$Set12
staticfield java/lang/Module EVERYONE_MODULE Ljava/lang/Module; java/lang/Module
staticfield java/lang/Module EVERYONE_SET Ljava/util/Set; java/util/ImmutableCollections$Set12
staticfield java/lang/Module $assertionsDisabled Z 1
ciInstanceKlass java/lang/StringLatin1 1 1 400 7 1 10 100 12 1 1 1 10 12 1 1 100 1 10 7 12 1 1 1 10 7 12 1 1 1 10 12 1 10 7 12 1 1 1 10 12 1 1 10 7 12 1 1 1 10 7 12 1 1 1 10 12 1 1 10 12 1 1 10 10 12 1 10 12 1 10 9 7 12 1 1 1 10 12 1 1 10 100 12 1 1 1 10 12 10 12 1 1 10 12 1 1 10 12 1 10 12 1 1 10 12 1 10 7 12 1 1 10 12 1 10 12 1 1 9 12 1 1 100 1 10 10 12 1 1 10 7 12 1 1 1 10 12 1 10 12 1 100 1 100 1 8 1 10 12 1 8 1 10 12 1 1 100 1 10 10 12 1 10 7 12 1 1 1 8 1 8 1 8 1 10 12 1 1 10 12 10 100 12 1 1 10 12 1 10 12 1 1 10 12 1 1 10 12 1 1 10 12 1 10 12 10 12 10 12 1 10 12 10 10 12 1 10 12 1 10 12 1 10 100 12 1 1 1 10 100 12 1 1 1 10 12 1 1 10 10 7 12 1 1 1 1 1 1 1 1 1 1 1 1 1 1 1 1 1 1 1 1 1 1 1 1 1 1 1 1 1 1 1 1 1 1 1 1 1 1 1 1 1 1 1 1 1 1 1 1 1 1 1 1 1 1 100 1 1 1 1 1 1 1 1 1 1 1 1 1 1 1 1 1 1 1 1 1 1 1 1 1 1 1 1 1 1 1 1 1 1 1 1 1 1 1 1 1 1 1 100 1 1 1 1 1 1 1 1 1 1 1 1 1 1 1 1 1 1 1 1 1 1 1 100 1 1 1 1 1 1 1 1 1 1 1 1 1 1 1 1 1 1 1 1 1 1 1 1 1 1 1 1 1 1 1 1 100 1 1 1 1
staticfield java/lang/StringLatin1 $assertionsDisabled Z 1
ciInstanceKlass java/lang/Math 1 1 480 7 1 7 1 10 100 12 1 1 1 10 7 12 1 1 1 10 12 1 10 12 1 10 12 1 10 12 1 10 12 1 6 0 6 0 10 12 1 10 12 1 10 12 1 10 12 1 10 12 1 10 12 1 1 10 12 1 10 12 1 10 12 1 10 12 1 10 12 1 10 7 12 1 1 1 100 1 3 3 3 10 12 1 1 100 1 5 0 5 0 5 0 5 0 5 0 9 100 12 1 1 1 10 100 12 1 1 1 100 1 8 1 10 12 1 8 1 10 12 1 1 10 12 1 1 100 1 5 0 5 0 100 1 3 5 0 3 5 0 10 12 1 10 12 1 10 12 1 10 12 1 10 12 1 8 1 10 12 1 8 1 10 12 1 1 10 12 1 1 9 12 1 1 9 12 1 100 1 100 1 10 10 12 1 1 8 1 10 12 1 10 12 1 1 10 10 12 1 10 12 1 10 12 1 10 12 1 1 8 1 8 1 10 12 1 1 10 12 1 10 12 10 12 10 12 1 10 12 1 10 12 1 10 12 1 10 12 6 0 10 12 1 9 12 1 1 100 1 10 10 12 1 100 1 10 12 1 10 12 1 1 10 12 1 10 12 1 10 12 10 12 1 1 10 12 1 1 10 12 1 1 10 12 6 0 10 12 1 1 10 12 10 12 1 4 10 12 1 10 12 1 10 12 10 12 1 10 12 1 10 12 1 10 12 1 10 12 1 10 12 1 5 0 6 0 4 6 0 4 6 0 4 10 12 1 6 0 6 0 10 12 1 10 12 8 1 10 12 1 10 12 1 8 1 8 1 10 12 10 12 10 7 12 1 1 1 4 6 0 1 1 1 6 0 1 6 0 1 6 0 1 1 1 1 1 1 1 1 1 1 1 1 1 1 1 1 1 1 1 1 1 1 1 1 1 1 1 1 1 1 1 1 1 1 1 1 1 1 1 1 1 1 1 1 1 1 1 1 1 1 1 1 1 1 1 1 1 1 1 1 1 1 1 1 1 1 1 1 1 1 1 1 1 1 1 1 1 1 1 1 1 1 1 1 1 1 1 1 1 1 1 1 1 1 1 1 1 1 1
staticfield java/lang/Math negativeZeroFloatBits J -2147483648
staticfield java/lang/Math negativeZeroDoubleBits J -9223372036854775808
staticfield java/lang/Math $assertionsDisabled Z 1
ciInstanceKlass java/util/Arrays 1 1 1020 10 7 12 1 1 1 10 100 12 1 1 1 10 7 12 1 1 1 10 12 1 10 12 1 10 12 1 10 12 1 10 12 1 10 12 1 10 100 12 1 1 1 100 1 100 1 10 8 1 10 12 1 1 10 12 1 8 1 8 1 10 12 1 1 10 12 1 100 1 10 12 1 9 100 12 1 1 1 10 7 12 1 1 100 1 10 12 1 1 10 7 12 1 1 10 7 12 1 1 1 100 1 10 12 1 10 12 1 1 7 1 9 7 12 1 1 1 10 12 1 1 10 7 12 1 1 10 12 1 10 12 1 1 10 12 1 10 12 1 1 7 1 11 12 1 1 10 12 1 10 7 12 1 1 1 10 12 10 12 1 10 12 1 10 12 10 12 1 11 7 12 1 1 1 10 7 12 1 1 1 100 1 10 12 1 10 100 1 10 12 1 10 100 1 10 12 1 10 100 1 10 12 1 10 10 12 1 1 10 12 1 10 12 1 10 12 1 10 12 1 10 12 1 10 100 12 1 1 1 10 12 1 10 100 12 1 1 1 10 12 1 10 12 1 10 7 12 1 1 1 10 12 1 10 12 1 10 12 1 10 12 1 10 12 1 10 12 1 10 12 1 10 12 1 10 12 1 10 12 1 10 12 1 10 12 1 10 12 1 10 12 1 10 12 1 10 12 1 1 10 12 1 1 10 7 12 1 1 1 10 7 1 10 100 1 10 100 1 10 100 1 10 100 1 10 100 1 10 100 1 10 100 1 10 12 1 8 1 7 1 10 12 10 100 12 1 1 1 10 12 10 12 1 10 12 1 10 12 1 10 100 12 1 1 10 12 10 12 1 10 12 1 10 12 10 12 1 1 10 12 1 1 9 100 12 1 1 1 10 12 1 9 100 1 10 12 1 9 10 12 1 9 100 1 10 12 1 9 100 1 10 12 1 9 10 12 1 9 10 12 1 10 12 1 10 12 1 9 12 1 100 1 10 10 12 1 1 10 12 1 10 12 1 10 12 1 10 12 1 10 12 1 10 12 1 10 12 1 10 12 1 10 12 1 8 1 8 1 10 12 1 10 12 1 8 1 10 12 1 10 12 1 10 12 1 10 100 12 1 1 1 3 10 100 1 10 10 12 1 1 11 100 12 1 1 10 12 1 1 10 12 1 10 12 1 10 12 1 10 12 1 10 12 1 10 12 1 10 12 1 10 12 1 11 12 1 8 1 10 11 12 1 11 7 12 1 1 1 11 100 12 1 1 1 11 12 1 1 18 12 1 1 11 12 1 1 11 100 12 1 1 1 18 12 1 11 100 12 1 1 1 18 12 1 11 100 12 1 1 1 18 12 1 100 1 10 7 12 1 1 1 10 12 1 10 12 1 10 12 1 10 12 1 10 12 1 10 12 1 10 12 1 10 12 1 1 10 12 1 10 7 12 1 1 10 12 1 10 12 1 10 12 1 1 10 12 1 10 12 1 10 12 1 1 10 12 1 10 12 1 10 12 1 1 10 12 1 10 12 1 10 12 1 10 12 1 10 12 10 12 1 10 12 10 12 10 12 1 10 12 10 12 1 10 12 1 10 12 1 1 1 1 3 1 3 1 1 1 1 1 1 1 1 1 1 1 1 1 1 1 1 1 1 1 1 1 1 1 1 1 1 1 1 1 1 1 1 1 1 1 1 1 1 1 1 1 1 1 1 1 1 1 1 1 1 1 1 1 1 1 1 1 1 1 1 1 1 1 1 1 1 1 1 1 1 1 1 1 1 1 1 1 1 1 1 1 1 1 1 1 1 1 1 1 1 1 1 1 1 1 1 1 1 1 1 1 1 1 1 1 1 1 1 1 1 1 1 1 1 1 1 1 1 1 1 1 1 1 1 1 1 1 1 1 1 1 1 1 1 1 1 1 1 1 1 1 1 1 1 1 1 1 1 1 1 1 1 1 1 1 1 1 1 1 1 1 1 1 1 1 1 1 1 1 1 1 1 1 1 1 1 1 1 1 1 1 1 1 1 1 1 1 1 1 1 1 1 1 1 1 1 1 1 1 1 1 1 1 1 1 1 1 1 1 1 1 1 1 1 1 1 1 1 1 1 1 1 1 1 1 1 1 1 1 1 1 1 1 1 1 1 1 1 1 1 1 1 1 1 1 1 1 1 1 1 1 1 1 1 1 1 1 1 1 1 100 1 1 16 15 10 12 15 10 12 15 10 12 15 10 12 15 10 100 12 1 1 1 1 1 100 1 100 1 1 1 1 100 1 1 1 1 1 1 100 1 1 100 1 1 100 1 1 1 100 1 100 1 1
staticfield java/util/Arrays $assertionsDisabled Z 1
ciMethod java/lang/StringLatin1 inflate ([BI[CII)V 250 18820 708 0 -1
ciMethod java/lang/StringLatin1 toChars ([B)[C 502 0 5431 0 520
ciMethod java/lang/StringLatin1 newString ([BII)Ljava/lang/String; 488 0 6399 0 1230
ciInstanceKlass java/lang/StringUTF16 1 1 603 100 1 7 1 10 100 12 1 1 1 10 7 12 1 1 1 100 1 10 3 100 1 100 1 10 8 1 10 12 1 1 10 12 1 8 1 10 12 1 1 10 12 1 9 12 1 1 10 12 1 1 100 1 8 1 10 12 1 9 12 1 1 9 12 1 10 10 12 1 1 10 12 1 1 10 100 12 1 1 1 10 12 1 10 12 1 1 10 12 1 1 10 12 1 1 10 12 1 1 10 12 1 10 12 1 1 10 12 1 1 10 12 1 1 10 12 1 1 10 12 1 1 10 12 1 10 100 12 1 1 1 10 12 1 1 10 100 12 1 1 1 10 12 1 1 10 12 1 10 12 1 1 10 12 1 1 10 12 1 1 10 12 1 10 12 1 100 1 10 12 1 10 10 12 1 10 12 1 1 10 12 1 10 100 12 1 1 1 10 12 1 1 10 12 10 12 1 1 10 12 1 10 12 1 1 10 12 1 10 12 1 10 12 1 10 12 1 10 100 12 1 1 1 3 10 12 1 10 12 1 10 12 1 10 12 1 10 12 1 10 12 1 1 9 12 1 10 12 1 10 12 10 12 1 1 10 12 1 10 12 1 10 12 1 10 10 12 10 12 10 10 12 1 1 10 12 1 10 12 1 10 12 1 100 1 8 1 8 1 10 12 1 1 100 1 10 10 100 12 1 1 1 10 100 12 1 1 8 1 8 1 8 1 10 12 1 1 10 12 1 1 10 12 10 100 12 1 1 10 12 1 1 10 12 1 1 10 12 1 10 12 10 12 10 12 1 10 12 10 12 1 10 12 1 10 12 1 10 12 1 10 100 12 1 1 1 10 100 12 1 1 1 10 12 1 1 11 100 12 1 1 10 12 1 1 10 12 1 10 12 10 12 10 7 12 1 1 1 10 7 12 1 1 1 10 12 1 1 1 1 1 1 1 1 1 1 1 1 1 1 1 1 1 1 1 1 1 1 1 1 1 1 1 1 1 1 100 1 1 1 1 1 1 1 1 1 1 1 1 1 1 1 1 1 1 1 1 1 1 1 1 1 1 1 1 1 1 1 1 1 1 1 1 1 1 1 1 1 1 1 1 1 1 1 1 1 1 1 1 1 1 1 1 1 1 1 1 1 1 1 1 1 1 1 1 1 1 1 1 1 1 1 1 1 1 1 1 1 1 1 1 1 1 1 1 1 100 1 1 1 1 1 1 1 1 1 1 1 1 1 1 1 1 1 100 1 1 1 1 1 1 1 1 1 1 1 1 1 1 1 1 1 1 1 1 1 1 1 1 1 1 1 1 1 1 1 1 1 1 1 1 1 1 1 1 1 1 1 1 1 1 1 1 1 100 1 100 1 1 1 1 1
staticfield java/lang/StringUTF16 HI_BYTE_SHIFT I 0
staticfield java/lang/StringUTF16 LO_BYTE_SHIFT I 8
staticfield java/lang/StringUTF16 $assertionsDisabled Z 1
ciInstanceKlass jdk/internal/misc/Unsafe 1 1 1248 10 7 12 1 1 1 10 7 12 1 1 9 12 1 1 9 12 1 1 10 12 1 1 10 7 12 1 1 1 10 12 1 1 10 12 1 1 10 12 1 1 10 12 1 1 10 12 1 1 10 12 1 1 10 12 1 1 10 12 1 1 10 12 1 1 10 12 1 1 10 12 1 1 10 12 1 1 10 12 1 1 10 12 1 10 12 1 100 1 10 10 12 1 1 10 12 1 1 5 0 10 12 1 1 10 12 1 1 10 7 12 1 1 1 10 12 1 1 10 12 1 10 12 1 10 12 1 1 10 12 1 1 10 12 1 10 12 1 100 1 100 1 10 8 1 10 12 1 1 10 12 1 8 1 10 12 1 1 10 12 1 10 12 1 10 12 1 1 10 12 1 10 12 1 1 10 12 1 1 10 12 1 10 12 1 10 12 1 10 12 1 1 10 12 1 10 12 1 10 12 1 1 10 12 1 5 0 5 0 5 0 10 12 1 10 12 1 10 12 1 10 12 1 10 12 1 10 12 1 10 12 1 10 12 1 10 12 1 1 10 12 1 10 12 1 100 1 8 1 10 100 1 10 10 12 1 1 10 12 1 1 10 12 1 10 12 1 1 10 12 1 1 10 12 1 10 12 1 1 10 12 1 9 7 12 1 1 9 12 1 100 1 10 10 12 1 1 8 1 10 8 1 8 1 10 12 1 1 9 7 12 1 1 1 9 100 1 9 7 1 9 7 1 9 9 100 1 9 7 1 9 100 1 10 12 1 1 10 12 1 1 10 12 1 1 10 12 1 1 5 0 5 0 9 12 1 1 10 12 1 10 12 1 10 12 1 1 10 12 1 1 10 12 1 8 1 3 10 12 1 1 10 12 1 1 10 12 1 10 12 1 1 10 12 1 1 10 12 1 10 12 1 10 12 1 10 12 1 10 12 1 10 12 1 1 10 12 1 1 10 12 1 10 12 1 10 12 1 10 12 1 10 12 1 10 12 1 1 10 12 1 1 10 12 1 10 12 1 10 12 1 10 12 1 10 12 1 10 12 1 1 10 12 1 1 10 12 1 1 10 12 1 1 10 12 1 10 12 1 10 12 1 10 12 1 10 12 1 10 12 1 10 12 1 1 10 12 1 1 10 12 1 10 12 1 10 12 1 10 12 1 10 12 1 10 12 1 10 12 1 1 10 12 1 1 10 12 1 10 12 1 10 12 1 10 12 1 10 12 1 10 12 1 10 12 1 10 12 1 1 10 12 1 10 12 1 10 12 1 10 12 1 10 12 1 1 10 12 1 10 12 1 10 12 1 10 12 1 10 12 1 10 12 1 10 12 1 10 12 1 1 10 12 1 10 12 1 10 12 1 10 12 1 10 12 1 10 12 1 1 10 12 1 10 12 1 10 12 1 1 10 12 1 10 12 1 10 12 1 10 12 1 10 12 1 10 12 1 10 12 1 10 12 1 10 12 1 10 12 1 10 12 1 10 12 1 10 12 1 10 12 1 10 12 1 10 12 1 10 12 1 10 12 1 10 12 1 10 12 1 10 12 1 10 12 1 10 12 1 100 1 10 100 1 10 9 12 1 5 0 10 12 1 1 5 0 10 12 1 5 0 10 12 1 10 12 1 10 12 1 1 10 12 1 1 10 12 1 10 12 1 10 12 1 10 12 1 1 10 12 1 10 12 1 10 12 1 10 12 1 10 12 1 1 10 12 1 10 12 1 10 12 1 10 12 1 1 10 12 1 10 12 1 10 12 1 1 10 12 1 10 12 1 10 12 1 10 12 1 1 10 12 1 10 10 12 1 1 10 12 1 10 12 1 1 10 12 1 10 12 5 0 5 0 5 0 10 12 1 1 10 12 1 10 12 1 10 12 10 100 12 1 1 8 1 100 1 11 12 1 1 8 1 11 12 1 1 10 100 12 1 1 10 12 1 10 7 1 10 12 1 1 9 12 1 1 7 1 9 12 1 7 1 9 12 1 7 1 9 12 1 7 1 9 12 1 7 1 9 12 1 7 1 9 12 1 7 1 9 12 1 7 1 9 12 1 10 12 1 9 12 1 9 12 1 9 12 1 9 12 1 9 12 1 9 12 1 9 12 1 9 12 1 9 12 1 9 12 1 1 1 5 0 1 1 1 1 1 1 1 1 1 1 1 1 1 1 1 1 1 1 1 1 1 1 1 1 1 1 1 1 1 1 1 1 1 1 1 1 1 1 1 1 1 1 1 1 1 1 1 1 1 1 1 1 1 1 1 1 1 1 1 1 1 1 1 1 1 1 1 1 1 1 1 1 1 1 1 1 1 1 1 1 1 1 1 1 1 1 1 1 1 1 100 1 1 1 1 1 1 1 1 1 1 1 1 1 1 1 1 1 1 1 1 1 1 1 1 1 1 1 1 1 1 1 1 1 1 1 1 1 1 1 1 1 1 1 1 1 1 1 1 1 1 1 1 1 1 1 1 1 1 1 1 1 1 1 1 1 1 1 1 1 1 1 1 1 1 1 1 1 1 1 1 1 1 1 1 1 1 1 1 1 1 1 1 1 1 1 1 1 1 1 1 1 1 1 1 1 1 1 1 1 1 1 1 1 1 1 1 1 1 1 1 1 1 1 1 1 1 1 1 1 1 1 1 1 1 1 1 1 1 1 1 1 1 1 1 1 1 1 1 1 1 1 1 1 1 1 1 1 1 1 1 1 1 1 1 1 1 1 1 1 1 1 1 1 1 1 1 1 1 1 1 1 1 1 1 1 1 1 1 1 1 1 1 1 1 1 1 1 1 1 1 1 1 1 1 1 1 1 1 1 1 1 1 1
staticfield jdk/internal/misc/Unsafe theUnsafe Ljdk/internal/misc/Unsafe; jdk/internal/misc/Unsafe
staticfield jdk/internal/misc/Unsafe ARRAY_BOOLEAN_BASE_OFFSET J 16
staticfield jdk/internal/misc/Unsafe ARRAY_BYTE_BASE_OFFSET J 16
staticfield jdk/internal/misc/Unsafe ARRAY_SHORT_BASE_OFFSET J 16
staticfield jdk/internal/misc/Unsafe ARRAY_CHAR_BASE_OFFSET J 16
staticfield jdk/internal/misc/Unsafe ARRAY_INT_BASE_OFFSET J 16
staticfield jdk/internal/misc/Unsafe ARRAY_LONG_BASE_OFFSET J 16
staticfield jdk/internal/misc/Unsafe ARRAY_FLOAT_BASE_OFFSET J 16
staticfield jdk/internal/misc/Unsafe ARRAY_DOUBLE_BASE_OFFSET J 16
staticfield jdk/internal/misc/Unsafe ARRAY_OBJECT_BASE_OFFSET J 16
staticfield jdk/internal/misc/Unsafe ARRAY_BOOLEAN_INDEX_SCALE I 1
staticfield jdk/internal/misc/Unsafe ARRAY_BYTE_INDEX_SCALE I 1
staticfield jdk/internal/misc/Unsafe ARRAY_SHORT_INDEX_SCALE I 2
staticfield jdk/internal/misc/Unsafe ARRAY_CHAR_INDEX_SCALE I 2
staticfield jdk/internal/misc/Unsafe ARRAY_INT_INDEX_SCALE I 4
staticfield jdk/internal/misc/Unsafe ARRAY_LONG_INDEX_SCALE I 8
staticfield jdk/internal/misc/Unsafe ARRAY_FLOAT_INDEX_SCALE I 4
staticfield jdk/internal/misc/Unsafe ARRAY_DOUBLE_INDEX_SCALE I 8
staticfield jdk/internal/misc/Unsafe ARRAY_OBJECT_INDEX_SCALE I 4
staticfield jdk/internal/misc/Unsafe ADDRESS_SIZE I 8
ciMethod java/lang/StringUTF16 compress ([CI[BII)I 160 21276 1673 0 -1
ciMethod java/lang/StringUTF16 compress ([BII)[B 0 0 2 0 -1
ciMethod java/lang/StringUTF16 compress ([CII)[B 158 0 11003 0 -1
ciMethod java/lang/StringUTF16 compress ([BI[BII)I 0 0 2 0 -1
ciMethod java/lang/StringUTF16 toBytes ([CII)[B 0 0 1 0 -1
ciMethod java/lang/StringUTF16 getChars ([BII[CI)V 2 512 333 0 -1
ciMethod java/lang/StringUTF16 getChar ([BI)C 512 0 11592 0 -1
ciMethod java/lang/StringUTF16 coderFromArrayLen ([BI)B 158 0 10746 0 -1
ciMethod java/lang/StringUTF16 toChars ([B)[C 10 0 157 0 0
ciMethod java/lang/StringUTF16 newString ([BII)Ljava/lang/String; 0 0 2 0 0
ciInstanceKlass java/lang/Thread$FieldHolder 1 1 55 10 7 12 1 1 1 9 7 12 1 1 1 9 12 1 1 9 12 1 1 9 12 1 1 9 12 1 1 1 1 1 1 1 1 1 1 1 1 100 1 100 1 1 1 1 100 1 1 1 100 1 100 1 1
ciInstanceKlass java/lang/Thread$Constants 0 0 47 100 1 10 100 12 1 1 1 10 12 1 1 10 12 1 1 10 100 12 1 1 8 1 10 12 1 9 100 12 1 1 1 1 1 1 1 1 1 1 1 1 1 1 1 1 1
ciInstanceKlass java/lang/ThreadGroup 1 1 380 10 7 12 1 1 1 9 7 12 1 1 1 8 1 9 12 1 1 100 1 9 12 1 1 9 12 1 1 10 7 12 1 1 1 10 12 1 1 10 12 1 10 12 1 1 10 12 1 1 10 12 1 10 12 1 10 12 1 10 100 12 1 1 1 10 12 1 1 18 12 1 1 11 100 12 1 1 1 10 12 1 1 10 12 1 1 10 12 1 1 10 100 12 1 1 1 10 12 1 11 12 1 1 11 100 12 1 1 11 12 1 1 10 12 1 1 10 12 1 10 12 1 11 12 1 11 12 1 1 10 12 1 100 1 10 18 12 1 1 11 100 12 1 1 1 11 12 1 1 9 100 12 1 1 1 10 12 1 1 8 1 10 100 12 1 1 1 10 100 12 1 1 1 10 12 1 1 11 12 10 12 1 1 10 12 1 1 11 100 1 9 12 1 100 1 10 8 1 10 12 1 1 10 12 1 1 8 1 10 12 1 10 100 12 1 1 1 10 12 1 1 10 7 1 8 1 10 8 1 10 12 1 10 12 1 8 1 9 12 1 1 9 12 1 10 100 12 1 1 1 100 9 12 1 1 7 1 9 12 1 10 12 10 12 1 1 100 10 12 9 12 1 10 12 1 100 1 10 100 1 10 10 12 1 10 12 1 1 1 1 1 1 1 1 1 1 1 1 1 1 1 1 3 1 1 1 1 1 1 1 1 1 1 1 100 1 1 1 1 1 1 1 1 1 1 1 1 1 1 1 1 1 1 1 1 1 1 1 1 1 1 1 1 1 1 1 1 1 1 1 1 1 1 1 1 16 15 10 12 16 16 15 10 12 16 15 10 100 12 1 1 1 1 1 100 1 100 1 1
staticfield java/lang/ThreadGroup $assertionsDisabled Z 1
ciInstanceKlass java/lang/Thread$UncaughtExceptionHandler 1 0 16 100 1 100 1 1 1 1 1 1 1 1 100 1 1 1
instanceKlass java/lang/ThreadBuilders$BoundVirtualThread
instanceKlass java/lang/VirtualThread
ciInstanceKlass java/lang/BaseVirtualThread 0 0 36 10 100 12 1 1 1 100 1 1 1 1 1 1 1 1 1 1 1 1 1 1 1 1 1 1 1 1 100 1 100 1 1 100 1 1
ciInstanceKlass java/lang/VirtualThread 0 0 930 9 100 12 1 1 1 9 12 1 1 10 100 12 1 1 1 10 100 12 1 1 1 10 100 12 1 1 1 9 12 1 1 100 1 10 12 1 9 12 1 1 18 12 1 1 9 12 1 1 10 12 1 1 100 1 10 12 1 10 12 1 1 10 12 1 1 10 12 1 10 12 1 1 9 12 1 1 10 12 1 10 100 12 1 10 12 1 10 12 1 10 12 1 10 12 1 9 12 1 1 11 100 12 1 1 1 10 10 12 1 11 100 12 1 1 1 10 12 1 100 1 10 12 1 1 100 1 9 12 1 1 5 0 10 100 12 1 1 1 9 12 1 100 1 100 1 10 10 100 12 1 1 1 10 100 12 1 1 1 10 12 1 1 10 12 1 10 12 1 1 10 12 1 10 12 10 12 1 100 1 10 10 12 1 10 12 1 1 9 12 1 1 10 12 1 1 9 12 1 1 10 12 1 9 12 1 10 100 12 1 1 10 9 10 10 12 1 1 10 12 1 1 10 100 12 1 1 10 100 1 10 9 10 100 1 10 12 1 1 10 12 1 10 10 12 1 1 9 12 1 10 12 1 10 12 1 9 12 1 1 10 12 1 10 12 1 10 12 1 1 9 12 1 1 10 12 1 10 12 1 1 10 12 1 10 12 1 1 9 12 1 18 9 100 12 1 1 1 10 12 1 1 9 12 1 10 12 1 10 12 1 1 10 12 1 9 12 1 1 18 12 1 9 12 1 9 12 1 10 12 9 12 1 1 10 100 12 1 1 10 12 1 10 12 1 1 10 100 12 1 1 10 12 1 100 1 8 1 10 12 1 10 12 1 1 10 12 1 10 12 1 10 12 1 10 100 12 1 1 10 12 1 10 12 1 10 12 1 10 12 1 10 100 12 1 1 8 1 10 12 1 10 12 1 10 12 1 10 12 1 1 10 12 1 10 12 10 12 10 12 1 100 1 10 10 12 1 10 12 1 1 10 12 1 1 10 12 1 10 12 1 10 12 1 1 10 12 1 1 11 100 12 1 1 11 12 1 10 12 9 100 12 1 1 1 9 12 1 10 12 1 1 9 12 1 9 12 1 9 12 1 9 12 1 100 1 10 10 12 1 1 10 12 1 100 1 100 1 10 8 1 10 12 1 1 10 12 1 10 12 1 10 10 12 1 8 1 10 10 12 1 10 12 1 10 100 12 1 1 8 1 8 1 10 12 1 1 10 10 9 100 12 1 1 1 10 12 1 1 10 12 1 10 10 12 9 12 1 10 12 1 1 10 12 1 9 12 1 10 12 1 1 9 12 1 10 12 1 1 9 12 1 10 12 1 1 18 12 1 1 8 1 10 12 1 1 8 1 8 1 10 100 12 1 1 1 10 100 12 1 1 1 10 12 1 10 12 1 1 10 12 1 18 12 1 1 18 12 1 1 5 0 9 12 1 10 12 1 10 12 1 10 100 1 10 12 1 1 9 12 1 9 12 1 1 10 12 1 1 10 12 1 10 12 10 12 1 1 10 100 12 1 1 10 12 1 1 100 1 8 1 10 10 12 1 8 10 12 1 1 8 8 9 12 1 8 8 10 12 1 10 12 1 1 8 1 18 12 1 10 100 12 1 1 10 12 1 10 12 1 3 1 3 1 3 1 3 1 3 1 3 1 3 1 3 1 3 1 3 1 3 1 3 1 3 3 1 3 3 1 3 3 1 3 3 1 3 1 1 1 1 1 1 1 1 1 1 1 1 1 1 1 1 1 100 1 1 1 1 1 1 1 1 1 1 1 1 1 1 1 1 1 1 1 1 100 1 1 1 1 1 1 1 1 1 1 1 1 1 1 1 1 1 1 1 1 1 1 1 1 1 1 1 1 1 1 1 1 1 100 1 1 1 1 1 1 1 1 1 1 1 1 1 1 1 1 1 1 1 1 1 1 1 1 1 1 1 100 1 1 1 1 1 1 1 1 1 1 1 1 1 1 1 1 1 1 1 1 1 1 100 1 1 16 15 10 12 15 10 12 15 10 12 16 15 10 12 16 15 10 12 16 15 10 12 16 15 10 12 15 10 100 12 1 1 1 1 1 1 1 100 1 1 1 100 1 100 1 1
ciInstanceKlass java/lang/ThreadBuilders$BoundVirtualThread 0 0 132 10 100 12 1 1 1 9 100 12 1 1 1 10 100 12 1 1 1 9 12 1 1 10 12 1 1 10 12 1 1 9 12 1 1 10 100 12 1 1 1 10 12 1 1 100 1 8 1 10 12 1 10 12 1 1 10 12 1 1 10 12 1 1 10 100 12 1 1 1 8 1 10 12 1 8 1 10 12 1 1 10 100 12 1 1 9 100 12 1 1 1 10 12 1 1 10 10 12 1 1 1 1 1 1 1 1 1 1 1 1 1 1 1 1 1 1 1 1 1 1 1 1 1 1 1 1 100 1 1 1 1
instanceKlass lombok/javac/handlers/HandleDelegate$DelegateRecursion
instanceKlass org/apache/maven/artifact/repository/metadata/RepositoryMetadataDeploymentException
instanceKlass org/apache/maven/artifact/repository/metadata/RepositoryMetadataInstallationException
instanceKlass java/lang/Exception
instanceKlass java/lang/Error
ciInstanceKlass java/lang/Throwable 1 1 403 10 7 12 1 1 1 9 7 12 1 1 1 9 12 1 1 9 12 1 9 12 1 1 9 12 1 10 12 1 1 9 12 1 1 10 12 1 1 10 100 12 1 1 1 9 12 1 1 10 12 1 1 10 12 1 100 1 100 1 10 8 1 10 12 1 1 8 1 10 100 12 1 1 10 10 12 1 100 1 8 1 10 10 7 12 1 1 10 12 1 8 1 9 100 12 1 1 1 10 12 1 1 100 1 10 12 10 12 1 100 1 10 10 7 12 1 1 1 11 100 12 1 1 1 10 100 12 1 1 1 10 12 1 1 10 12 1 1 8 1 10 12 1 10 12 1 1 8 1 8 1 10 12 1 1 10 12 1 8 1 8 1 9 12 1 10 100 12 1 1 100 1 10 11 12 1 8 1 8 1 10 7 12 1 1 8 1 10 12 1 8 1 100 1 10 12 1 9 12 1 1 10 12 1 10 7 12 1 9 12 1 1 10 12 1 1 100 1 8 1 10 12 1 10 100 12 1 1 10 12 1 1 100 1 10 100 12 1 1 1 10 12 1 11 100 12 1 1 1 11 100 12 1 1 1 11 12 1 8 1 10 12 1 1 8 1 10 10 9 100 12 1 1 1 8 1 10 12 1 1 11 10 100 1 8 1 10 11 12 1 1 8 1 9 12 1 10 100 12 1 1 11 9 12 1 1 11 12 1 1 100 10 12 1 10 12 1 1 100 1 1 1 1 5 0 1 1 1 1 1 1 1 1 1 1 1 1 100 1 1 1 1 1 1 1 1 1 1 1 1 1 1 1 1 1 1 1 1 1 1 1 1 1 1 1 1 1 1 1 1 1 1 1 1 1 1 1 1 1 1 1 100 1 100 1 1 1 1 1 1 1 1 1 1 1 1 1 1 1 1 1 1
staticfield java/lang/Throwable UNASSIGNED_STACK [Ljava/lang/StackTraceElement; 0 [Ljava/lang/StackTraceElement;
staticfield java/lang/Throwable SUPPRESSED_SENTINEL Ljava/util/List; java/util/Collections$EmptyList
staticfield java/lang/Throwable EMPTY_THROWABLE_ARRAY [Ljava/lang/Throwable; 0 [Ljava/lang/Throwable;
staticfield java/lang/Throwable $assertionsDisabled Z 1
ciInstanceKlass jdk/internal/vm/ContinuationScope 0 0 50 10 100 12 1 1 1 10 100 12 1 1 1 100 1 9 100 12 1 1 1 10 12 1 1 10 100 12 1 1 1 10 12 1 1 10 12 1 1 1 1 1 1 1 1 1 1 1 1 1
ciInstanceKlass jdk/internal/vm/StackChunk 1 1 32 10 100 12 1 1 1 9 100 12 1 1 1 9 12 1 1 9 12 1 1 1 1 1 1 1 1 1 1 1 1 1
ciInstanceKlass java/lang/Boolean 1 1 146 10 7 12 1 1 1 9 7 12 1 1 1 10 12 1 1 10 12 1 8 1 10 7 12 1 1 9 12 1 1 9 12 1 10 12 1 1 10 12 1 1 10 12 1 1 10 12 1 10 7 12 1 1 1 10 12 1 1 9 100 12 1 1 9 12 10 100 12 1 1 1 10 12 1 1 8 1 10 7 12 1 1 1 9 12 1 1 100 1 100 1 100 1 1 1 1 1 1 5 0 1 1 1 1 1 1 1 1 1 1 1 1 1 1 1 1 1 1 1 1 1 1 1 1 1 1 1 1 1 1 1 1 1 1 1 100 1 1 1 1 1 1 1 1 1
staticfield java/lang/Boolean TRUE Ljava/lang/Boolean; java/lang/Boolean
staticfield java/lang/Boolean FALSE Ljava/lang/Boolean; java/lang/Boolean
staticfield java/lang/Boolean TYPE Ljava/lang/Class; java/lang/Class
ciMethod java/lang/Boolean booleanValue ()Z 258 0 129 0 -1
ciMethod java/lang/Boolean valueOf (Z)Ljava/lang/Boolean; 592 0 11782 0 -1
ciInstanceKlass java/lang/Character 1 1 603 7 1 100 1 100 1 9 12 1 1 8 1 9 12 1 1 100 1 9 12 1 1 10 100 12 1 1 1 10 100 12 1 1 1 10 100 12 1 1 1 10 7 12 1 1 1 9 7 12 1 1 1 10 12 1 10 12 1 1 10 12 1 1 10 7 12 1 1 10 12 1 1 3 3 3 3 3 10 12 1 1 10 12 1 3 11 7 12 1 1 1 11 12 1 1 10 12 1 1 10 12 1 1 100 1 10 10 12 1 3 10 12 1 1 10 12 1 10 12 1 1 100 1 8 1 10 12 1 1 10 12 1 10 12 1 10 12 1 10 100 12 1 1 1 10 12 1 10 12 1 10 12 1 1 10 12 1 10 7 12 1 1 10 10 12 1 10 10 12 1 10 12 1 1 10 12 1 10 10 12 1 10 12 1 10 12 1 10 12 1 10 12 1 10 12 1 10 12 1 10 12 10 10 12 10 10 12 1 10 10 12 1 10 10 12 1 10 10 12 1 10 12 1 10 12 1 10 12 1 10 12 1 10 12 1 10 12 1 10 10 12 1 10 10 12 1 10 10 12 1 1 10 10 12 1 10 5 0 10 12 1 10 12 1 10 10 12 1 10 10 12 1 1 10 10 12 1 10 10 12 1 9 12 1 1 100 1 10 10 12 1 10 12 1 1 3 10 100 12 1 1 1 10 12 1 10 100 12 1 1 100 1 10 10 12 1 1 10 12 1 1 10 12 1 1 8 1 10 12 1 9 100 12 1 1 1 10 12 1 10 10 12 1 10 12 1 1 10 12 1 10 10 12 1 1 10 10 12 1 1 100 1 8 1 10 12 1 1 10 7 12 1 1 1 8 1 10 12 1 1 9 12 1 1 100 1 100 1 100 1 1 1 1 3 1 3 1 3 1 3 1 1 1 1 1 3 1 1 3 1 3 1 3 1 3 1 3 1 3 1 3 1 3 1 3 1 3 1 3 1 3 1 3 1 3 1 3 1 3 1 3 1 3 1 3 1 3 1 3 1 3 1 3 1 3 1 3 1 3 1 3 1 3 1 1 1 1 1 1 1 1 1 1 1 1 1 1 1 1 1 1 1 3 1 1 1 1 1 1 1 3 1 1 3 1 1 1 1 1 3 1 1 5 0 1 1 1 1 1 1 1 1 1 1 1 1 1 1 1 1 1 1 1 1 1 1 1 1 1 1 1 1 1 1 1 1 1 1 1 1 1 1 1 1 1 1 1 1 1 1 1 1 1 1 1 1 1 1 1 1 1 1 1 1 1 1 1 1 1 1 1 1 1 1 1 1 1 1 1 1 1 1 1 1 1 1 1 1 1 1 1 1 1 100 1 100 1 1 1 1 1 1
staticfield java/lang/Character TYPE Ljava/lang/Class; java/lang/Class
staticfield java/lang/Character $assertionsDisabled Z 1
ciInstanceKlass java/lang/Float 1 1 277 7 1 100 1 10 7 12 1 1 1 10 100 12 1 1 1 4 100 1 10 12 1 1 10 12 1 1 8 1 8 1 10 100 12 1 1 1 10 12 1 1 10 12 1 1 10 100 1 4 10 7 12 1 1 9 12 1 1 10 12 1 1 10 12 1 10 10 12 1 1 10 12 1 10 12 1 3 3 100 1 4 4 4 3 10 12 1 1 9 12 1 1 100 1 10 3 3 4 4 10 12 1 3 3 3 10 12 1 1 10 12 1 1 10 12 1 10 100 12 1 1 1 10 12 1 1 10 12 1 1 10 7 12 1 1 1 8 1 10 12 1 1 9 12 1 1 100 1 100 1 100 1 1 1 1 4 1 4 1 1 1 4 1 1 3 1 3 1 3 1 3 1 3 1 1 1 1 5 0 1 1 1 1 1 1 1 1 1 1 7 1 1 1 1 1 1 1 1 1 1 1 1 1 1 1 1 1 1 1 1 1 1 1 1 1 1 1 1 1 1 1 1 1 1 1 1 1 1 1 1 1 1 1 1 1 1 1 1 1 1 1 1 1 1 1 1 1 1 1 1 1 1 1 1 1 1 1 1 1 1 1 1 1 7 1 1 1 1 1 1 1 100 1 100 1 1
staticfield java/lang/Float TYPE Ljava/lang/Class; java/lang/Class
staticfield java/lang/Float $assertionsDisabled Z 1
instanceKlass java/math/BigInteger
instanceKlass java/util/concurrent/atomic/AtomicLong
instanceKlass java/util/concurrent/atomic/AtomicInteger
instanceKlass java/lang/Long
instanceKlass java/lang/Integer
instanceKlass java/lang/Short
instanceKlass java/lang/Byte
instanceKlass java/lang/Double
instanceKlass java/lang/Float
ciInstanceKlass java/lang/Number 1 1 37 10 7 12 1 1 1 10 100 12 1 1 1 100 1 1 1 1 5 0 1 1 1 1 1 1 1 1 1 1 1 1 1 1 1 1 1
ciInstanceKlass java/lang/Double 1 1 288 7 1 100 1 10 100 12 1 1 1 10 12 1 1 10 100 1 10 12 1 1 10 100 12 1 1 1 6 0 8 1 10 12 1 1 8 1 10 12 1 1 8 1 6 0 10 12 1 1 100 1 5 0 5 0 8 1 8 1 10 100 12 1 1 1 10 100 12 1 1 1 8 1 10 12 1 1 8 1 8 1 8 1 10 12 1 1 10 12 1 10 12 1 1 10 12 1 10 12 1 10 12 1 1 10 12 1 10 7 1 6 0 10 7 12 1 1 9 12 1 1 10 12 1 10 12 1 10 12 1 10 12 1 10 12 1 5 0 10 12 1 1 10 12 1 10 12 1 10 100 12 1 1 1 10 12 1 1 10 12 1 1 8 1 10 7 12 1 1 1 9 12 1 1 100 1 100 1 100 1 1 1 6 0 1 6 0 1 6 0 1 1 1 6 0 1 1 3 1 3 1 3 1 3 1 3 1 1 1 1 5 0 1 1 1 1 1 1 1 1 1 1 1 1 1 1 1 1 7 1 1 1 1 1 1 1 1 1 1 1 1 1 1 1 1 1 1 1 1 1 1 1 1 1 1 1 1 1 1 1 1 1 1 1 1 1 1 1 1 1 1 1 1 1 7 1 1 1 1 1 1 1 100 1 100 1 1
staticfield java/lang/Double TYPE Ljava/lang/Class; java/lang/Class
ciInstanceKlass java/lang/Byte 1 1 212 7 1 100 1 10 100 12 1 1 1 9 12 1 1 8 1 9 12 1 1 100 1 10 12 1 1 10 12 1 1 10 100 12 1 1 1 10 100 12 1 1 1 9 100 12 1 1 1 10 12 1 1 7 1 100 1 10 12 1 1 8 1 10 12 1 1 8 1 10 12 1 10 12 1 10 12 1 10 12 1 1 10 12 1 10 12 1 10 12 1 1 10 8 1 8 1 10 7 1 9 12 1 1 10 12 1 1 10 12 1 1 10 12 1 1 10 12 1 5 0 10 12 1 1 8 1 10 7 12 1 1 1 9 12 1 1 100 1 100 1 1 1 3 1 3 1 1 1 1 3 1 3 1 1 5 0 1 1 1 1 1 1 1 1 1 1 1 1 1 1 1 1 1 1 1 1 1 1 1 1 1 1 1 1 1 1 1 1 1 1 1 1 1 1 1 1 1 1 1 1 1 1 1 1 1 1 1 1 1 1 1
staticfield java/lang/Byte TYPE Ljava/lang/Class; java/lang/Class
ciInstanceKlass java/lang/Short 1 1 220 7 1 100 1 100 1 10 100 12 1 1 1 10 12 1 1 7 1 100 1 10 12 1 1 8 1 10 12 1 1 8 1 10 12 1 10 12 1 10 12 1 10 12 1 1 10 12 1 1 10 12 1 9 12 1 1 8 1 9 12 1 1 100 1 10 12 1 1 10 12 1 10 100 12 1 1 1 10 100 12 1 1 1 9 100 12 1 1 1 10 12 1 10 12 1 1 10 8 1 8 1 10 7 1 9 12 1 1 10 12 1 1 10 12 1 1 10 12 1 1 10 12 1 3 3 5 0 10 12 1 1 8 1 10 7 12 1 1 1 9 12 1 1 100 1 100 1 1 1 3 1 3 1 1 1 1 3 1 3 1 1 5 0 1 1 1 1 1 1 1 1 1 1 1 1 1 1 1 1 1 1 1 1 1 1 1 1 1 1 1 1 1 1 1 1 1 1 1 1 1 1 1 1 1 1 1 1 1 1 1 1 1 1 1 1 1 1 1 1
staticfield java/lang/Short TYPE Ljava/lang/Class; java/lang/Class
ciInstanceKlass java/lang/Integer 1 1 436 7 1 100 1 7 1 7 1 10 12 1 1 9 12 1 1 9 12 1 1 10 7 12 1 1 1 10 12 1 1 10 100 12 1 1 1 10 10 12 1 1 10 100 12 1 1 1 10 12 1 10 12 1 1 10 7 12 1 1 1 10 12 1 1 10 12 1 1 10 12 1 10 7 12 1 1 10 12 1 1 10 12 1 10 12 1 7 1 8 1 10 12 1 8 1 100 1 10 12 1 1 10 12 1 1 8 1 10 12 1 1 8 1 10 12 1 1 10 12 1 1 10 12 1 1 3 3 10 7 12 1 1 1 11 7 1 10 12 1 1 11 10 12 1 1 10 12 1 1 8 1 10 12 1 10 12 1 8 1 100 1 10 12 1 8 1 10 12 1 1 10 12 1 8 1 10 12 1 10 12 1 7 1 9 12 1 1 9 12 1 1 10 12 1 10 7 1 9 12 1 10 12 1 10 12 1 10 12 1 1 10 12 1 1 10 7 12 1 1 1 10 12 1 1 8 1 8 1 10 12 1 1 8 1 8 1 8 1 8 1 8 1 8 1 10 12 1 10 12 1 10 12 1 5 0 3 3 3 3 10 12 1 10 12 1 3 10 12 1 10 100 12 1 1 1 10 12 1 1 10 12 1 1 8 1 10 7 12 1 1 1 9 12 1 1 100 1 100 1 100 1 1 1 1 3 1 1 1 1 1 3 1 3 1 1 5 0 1 1 1 1 1 1 1 1 1 100 1 1 1 1 1 1 1 1 1 1 1 1 1 1 1 1 1 1 1 1 1 1 1 1 1 1 1 1 1 1 1 1 1 1 1 1 1 1 1 1 1 1 1 1 1 1 1 1 1 1 1 1 1 1 1 1 1 1 1 1 1 1 1 1 1 1 1 1 1 1 1 1 1 1 1 1 1 1 1 1 1 1 1 1 1 1 1 1 1 1 1 1 1 7 1 1 1 1 1 1 1 1 1 100 1 100 1 1
staticfield java/lang/Integer TYPE Ljava/lang/Class; java/lang/Class
staticfield java/lang/Integer digits [B 36
ciInstanceKlass java/lang/Long 1 1 498 7 1 100 1 7 1 7 1 10 12 1 1 9 12 1 1 9 7 12 1 1 1 10 100 12 1 1 1 10 12 1 1 10 100 12 1 1 1 10 10 12 10 12 1 10 12 1 10 12 1 5 0 5 0 100 1 10 12 1 1 10 12 1 1 10 12 1 10 12 1 10 12 1 10 12 1 1 10 100 12 1 1 10 12 1 10 12 1 1 10 12 1 1 10 12 1 1 10 12 1 1 10 100 12 1 1 1 10 12 1 1 10 12 1 10 12 1 10 100 12 1 1 10 12 1 1 10 12 1 10 12 1 7 1 8 1 10 12 1 8 1 100 1 10 12 1 10 12 1 1 8 1 10 12 1 1 8 1 10 12 1 1 10 12 1 1 10 12 1 1 5 0 5 0 10 100 12 1 1 1 11 100 1 10 12 1 1 11 10 12 1 1 10 12 1 1 8 1 5 0 10 12 1 1 10 12 1 1 8 1 8 1 10 12 1 8 1 10 12 1 10 12 1 5 0 5 0 9 7 12 1 1 1 10 12 1 10 12 1 1 8 1 8 1 10 12 1 1 8 1 8 1 8 1 8 1 8 1 8 1 10 12 1 10 12 1 10 7 1 9 12 1 1 10 12 1 10 12 1 1 10 12 1 1 10 100 12 1 1 1 10 12 1 1 10 12 1 10 12 1 10 12 1 5 0 5 0 5 0 10 12 1 1 10 12 1 5 0 5 0 10 12 10 12 1 10 100 12 1 1 1 10 12 1 1 10 12 1 1 8 1 10 7 12 1 1 1 9 12 1 1 100 1 100 1 100 1 1 1 1 5 0 1 1 1 1 3 1 3 1 5 0 1 1 1 1 1 1 1 1 1 100 1 1 1 1 1 1 1 1 1 1 1 1 1 1 1 1 1 1 1 1 1 1 1 1 1 1 1 1 1 1 1 1 1 1 1 1 1 1 1 1 1 1 1 1 1 1 1 1 1 1 1 1 1 1 1 1 1 1 1 1 1 1 1 1 1 1 1 1 1 1 1 1 1 1 1 1 1 1 1 1 1 1 1 1 1 1 1 1 1 1 1 1 1 1 1 1 1 1 1 1 7 1 1 1 1 1 1 1 1 1 100 1 100 1 1
staticfield java/lang/Long TYPE Ljava/lang/Class; java/lang/Class
ciInstanceKlass java/lang/Void 1 1 31 10 100 12 1 1 1 8 1 10 7 12 1 1 1 9 7 12 1 1 1 1 1 1 1 1 1 1 1 1 1
staticfield java/lang/Void TYPE Ljava/lang/Class; java/lang/Class
ciInstanceKlass jdk/internal/vm/vector/VectorSupport 0 0 597 100 1 10 100 12 1 1 1 9 12 1 1 10 100 12 1 1 1 100 1 10 12 1 11 100 12 1 1 1 11 100 12 1 1 1 11 100 12 1 1 1 11 100 12 1 1 11 100 12 1 1 11 100 12 1 1 11 100 12 1 1 11 100 12 1 1 11 100 12 1 1 11 100 12 1 1 11 100 12 1 1 1 11 100 12 1 1 11 100 12 1 1 1 11 100 12 1 1 1 11 100 12 1 1 11 100 12 1 1 1 11 100 12 1 1 100 1 10 12 1 1 11 100 12 1 1 11 100 12 1 1 11 100 12 1 1 11 100 1 11 100 12 1 1 11 100 12 1 1 11 100 12 1 1 9 12 1 1 10 100 12 1 1 11 100 12 1 1 10 100 12 1 1 1 10 100 12 1 1 10 12 1 1 10 12 1 1 1 1 1 3 1 3 1 3 1 3 1 3 1 3 1 3 1 3 1 3 1 3 1 3 1 3 1 3 1 3 1 3 1 3 1 3 1 3 1 3 1 3 1 3 1 3 1 3 1 3 1 3 1 3 1 3 1 3 1 3 1 3 1 3 1 3 1 3 1 3 1 3 1 3 1 3 1 3 1 3 1 3 1 3 1 3 1 3 1 3 1 3 1 3 1 3 1 3 1 3 1 3 1 3 1 3 1 3 1 1 1 3 1 3 1 3 1 3 1 3 1 3 1 1 1 1 1 1 1 1 1 1 1 1 1 1 1 1 1 1 1 1 1 1 1 1 1 1 1 1 1 1 1 1 1 1 1 1 1 1 1 1 1 1 1 1 1 1 1 1 1 1 1 1 1 1 1 1 1 1 1 1 1 1 1 1 1 1 1 1 1 1 1 1 1 1 1 1 1 1 1 1 1 1 1 1 1 1 1 1 1 1 1 1 1 1 1 1 1 1 1 1 1 1 1 1 1 1 1 1 1 1 1 1 1 1 1 1 1 1 1 1 1 1 1 1 1 1 1 1 1 1 1 1 1 1 1 1 1 1 1 1 1 1 1 1 1 1 1 1 1 1 1 1 1 1 1 1 1 1 1 1 1 1 1 1 1 1 1 1 1 1 1 1 1 1 1 1 1 1 1 1 1 1 1 1 1 1 1 1 1 1 1 1 1 1 1 1 1 1 1 1 1 1 1 1 1 1 1 1 1 1 1 1 1 1 1 1 1 1 1 1 1 1 1 1 1 1 1 1 1 1 1 1 1 1 1 1 1 1 1 1 1 1 1 1 1 1 1 100 1 100 1 100 1 100 1 100 1 1 1 1 1 1 1 1 1 1 1 1 1 1 1 1 1 1 1 1 1 1 1 1 1 1 1 1 1 1 1
instanceKlass jdk/internal/vm/vector/VectorSupport$VectorShuffle
instanceKlass jdk/internal/vm/vector/VectorSupport$VectorMask
instanceKlass jdk/internal/vm/vector/VectorSupport$Vector
ciInstanceKlass jdk/internal/vm/vector/VectorSupport$VectorPayload 0 0 32 10 100 12 1 1 1 9 100 12 1 1 1 10 100 12 1 1 1 1 1 1 1 1 1 1 1 1 1 1 1 1
ciInstanceKlass jdk/internal/vm/vector/VectorSupport$Vector 0 0 28 10 100 12 1 1 1 100 1 1 1 1 1 1 1 1 1 1 1 1 1 1 1 100 1 1 1 1
ciInstanceKlass jdk/internal/vm/vector/VectorSupport$VectorMask 0 0 28 10 100 12 1 1 1 100 1 1 1 1 1 1 1 1 1 1 1 1 1 1 1 100 1 1 1 1
ciInstanceKlass jdk/internal/vm/vector/VectorSupport$VectorShuffle 0 0 28 10 100 12 1 1 1 100 1 1 1 1 1 1 1 1 1 1 1 1 1 1 1 100 1 1 1 1
ciInstanceKlass jdk/internal/vm/FillerObject 0 0 16 10 100 12 1 1 1 100 1 1 1 1 1 1 1 1
instanceKlass java/lang/ref/PhantomReference
instanceKlass java/lang/ref/FinalReference
instanceKlass java/lang/ref/WeakReference
instanceKlass java/lang/ref/SoftReference
ciInstanceKlass java/lang/ref/Reference 1 1 198 9 7 12 1 1 1 9 7 12 1 1 10 12 1 1 10 12 1 1 9 12 1 1 10 12 1 1 9 12 1 1 9 12 1 1 7 1 10 12 1 10 7 12 1 1 10 12 1 10 12 1 1 10 12 1 7 1 8 1 10 12 1 1 7 1 10 12 1 1 10 12 1 1 10 12 1 7 1 10 12 10 7 12 1 1 1 9 12 1 10 12 1 1 10 12 1 10 12 1 10 12 1 9 12 1 100 1 100 1 10 9 12 1 9 12 1 100 1 10 10 12 1 10 10 7 12 1 1 10 12 1 1 1 1 1 1 1 1 1 1 1 1 1 1 1 1 1 100 1 1 1 100 1 1 1 1 1 1 1 1 1 1 1 1 1 1 1 1 1 1 1 1 1 1 1 1 1 1 1 1 1 1 1 1 1 1 1 1 1 100 1 100 1 100 1 1 1
staticfield java/lang/ref/Reference processPendingLock Ljava/lang/Object; java/lang/Object
staticfield java/lang/ref/Reference $assertionsDisabled Z 1
ciMethod java/lang/ref/Reference get ()Ljava/lang/Object; 0 0 1 0 -1
ciMethod java/lang/ref/Reference <init> (Ljava/lang/Object;)V 274 0 4337 0 0
ciMethod java/lang/ref/Reference <init> (Ljava/lang/Object;Ljava/lang/ref/ReferenceQueue;)V 512 0 16367 0 128
instanceKlass java/util/ResourceBundle$BundleReference
instanceKlass org/eclipse/sisu/inject/MildElements$Soft
instanceKlass sun/util/locale/provider/LocaleResources$ResourceReference
instanceKlass sun/util/resources/Bundles$BundleReference
instanceKlass org/eclipse/sisu/inject/MildKeys$Soft
instanceKlass java/lang/invoke/LambdaFormEditor$Transform
instanceKlass jdk/internal/util/SoftReferenceKey
ciInstanceKlass java/lang/ref/SoftReference 1 1 50 10 7 12 1 1 1 9 7 12 1 1 1 9 12 1 10 12 1 10 12 1 1 1 1 1 1 1 1 1 1 1 1 1 1 1 1 1 1 1 1 1 1 100 1 1 1 1 1 1
instanceKlass com/sun/tools/javac/util/UnsharedNameTable$HashEntry
instanceKlass java/util/ResourceBundle$KeyElementReference
instanceKlass sun/nio/ch/FileLockTable$FileLockReference
instanceKlass org/eclipse/sisu/inject/MildElements$Weak
instanceKlass com/google/common/cache/LocalCache$WeakValueReference
instanceKlass com/google/common/collect/MapMakerInternalMap$AbstractWeakKeyEntry
instanceKlass com/google/common/cache/LocalCache$WeakEntry
instanceKlass java/lang/WeakPairMap$WeakRefPeer
instanceKlass java/util/logging/LogManager$LoggerWeakRef
instanceKlass java/util/logging/Level$KnownLevel
instanceKlass org/eclipse/sisu/inject/MildKeys$Weak
instanceKlass jdk/internal/util/WeakReferenceKey
instanceKlass java/lang/ThreadLocal$ThreadLocalMap$Entry
instanceKlass java/util/WeakHashMap$Entry
ciInstanceKlass java/lang/ref/WeakReference 1 1 34 10 7 12 1 1 1 10 12 1 100 1 1 1 1 1 1 1 1 1 1 1 1 1 1 1 1 1 1 1 1 1 1 1
ciMethod java/lang/ref/WeakReference <init> (Ljava/lang/Object;)V 512 0 3118 0 0
instanceKlass java/lang/ref/Finalizer
ciInstanceKlass java/lang/ref/FinalReference 1 1 50 10 7 12 1 1 1 10 7 12 1 1 1 10 12 1 1 100 1 8 1 10 12 1 1 1 1 1 1 1 1 1 1 1 1 1 1 1 1 1 1 1 1 1 1 1 1 1 100 1
instanceKlass jdk/internal/ref/PhantomCleanable
instanceKlass jdk/internal/ref/Cleaner
ciInstanceKlass java/lang/ref/PhantomReference 1 1 47 10 7 12 1 1 1 10 12 1 1 10 7 12 1 1 1 1 1 1 1 1 1 1 1 1 1 1 1 1 1 1 1 1 1 1 1 1 1 1 1 1 1 1 1 1 1
ciInstanceKlass java/lang/ref/Finalizer 1 1 177 9 7 12 1 1 1 10 7 12 1 1 1 9 12 1 1 9 12 1 1 9 12 1 9 12 1 9 12 1 1 10 12 1 100 1 8 1 10 12 1 10 12 1 1 9 12 1 100 1 10 12 1 7 1 11 7 12 1 1 10 12 1 100 1 10 12 1 10 7 12 1 1 1 10 12 1 1 10 100 12 1 1 8 1 10 12 1 10 12 1 10 12 1 100 1 10 12 1 10 100 12 1 1 1 100 1 10 10 12 1 1 7 1 10 12 1 10 12 1 1 10 12 1 1 10 7 12 1 1 1 7 1 10 7 1 10 10 12 1 1 1 1 1 1 1 1 1 1 1 1 1 1 1 1 1 1 1 1 1 1 1 1 1 1 100 1 1 1 1 1 1 1 1 1 1 1
staticfield java/lang/ref/Finalizer lock Ljava/lang/Object; java/lang/Object
staticfield java/lang/ref/Finalizer ENABLED Z 1
staticfield java/lang/ref/Finalizer $assertionsDisabled Z 1
instanceKlass java/lang/ref/ReferenceQueue$Null
ciInstanceKlass java/lang/ref/ReferenceQueue 1 1 160 10 7 12 1 1 1 9 7 12 1 1 1 7 1 10 9 12 1 1 9 7 12 1 1 1 9 12 1 9 12 1 9 12 1 1 100 1 10 9 12 1 1 9 12 1 7 1 10 100 12 1 1 1 10 12 1 10 12 1 1 10 7 12 1 1 1 10 12 1 1 5 0 10 12 10 12 1 1 10 7 12 1 1 10 12 1 100 1 8 1 10 12 1 10 12 1 10 12 1 1 10 12 11 100 12 1 1 1 10 7 12 1 1 1 7 1 10 1 1 1 1 1 1 1 1 1 1 1 1 1 1 1 1 1 1 1 100 1 1 1 100 1 1 1 1 1 1 1 1 1 1 1 1 1 1 1 1 1 1
staticfield java/lang/ref/ReferenceQueue NULL_QUEUE Ljava/lang/ref/ReferenceQueue; java/lang/ref/ReferenceQueue$Null
staticfield java/lang/ref/ReferenceQueue ENQUEUED Ljava/lang/ref/ReferenceQueue; java/lang/ref/ReferenceQueue$Null
staticfield java/lang/ref/ReferenceQueue $assertionsDisabled Z 1
instanceKlass java/lang/reflect/Executable
instanceKlass java/lang/reflect/Field
ciInstanceKlass java/lang/reflect/AccessibleObject 1 1 374 10 7 12 1 1 1 10 7 12 1 1 1 10 7 12 1 1 1 10 12 1 1 9 12 1 1 7 1 10 7 12 1 1 1 11 12 1 100 1 10 12 1 7 1 100 1 10 12 1 1 10 12 1 1 10 12 1 1 10 12 1 1 10 12 1 1 7 1 10 100 12 1 1 1 10 12 1 1 11 10 7 12 1 1 1 10 12 1 1 10 12 1 10 12 1 10 12 1 1 10 12 1 8 1 100 1 100 1 10 10 12 1 1 8 1 10 12 1 10 12 1 8 1 8 1 8 1 8 1 8 1 8 1 8 1 8 1 8 1 100 1 10 12 1 10 12 1 9 100 12 1 1 1 10 12 1 1 10 12 1 10 100 1 100 1 8 1 10 8 1 10 12 1 8 1 10 12 1 10 12 1 1 10 100 1 8 1 10 11 7 12 1 1 1 10 12 1 1 10 12 1 1 10 12 1 1 9 12 1 1 100 1 10 12 1 7 1 10 12 1 10 12 1 1 10 100 1 10 12 1 10 12 10 12 1 10 12 1 10 12 1 1 10 12 1 9 12 1 10 100 12 1 1 8 1 10 12 1 1 8 1 10 100 12 1 1 1 9 12 1 100 1 10 7 1 10 10 7 12 1 1 1 10 7 12 1 1 1 9 12 1 1 1 1 1 1 1 1 1 1 1 1 1 1 1 1 1 1 1 1 1 1 1 1 1 1 1 1 1 1 1 1 1 1 1 1 1 1 1 1 1 1 1 1 1 1 1 1 1 1 1 1 1 1 1 1 1 1 1 1 1 1 1 1 1 1 1 1 1 1 1 1 1 1 1 1 1 1 1 1 1 1 1
staticfield java/lang/reflect/AccessibleObject reflectionFactory Ljdk/internal/reflect/ReflectionFactory; jdk/internal/reflect/ReflectionFactory
ciInstanceKlass java/lang/reflect/Method 1 1 468 9 7 12 1 1 1 10 7 12 1 1 1 10 7 12 1 1 9 12 1 1 9 12 1 1 10 12 1 1 10 12 1 1 10 12 1 1 10 7 12 1 1 10 7 12 1 1 1 9 12 1 1 9 12 1 9 12 1 1 9 12 1 9 12 1 9 12 1 1 9 12 1 9 12 1 1 9 12 1 9 12 1 100 1 8 1 10 12 1 10 12 1 9 12 1 1 10 7 12 1 1 1 10 12 1 1 10 12 1 1 10 12 1 10 12 1 1 9 7 12 1 1 1 10 12 1 1 10 12 10 7 12 1 1 10 12 1 1 10 12 1 10 12 1 10 12 1 10 7 12 1 1 1 10 12 1 1 9 12 1 10 7 1 10 100 12 1 1 1 10 7 12 1 1 10 12 1 1 10 12 1 1 10 12 1 10 7 12 1 1 1 10 12 1 10 8 1 10 12 1 10 12 1 7 1 8 1 8 1 8 1 10 12 1 10 12 1 1 10 12 1 1 10 10 12 1 1 10 12 1 11 100 1 10 12 1 9 12 1 1 10 12 1 1 10 12 1 10 12 1 1 10 12 1 1 11 7 12 1 1 1 11 12 1 9 12 1 1 10 12 1 10 12 1 10 12 1 10 12 1 10 12 1 10 12 1 9 12 1 1 10 7 12 1 1 1 10 7 12 1 1 10 12 1 1 10 7 12 1 1 1 10 7 12 1 1 1 10 7 12 1 1 1 11 7 12 1 1 1 10 7 12 1 1 1 7 1 100 1 100 1 10 12 1 10 12 1 1 10 12 1 100 1 8 1 10 12 1 10 10 12 1 1 10 12 1 1 10 12 1 1 10 12 1 1 8 1 10 12 1 1 1 1 1 1 1 1 1 1 1 1 1 1 1 1 1 1 1 1 1 1 1 1 1 1 1 1 1 1 1 1 1 1 1 1 1 1 1 1 1 1 1 1 1 1 1 1 1 1 1 1 1 100 1 100 1 100 1 1 1 1 1 1 1 1 1 1 1 1 1 1 1 1 1 1 1 1 1 1 1 1 1 1 1 1 1 1
ciInstanceKlass java/lang/reflect/Member 1 1 37 100 1 10 12 1 1 100 1 100 1 1 1 1 3 1 3 1 1 1 1 1 1 1 1 1 1 1 1 1 1 1 1 1 1 1 1
instanceKlass java/lang/reflect/Constructor
instanceKlass java/lang/reflect/Method
ciInstanceKlass java/lang/reflect/Executable 1 1 587 10 7 12 1 1 1 10 7 12 1 1 1 10 7 12 1 1 1 11 7 12 1 1 1 10 7 12 1 1 1 10 12 1 1 10 7 12 1 1 1 10 7 12 1 1 1 10 12 1 8 1 10 10 12 1 1 10 12 1 1 10 100 12 1 1 1 18 12 1 1 11 100 12 1 1 1 8 1 8 1 8 1 10 100 12 1 1 1 11 12 1 1 100 1 8 1 8 1 10 12 1 100 1 8 1 10 12 1 8 1 11 100 12 1 1 1 100 1 11 100 12 1 1 1 11 12 1 8 1 18 8 1 10 12 1 10 12 1 1 18 8 1 10 12 1 100 1 10 12 1 10 12 1 11 12 1 10 12 1 1 8 1 8 1 10 12 1 1 10 12 1 1 10 10 12 1 9 12 1 1 9 100 12 1 1 1 10 100 12 1 1 1 10 12 1 10 12 1 1 10 7 12 1 1 10 12 1 10 12 1 10 12 1 10 7 12 1 1 100 1 10 100 12 1 1 1 10 12 1 1 10 7 12 1 1 10 12 1 10 12 1 1 9 7 12 1 1 1 10 100 10 12 1 8 1 10 12 1 10 12 1 3 100 1 8 1 10 12 1 10 12 1 10 10 12 1 10 12 1 1 8 1 8 1 8 1 9 12 1 1 9 12 1 10 12 1 100 1 8 1 10 12 1 10 12 1 10 12 1 1 10 12 1 1 10 12 1 10 12 10 12 1 7 1 10 12 1 10 12 1 1 100 1 10 100 12 1 1 1 7 1 10 7 12 1 1 1 10 12 1 1 11 7 12 1 1 10 12 1 10 100 12 1 1 1 10 12 1 1 9 12 1 10 12 1 1 10 12 1 10 12 1 1 9 7 12 1 1 1 10 7 12 1 1 1 10 12 1 10 12 1 1 9 12 1 10 10 10 10 100 12 1 1 1 10 12 1 9 12 1 10 12 1 1 9 12 1 100 1 100 1 1 1 1 1 1 1 1 1 1 1 1 1 1 1 1 1 1 1 1 1 1 1 1 1 1 1 1 1 1 1 1 1 1 1 1 100 1 1 1 1 1 1 1 1 1 1 1 1 1 1 1 1 1 1 1 100 1 1 1 1 1 1 1 1 1 1 1 1 1 1 1 1 1 1 1 1 1 1 1 1 1 1 1 1 1 1 1 1 1 1 1 1 1 1 1 1 1 1 1 100 1 1 1 1 1 1 1 1 1 1 1 1 1 1 1 1 1 1 1 1 1 1 100 1 1 16 15 16 1 16 1 15 10 12 16 15 10 100 12 1 1 1 1 100 1 1 1 100 1 1 100 1 100 1 1
ciInstanceKlass java/lang/reflect/Constructor 1 1 437 10 7 12 1 1 1 10 7 12 1 1 9 7 12 1 1 1 9 12 1 1 10 12 1 1 10 12 1 1 10 12 1 1 10 7 12 1 1 10 7 12 1 1 1 9 12 1 1 9 12 1 1 9 12 1 9 12 1 1 9 12 1 9 12 1 1 9 12 1 1 9 12 1 100 1 8 1 10 12 1 10 12 1 9 12 1 1 10 7 12 1 1 1 10 12 1 1 10 12 1 1 10 12 1 7 1 100 1 8 1 10 10 12 1 10 12 1 10 12 1 1 9 100 12 1 1 1 10 7 12 1 1 10 12 1 1 10 12 1 10 12 1 1 10 7 12 1 1 1 10 100 12 1 1 10 12 1 1 10 12 1 10 100 12 1 1 1 8 1 10 10 12 1 100 1 8 1 10 12 1 10 12 1 1 10 12 1 1 10 12 1 10 12 1 10 12 1 1 10 12 1 1 9 12 1 1 10 12 1 1 10 12 1 1 10 12 1 1 11 7 12 1 1 1 10 12 1 1 10 12 1 10 12 1 10 12 1 8 1 9 12 1 1 10 7 12 1 1 1 10 7 12 1 1 10 12 1 1 10 12 1 1 10 12 1 1 10 12 1 1 10 12 1 9 100 12 1 1 10 12 1 10 12 1 10 12 1 100 1 8 1 10 10 12 1 1 10 12 1 10 10 12 1 1 10 12 1 1 10 100 12 1 1 1 11 100 12 1 1 1 10 12 1 1 9 100 12 1 1 1 10 100 12 1 1 1 10 12 1 1 1 1 1 1 1 1 1 1 1 1 1 1 1 1 1 1 1 1 1 1 1 1 1 1 1 1 1 1 1 1 1 1 1 1 1 1 1 1 1 1 1 1 1 1 1 1 1 1 1 1 1 1 1 1 100 1 100 1 100 1 100 1 1 1 1 1 1 1 1 1 1 1 1 1 1 1 1 1 1 1 1 1 1 1 1 1 1 1 1 1 1 1 1 100 1 1
ciInstanceKlass java/lang/reflect/Field 1 1 454 9 7 12 1 1 1 10 12 1 1 10 7 12 1 1 1 10 7 12 1 1 9 12 1 1 9 12 1 1 10 12 1 1 10 12 1 1 10 12 1 1 10 7 12 1 1 10 7 12 1 1 1 9 12 1 1 9 12 1 9 12 1 9 12 1 1 9 12 1 1 9 12 1 9 12 1 1 100 1 8 1 10 12 1 10 12 1 9 12 1 1 9 12 1 10 7 12 1 1 10 12 1 1 10 12 1 1 10 12 1 9 12 1 1 10 12 1 1 9 100 12 1 1 1 10 7 12 1 1 1 7 1 10 12 1 1 10 12 1 1 10 12 1 10 12 1 10 7 1 10 7 12 1 1 100 1 10 8 1 10 12 1 1 10 12 1 1 8 1 10 12 10 12 1 8 1 8 1 10 11 100 1 9 12 1 10 12 1 1 10 12 1 1 11 7 12 1 1 1 10 12 1 11 12 1 1 11 12 1 1 11 12 1 1 11 12 1 1 11 12 1 1 11 12 1 1 11 12 1 1 11 12 1 1 11 12 1 1 11 12 1 1 11 12 1 1 11 12 1 1 11 12 1 1 11 12 1 1 11 12 1 1 11 12 1 1 11 12 1 1 10 12 1 10 100 12 1 1 10 12 1 10 12 1 10 12 1 10 12 1 1 10 12 1 1 10 12 1 10 7 12 1 1 10 12 1 1 11 7 1 10 12 1 7 1 10 100 12 1 1 1 10 7 12 1 1 1 9 12 1 10 7 12 1 1 1 11 7 12 1 1 1 10 12 1 1 10 12 1 1 9 7 12 1 1 10 7 12 1 1 1 10 12 1 1 100 1 1 1 1 1 1 1 1 1 1 1 1 1 1 1 1 1 1 1 1 1 1 1 1 1 1 1 1 1 1 1 1 1 1 1 1 1 1 1 100 1 1 1 1 1 1 1 1 1 1 1 1 1 1 1 1 1 1 1 1 1 1 1 1 1 1 1 1 1 1 1 1 100 1 1 1 1 1 1 1 1 100 1 1 100 1 1
ciInstanceKlass java/lang/reflect/Parameter 1 1 256 10 7 12 1 1 1 9 7 12 1 1 1 9 12 1 1 9 12 1 1 9 12 1 10 12 1 1 10 12 1 1 10 100 12 1 1 1 100 1 10 10 12 1 1 11 100 12 1 1 1 10 12 1 10 100 12 1 1 1 10 12 1 1 10 12 1 10 12 1 8 1 8 1 10 100 12 1 1 1 10 12 1 10 12 9 100 12 1 1 1 9 100 12 1 1 1 10 12 1 1 10 12 1 1 10 100 12 1 1 1 10 12 1 8 1 10 12 1 9 12 1 1 10 12 1 1 9 12 1 1 10 12 1 1 10 12 1 1 10 12 1 1 10 12 1 10 10 12 1 10 100 12 1 1 1 10 12 1 1 11 100 12 1 1 10 100 12 1 1 100 1 10 100 12 1 1 1 10 12 1 1 10 12 1 1 10 12 1 1 10 12 1 1 9 12 1 100 1 10 11 12 1 11 12 1 1 100 1 1 1 1 1 1 1 1 1 1 1 1 1 1 1 1 1 1 1 1 1 1 1 1 1 1 1 1 1 1 1 1 1 1 1 1 1 1 1 100 1 1 1 1 1 100 1 1
ciInstanceKlass java/lang/reflect/RecordComponent 0 0 196 10 100 12 1 1 1 9 100 12 1 1 1 9 12 1 1 9 12 1 10 12 1 1 10 12 1 1 10 100 12 1 1 1 10 12 1 1 9 12 1 1 10 12 1 1 10 12 1 1 10 12 1 10 100 12 1 1 10 100 12 1 1 9 12 1 1 10 100 12 1 1 1 11 100 12 1 1 1 10 9 100 12 1 1 1 10 100 12 1 1 1 9 12 1 1 10 100 12 1 1 1 10 12 1 1 11 100 12 1 1 10 100 12 1 1 100 1 9 12 1 9 12 1 1 9 12 1 10 100 12 1 1 1 10 12 1 1 10 12 1 1 100 1 10 10 12 1 10 12 1 1 8 1 10 12 1 10 12 1 9 12 1 100 1 1 1 1 1 1 1 1 1 1 1 1 1 1 1 1 1 1 1 1 1 1 100 1 1 1 1 1 1 100 1 1
ciInstanceKlass java/lang/StringBuffer 1 1 487 10 7 12 1 1 1 10 12 1 10 12 1 10 12 1 1 9 7 12 1 1 1 10 12 1 1 10 12 1 10 12 1 1 9 12 1 1 10 12 1 10 12 1 1 10 12 1 1 10 12 1 10 12 1 1 10 12 1 10 12 1 1 10 12 1 1 10 7 12 1 1 1 10 12 1 1 10 12 1 10 12 1 10 12 1 10 12 1 10 12 1 10 12 1 10 12 1 10 12 1 10 12 1 10 12 1 10 12 1 10 12 1 10 12 1 10 12 1 1 10 12 1 10 12 1 1 10 12 1 1 10 10 12 1 1 10 12 1 10 12 1 10 12 1 10 12 1 10 12 1 10 12 1 10 12 10 12 1 10 12 1 10 12 1 10 12 1 1 10 12 1 10 12 1 10 10 12 1 1 10 12 1 10 12 1 10 12 1 8 1 10 12 1 10 10 100 12 1 1 1 10 10 12 1 1 9 12 1 1 10 100 12 1 1 10 100 1 8 10 100 12 1 1 1 8 10 12 1 8 1 10 12 1 10 12 1 10 100 12 1 1 1 10 100 12 1 1 1 7 1 10 12 100 1 8 1 10 10 12 1 1 10 12 1 1 10 12 1 10 12 1 10 12 1 1 10 12 1 10 12 1 10 12 1 10 12 1 10 12 1 10 12 10 12 1 10 12 1 10 12 1 10 12 1 10 12 1 10 12 1 10 12 1 10 12 1 10 12 1 10 12 1 10 12 10 12 10 12 1 10 12 1 10 12 1 10 12 10 12 1 10 12 1 10 12 1 10 12 1 10 12 1 10 12 1 10 12 1 10 12 1 10 12 1 10 12 1 10 12 1 7 1 10 12 1 9 7 12 1 1 1 9 7 1 9 12 1 1 100 1 100 1 100 1 100 1 1 1 1 5 0 1 1 1 1 1 1 1 1 1 1 1 1 1 1 1 1 1 1 1 1 1 1 1 1 1 1 1 1 1 1 1 1 1 1 1 1 1 1 1 1 1 1 1 1 1 1 1 1 1 1 1 1 1 1 1 1 1 1 1 1 100 1 1 1 1 1 100 1 1 1 1 1 1 1 1 1 1 1 1 1 1 1 1 1 1
staticfield java/lang/StringBuffer serialPersistentFields [Ljava/io/ObjectStreamField; 3 [Ljava/io/ObjectStreamField;
instanceKlass java/lang/StringBuilder
instanceKlass java/lang/StringBuffer
ciInstanceKlass java/lang/AbstractStringBuilder 1 1 662 7 1 10 7 12 1 1 1 9 7 12 1 1 1 9 12 1 9 12 1 1 9 12 1 1 10 7 12 1 1 1 10 12 1 1 100 1 3 3 10 12 1 10 12 1 1 10 12 1 1 11 7 1 100 1 100 1 10 8 1 10 12 1 10 12 1 10 12 1 1 10 12 1 10 12 1 9 12 1 10 12 1 9 12 1 1 10 7 12 1 1 1 10 10 12 1 10 12 1 10 12 1 1 9 12 1 100 1 8 1 10 12 1 10 12 1 1 8 1 10 7 12 1 1 1 10 12 1 1 8 1 10 7 12 1 1 1 100 1 8 1 10 100 1 10 12 1 10 12 1 1 10 7 12 1 1 1 10 12 1 1 10 12 1 1 10 12 1 1 10 12 1 1 10 7 12 1 1 1 10 12 1 100 1 10 10 100 12 1 1 1 9 12 1 1 9 12 1 10 12 1 1 10 10 12 1 1 10 12 1 1 10 12 1 1 10 12 1 1 10 12 1 1 10 12 1 1 10 12 1 1 10 12 1 10 10 10 12 1 10 12 1 1 10 8 1 10 12 1 1 10 12 1 10 12 1 10 12 1 10 10 7 12 1 1 1 10 12 1 1 10 12 1 10 12 1 10 12 1 10 12 100 1 9 12 1 1 9 12 1 10 12 1 1 100 1 9 12 1 9 12 10 12 1 10 12 1 1 10 12 1 1 10 12 1 10 12 1 1 10 12 1 10 12 1 1 10 12 1 1 10 10 7 12 1 1 1 10 12 1 10 12 1 10 12 1 1 10 12 1 10 12 1 1 10 12 1 10 12 1 10 12 1 10 12 1 10 12 1 10 12 1 10 12 1 10 12 1 1 10 12 1 10 12 1 10 12 10 12 1 1 18 12 1 1 100 1 10 100 12 1 1 1 18 10 12 1 1 10 12 1 1 10 12 1 10 12 1 10 12 1 1 10 12 1 10 12 1 1 11 12 1 1 10 12 1 10 12 1 1 10 12 1 10 12 1 10 12 1 10 5 0 10 100 1 8 1 10 10 12 1 1 10 100 12 1 1 1 10 12 1 10 12 1 1 100 1 10 12 100 1 10 100 1 10 10 7 12 1 1 100 1 1 1 1 1 1 1 1 1 1 1 100 1 1 1 1 1 1 1 1 1 1 1 1 1 1 1 1 1 1 1 1 1 1 1 1 1 1 1 1 1 1 1 1 1 1 1 1 1 1 1 1 1 1 1 1 1 1 1 1 1 1 1 1 100 1 1 1 1 1 1 1 1 1 1 1 1 1 1 1 1 1 1 1 1 1 1 1 1 1 1 1 1 1 1 1 1 1 1 1 1 1 1 1 1 1 1 1 1 1 1 1 1 1 1 1 1 1 1 1 1 1 1 1 1 1 1 1 100 1 1 1 1 1 1 100 1 1 1 1 1 1 100 1 1 16 1 15 10 12 16 15 10 12 15 10 100 12 1 1 1 1 1 1 1 100 1 100 1 1
staticfield java/lang/AbstractStringBuilder EMPTYVALUE [B 0
staticfield java/lang/AbstractStringBuilder $assertionsDisabled Z 1
ciInstanceKlass java/lang/StringBuilder 1 1 425 10 7 12 1 1 1 10 12 1 10 12 1 10 12 1 1 10 7 12 1 1 1 10 7 12 1 1 1 10 12 1 10 12 1 10 12 1 10 12 1 10 12 1 10 12 1 10 12 1 10 12 1 10 12 1 10 12 1 10 12 1 10 12 1 10 12 1 10 12 1 1 10 12 1 10 12 1 1 10 12 1 1 10 12 1 10 12 1 10 12 1 10 12 1 10 12 1 10 12 1 10 12 1 10 12 10 12 1 10 12 1 10 12 1 10 12 1 1 10 12 1 10 12 1 10 12 10 12 1 1 10 12 1 10 12 1 10 12 1 1 8 1 10 12 1 10 100 12 1 1 1 9 12 1 1 10 12 1 10 12 1 10 12 1 1 9 12 1 1 10 100 12 1 1 1 10 100 1 10 12 1 1 10 100 12 1 1 10 12 1 10 12 1 1 100 1 100 1 8 1 10 10 12 1 1 10 12 1 10 12 1 10 12 1 1 10 12 1 10 12 1 10 12 1 10 12 1 10 12 1 10 12 10 12 1 10 12 1 10 12 1 10 12 1 10 12 1 10 12 1 10 12 1 10 12 1 10 12 1 1 10 12 1 1 10 12 1 10 12 1 10 12 1 10 12 10 12 10 12 1 10 12 1 10 12 1 10 12 10 12 1 10 12 1 10 12 1 10 12 1 10 12 1 10 12 1 10 12 1 10 12 1 10 12 1 1 10 12 1 10 12 1 1 10 12 1 10 12 1 1 10 12 1 10 12 1 1 10 12 1 10 12 1 10 12 1 10 10 10 12 1 100 1 100 1 100 1 100 1 1 1 1 5 0 1 1 1 1 1 1 1 1 1 1 1 1 1 1 1 1 1 1 1 1 1 1 1 1 1 1 1 1 1 1 1 1 1 1 1 1 1 1 1 1 1 1 1 1 100 1 1 1 100 1 1 1 1 1 1 1 1 1 1 1
ciInstanceKlass java/security/CodeSource 1 1 396 10 7 12 1 1 1 9 7 12 1 1 1 9 12 1 1 9 12 1 1 9 12 1 1 10 7 12 1 1 1 9 12 1 1 10 100 12 1 1 10 100 10 100 12 1 1 1 10 12 1 1 10 12 1 1 100 1 10 10 100 12 1 1 1 10 100 12 1 1 1 10 12 1 1 100 1 10 12 1 1 10 12 1 1 10 12 1 1 10 12 1 10 10 100 1 10 12 1 1 10 100 12 1 1 1 10 12 1 1 10 12 1 10 12 1 8 1 10 12 1 10 12 1 10 12 1 1 10 12 1 8 1 10 12 1 1 10 100 1 10 10 12 1 1 8 1 10 12 1 10 12 1 10 12 1 8 1 8 1 9 12 1 1 100 1 8 1 10 12 1 10 12 1 1 8 1 10 12 1 8 1 8 1 8 1 10 100 12 1 1 10 12 1 1 10 12 1 10 12 1 1 10 12 1 1 10 12 1 1 100 1 100 1 10 12 1 10 12 10 12 1 1 10 100 12 1 1 10 12 1 100 1 10 12 10 100 12 1 1 1 10 8 1 10 12 1 10 12 1 1 100 1 10 12 1 1 100 1 100 1 8 1 8 1 10 10 12 1 1 10 100 12 1 1 1 100 1 10 12 10 12 1 1 11 100 12 1 1 10 10 12 1 11 10 12 1 8 1 100 1 10 12 1 10 12 1 1 10 12 1 11 12 1 1 100 1 1 1 1 5 0 1 1 1 1 1 1 1 1 1 1 1 1 1 1 1 1 1 1 1 1 1 1 1 1 1 1 1 1 1 1 1 1 1 1 1 1 1 1 1 1 1 1 1 1 1 1 1 1 1 1 1 1 1 1 1 1 1 1 1 1 1 1 1 1 1 1 100 1 1 1 1 1 1 1
ciInstanceKlass java/security/ProtectionDomain 1 1 141 10 7 12 1 1 1 9 7 12 1 1 1 9 12 1 1 9 12 1 1 10 7 12 1 1 7 1 9 12 1 9 12 1 1 7 1 9 12 1 1 9 12 1 10 100 12 1 1 10 100 12 1 1 1 10 12 1 1 10 12 1 8 1 100 1 8 1 10 12 1 10 11 12 1 1 10 100 12 1 1 1 10 12 1 1 8 1 11 8 1 10 12 1 8 1 8 1 8 1 10 12 1 8 1 8 1 1 1 1 1 1 1 1 100 1 1 100 1 1 1 1 1 1 1 1 1 1 1 1 1 1 1 1 1 1 1 100 1 1 1
instanceKlass jdk/internal/loader/Loader
instanceKlass java/net/URLClassLoader
instanceKlass jdk/internal/loader/BuiltinClassLoader
ciInstanceKlass java/security/SecureClassLoader 1 1 99 10 7 12 1 1 1 7 1 10 12 1 9 7 12 1 1 1 10 12 1 10 12 1 10 12 1 1 10 12 1 1 10 12 1 7 1 10 7 1 10 12 1 7 1 10 12 1 11 7 12 1 1 1 7 1 11 12 1 10 12 1 1 1 1 1 1 1 1 1 1 1 1 1 1 1 1 1 1 1 1 1 1 1 1 1 1 1 1 1 1 1 1 1 1 1 1 1 1
ciInstanceKlass java/net/URL 1 1 736 10 7 12 1 1 1 10 12 1 10 7 12 1 1 9 12 1 1 9 12 1 10 12 1 1 9 12 1 1 10 7 12 1 1 1 8 1 10 12 1 1 100 1 10 10 12 1 1 8 1 10 12 1 1 9 12 1 100 1 8 1 10 12 1 10 12 1 8 1 9 12 1 10 12 1 1 9 12 1 10 12 1 10 12 1 9 12 1 9 12 1 8 1 9 12 1 10 12 1 1 8 1 9 12 1 1 10 12 1 1 10 7 12 1 1 1 8 1 10 12 1 7 1 10 12 1 10 12 1 10 12 1 10 12 1 1 10 12 1 1 8 1 10 12 1 1 10 12 1 8 1 9 12 1 8 1 10 12 1 10 7 12 1 1 1 100 1 10 12 1 10 12 1 1 10 7 12 1 1 1 100 1 8 1 10 10 12 1 8 1 10 12 1 1 10 12 1 10 12 1 10 12 1 10 12 1 10 12 1 10 12 1 8 1 10 12 1 8 1 10 10 100 1 10 10 12 1 8 1 10 7 12 1 1 1 10 12 1 9 12 1 1 10 12 1 10 100 12 1 1 1 100 1 10 12 1 10 12 1 10 12 1 10 12 1 10 12 1 10 12 10 10 12 1 8 1 100 1 10 100 12 1 1 1 10 12 1 1 10 12 1 10 12 1 1 8 1 9 100 12 1 1 1 10 100 12 1 1 1 10 12 1 10 12 1 10 7 12 1 1 1 10 12 1 1 10 12 1 9 12 1 1 9 12 1 1 100 1 8 1 10 9 12 1 1 10 7 12 1 1 8 1 10 7 12 1 1 8 1 10 12 1 1 10 12 1 8 1 8 1 10 7 12 1 1 1 100 1 10 7 12 1 1 1 10 12 1 10 12 1 9 7 12 1 1 1 10 7 12 1 1 10 12 1 1 10 12 1 8 1 7 1 10 7 12 1 1 1 10 12 1 1 11 7 12 1 1 11 12 1 10 12 1 10 12 1 8 9 100 12 1 1 1 10 12 1 1 10 12 1 10 12 1 1 10 7 12 1 1 11 7 1 10 12 1 10 12 1 9 12 1 10 12 1 1 10 100 12 1 1 10 100 12 1 1 1 8 10 100 12 1 1 100 1 10 8 8 10 12 1 8 8 8 100 1 10 12 1 9 12 1 1 10 12 1 10 12 1 1 10 12 1 10 12 10 12 1 1 10 12 1 1 10 10 10 12 1 10 12 1 10 12 1 10 12 1 10 12 1 10 10 12 1 100 1 8 1 10 10 10 12 1 1 10 12 1 10 12 1 1 8 1 7 1 10 10 7 1 10 12 1 9 7 12 1 1 1 9 12 1 1 7 1 10 10 7 12 1 1 1 100 1 1 1 1 1 5 0 1 1 1 1 1 1 1 1 1 1 1 1 1 1 1 1 1 1 1 1 1 1 1 1 1 1 1 1 1 1 1 1 1 1 1 1 1 1 1 1 1 1 1 1 1 1 100 1 1 1 1 1 1 1 1 1 1 1 1 1 1 1 1 1 1 1 1 1 1 1 1 1 1 1 1 1 1 1 1 1 1 1 1 100 1 1 1 1 1 1 1 1 1 1 1 1 1 1 1 1 1 1 1 1 1 1 1 100 1 1 1 1 1 1 1 1 1 1 1 1 1 1 1 1 1 1 1
staticfield java/net/URL defaultFactory Ljava/net/URLStreamHandlerFactory; java/net/URL$DefaultFactory
staticfield java/net/URL handlers Ljava/util/Hashtable; java/util/Hashtable
staticfield java/net/URL streamHandlerLock Ljava/lang/Object; java/lang/Object
staticfield java/net/URL serialPersistentFields [Ljava/io/ObjectStreamField; 7 [Ljava/io/ObjectStreamField;
ciInstanceKlass java/util/jar/Manifest 1 1 320 10 7 12 1 1 1 7 1 10 9 7 12 1 1 1 7 1 10 9 12 1 1 9 12 1 1 10 12 1 10 12 1 1 10 12 1 1 10 12 1 1 10 12 1 1 11 7 1 11 12 1 1 10 12 1 1 10 100 12 1 1 1 100 1 100 1 10 8 1 10 12 1 1 10 12 1 1 10 12 1 10 12 1 11 100 1 10 12 1 10 12 1 1 11 12 1 1 10 12 1 11 12 1 1 11 100 12 1 1 1 11 100 12 1 1 11 12 1 1 100 1 10 12 1 8 1 11 12 1 7 1 10 12 1 1 11 12 1 10 12 1 10 12 1 10 9 7 12 1 1 1 10 12 1 1 10 100 12 1 10 12 1 10 12 1 9 100 12 1 1 1 8 1 10 12 1 8 1 8 1 7 1 10 12 1 10 12 1 10 12 1 1 100 1 8 1 10 12 1 1 8 1 10 10 12 1 1 8 1 10 12 1 1 10 100 12 1 1 1 10 12 1 10 11 12 1 1 10 12 1 1 10 7 12 1 1 1 10 12 1 1 10 12 1 10 12 1 1 11 10 12 1 11 10 12 1 100 1 1 1 1 1 1 1 1 1 1 1 1 1 1 1 1 1 1 1 1 1 1 1 1 1 1 1 1 1 1 1 1 1 1 1 100 1 1 1 1 1 1 1 1 1 1 1 1 1 1 100 1 1 1 1 1 1 1 1 1 1 1
ciInstanceKlass java/io/ByteArrayInputStream 1 1 135 10 7 12 1 1 1 9 7 12 1 1 1 9 12 1 1 9 12 1 9 12 1 10 7 12 1 1 1 10 7 12 1 1 1 10 7 12 1 1 1 10 100 12 1 1 1 10 12 1 1 10 100 12 1 1 1 100 1 100 1 100 1 3 10 100 1 10 100 12 1 1 1 9 12 1 1 100 1 10 10 7 12 1 1 1 1 1 1 1 1 1 1 1 1 1 1 1 1 1 1 1 1 1 1 1 1 1 1 1 1 1 1 1 1 1 1 1 100 1 100 1 1 1 1 1 1 1 1 1 1 1 1 1 1
staticfield java/io/ByteArrayInputStream $assertionsDisabled Z 1
instanceKlass java/nio/IntBuffer
instanceKlass java/nio/CharBuffer
instanceKlass java/nio/LongBuffer
instanceKlass java/nio/ByteBuffer
ciInstanceKlass java/nio/Buffer 1 1 259 100 1 10 7 12 1 1 1 9 7 12 1 1 1 9 12 1 9 12 1 1 9 12 1 9 12 1 1 10 12 1 1 10 12 1 1 10 12 100 1 100 1 10 8 1 10 12 1 1 10 12 1 8 1 8 1 10 12 1 1 10 12 1 8 1 9 12 1 1 100 1 8 1 10 12 1 8 1 8 1 9 12 10 12 1 8 1 8 1 8 1 10 12 1 8 1 8 1 8 1 100 1 10 100 1 10 100 1 10 9 12 1 1 10 7 12 1 1 1 100 1 10 12 1 1 10 12 1 10 100 12 1 1 10 7 12 1 1 1 10 7 12 1 1 1 9 12 1 1 10 7 12 1 1 1 9 12 1 1 7 1 10 10 12 1 1 7 1 10 10 7 12 1 1 1 1 1 3 1 1 1 1 1 1 1 1 1 1 1 1 1 1 100 1 1 1 1 1 1 1 100 1 1 1 1 1 1 1 1 1 1 1 1 1 1 1 1 1 1 1 1 1 1 1 1 1 1 1 1 1 1 1 1 1 1 1 1 1 1 1 1 1 1 100 1 100 1 100 1 100 1 100 1 100 1 100 1 1
staticfield java/nio/Buffer UNSAFE Ljdk/internal/misc/Unsafe; jdk/internal/misc/Unsafe
staticfield java/nio/Buffer SCOPED_MEMORY_ACCESS Ljdk/internal/misc/ScopedMemoryAccess; jdk/internal/misc/ScopedMemoryAccess
staticfield java/nio/Buffer IOOBE_FORMATTER Ljava/util/function/BiFunction; jdk/internal/util/Preconditions$4
staticfield java/nio/Buffer $assertionsDisabled Z 1
ciInstanceKlass jdk/internal/util/Preconditions 1 1 194 10 100 12 1 1 1 11 100 12 1 1 1 11 100 12 1 1 1 100 1 100 1 10 7 12 1 1 1 10 12 1 8 1 100 1 10 100 12 1 1 1 10 12 1 1 8 1 8 1 10 100 12 1 1 7 1 10 12 1 8 1 10 100 12 1 1 1 8 1 10 12 1 1 10 12 1 1 11 12 1 8 1 8 1 11 12 1 1 8 1 8 1 8 1 10 12 1 1 10 12 1 1 10 12 1 10 12 1 10 12 1 10 12 7 1 10 10 12 1 1 9 12 1 1 7 1 10 9 12 1 7 1 10 9 12 1 1 1 1 1 1 1 1 1 1 1 1 1 1 1 1 1 1 1 1 1 1 1 1 1 1 1 1 1 1 1 1 1 1 1 1 1 1 1 1 1 1 1 1 1 1 1 1 1 1 1 1 1 1 1 1 1 1
staticfield jdk/internal/util/Preconditions SIOOBE_FORMATTER Ljava/util/function/BiFunction; jdk/internal/util/Preconditions$4
staticfield jdk/internal/util/Preconditions AIOOBE_FORMATTER Ljava/util/function/BiFunction; jdk/internal/util/Preconditions$4
staticfield jdk/internal/util/Preconditions IOOBE_FORMATTER Ljava/util/function/BiFunction; jdk/internal/util/Preconditions$4
ciInstanceKlass jdk/internal/util/Preconditions$4 1 1 61 9 7 12 1 1 1 10 7 12 1 1 1 10 100 12 1 1 1 11 100 12 1 1 1 100 1 100 1 100 1 10 12 1 100 1 1 1 1 1 1 1 1 1 1 1 1 1 1 1 1 1 1 1 1 1 12 1 1 1 1
ciInstanceKlass java/util/function/BiFunction 1 1 65 10 100 12 1 1 1 18 12 1 1 11 100 12 1 1 11 100 12 1 100 1 1 1 1 1 1 1 1 1 1 1 1 1 1 1 1 1 1 1 1 1 1 1 1 1 1 1 16 15 11 12 15 10 100 12 1 1 1 1 100 1 100 1 1
ciInstanceKlass java/util/function/Function 1 1 77 10 7 12 1 1 1 18 12 1 1 18 18 12 1 11 7 12 1 100 1 1 1 1 1 1 1 1 1 1 1 1 1 1 1 1 1 1 1 1 1 1 1 1 1 1 1 1 1 1 1 1 1 1 16 15 11 12 15 11 12 15 11 12 15 10 7 12 1 1 1 1 100 1 100 1 1
ciMethod jdk/internal/util/Preconditions checkFromToIndex (IIILjava/util/function/BiFunction;)I 536 0 32065 0 184
ciMethod jdk/internal/util/Preconditions checkFromIndexSize (IIILjava/util/function/BiFunction;)I 538 0 58789 0 0
ciMethod jdk/internal/util/Preconditions outOfBoundsCheckFromToIndex (Ljava/util/function/BiFunction;III)Ljava/lang/RuntimeException; 0 0 1 0 -1
ciMethod jdk/internal/util/Preconditions outOfBoundsCheckFromIndexSize (Ljava/util/function/BiFunction;III)Ljava/lang/RuntimeException; 0 0 1 0 -1
ciInstanceKlass java/lang/AssertionStatusDirectives 0 0 24 10 100 12 1 1 1 100 1 1 1 1 1 1 1 1 1 1 1 1 1 1 1 1
instanceKlass com/sun/tools/javac/code/TypeMetadata$ConstantValue
instanceKlass jdk/internal/classfile/impl/AbstractInstruction$SwitchCaseImpl
instanceKlass com/sun/tools/javac/code/Symbol$ClassSymbol$PermittedClassWithPos
instanceKlass com/sun/tools/javac/comp/Lower$TypePairs
instanceKlass com/sun/tools/javac/jvm/Gen$PatternMatchingCatchConfiguration
instanceKlass java/util/Formatter$FixedString
instanceKlass jdk/internal/misc/ThreadTracker$ThreadRef
instanceKlass java/lang/reflect/Executable$ParameterData
instanceKlass jdk/internal/classfile/impl/StackCounter$Target
instanceKlass jdk/internal/classfile/impl/StackMapDecoder$StackMapFrameImpl
instanceKlass jdk/internal/classfile/impl/StackMapDecoder$ObjectVerificationTypeInfoImpl
instanceKlass java/lang/reflect/Proxy$ProxyBuilder$ProxyClassContext
instanceKlass java/lang/ClassValue$Version
instanceKlass sun/util/locale/LanguageTag
instanceKlass java/util/stream/Collectors$CollectorImpl
instanceKlass java/lang/invoke/MethodHandles$Lookup$ClassDefiner
instanceKlass jdk/internal/classfile/impl/ClassHierarchyImpl$ClassHierarchyInfoImpl
instanceKlass java/lang/classfile/ClassHierarchyResolver$1Factory
instanceKlass jdk/internal/classfile/impl/RawBytecodeHelper$CodeRange
instanceKlass jdk/internal/classfile/impl/StackMapGenerator$Type
instanceKlass jdk/internal/classfile/impl/Util$1WithCodeMethodHandler
instanceKlass jdk/internal/classfile/impl/DirectCodeBuilder$DeferredLabel
instanceKlass java/lang/invoke/InvokerBytecodeGenerator$ClassData
instanceKlass jdk/internal/classfile/impl/AnnotationImpl
instanceKlass java/security/SecureClassLoader$CodeSourceKey
instanceKlass java/util/zip/ZipFile$EntryPos
instanceKlass sun/nio/fs/WindowsPathParser$Result
instanceKlass jdk/internal/reflect/ReflectionFactory$Config
instanceKlass jdk/internal/foreign/abi/UpcallLinker$CallRegs
instanceKlass jdk/internal/foreign/abi/VMStorage
ciInstanceKlass java/lang/Record 1 1 22 10 7 12 1 1 1 100 1 1 1 1 1 1 1 1 1 1 1 1 1 1
ciInstanceKlass java/util/concurrent/ConcurrentHashMap 1 1 1219 100 1 7 1 10 7 12 1 1 1 10 12 1 1 9 12 1 1 3 10 7 12 1 1 1 3 100 1 10 7 12 1 1 1 100 1 10 100 12 1 1 1 100 1 11 12 1 1 11 12 1 11 12 1 1 9 12 1 1 9 12 1 9 12 1 1 10 7 12 1 1 1 7 1 10 12 1 1 10 12 1 1 10 7 12 1 1 1 4 10 12 1 11 7 12 1 1 10 12 1 10 12 1 1 100 1 10 5 0 10 12 1 9 12 1 10 12 1 1 5 0 10 12 1 10 12 1 9 12 1 1 10 12 1 1 9 12 1 9 12 1 1 10 12 1 1 9 12 1 10 12 1 1 9 12 1 1 10 12 1 1 100 1 10 7 1 10 12 1 10 12 1 1 10 12 1 1 10 12 1 1 10 12 1 10 12 1 1 10 12 1 1 100 1 10 12 1 1 7 1 100 1 8 1 10 12 1 10 12 1 1 10 12 1 1 10 10 12 1 11 12 1 1 11 7 12 1 1 1 11 7 12 1 1 1 11 12 1 7 1 11 12 1 11 12 1 10 12 1 1 10 12 1 1 9 12 1 1 10 100 12 1 1 1 9 10 12 1 1 9 12 1 10 12 1 1 5 0 9 12 1 1 7 1 10 12 1 9 12 1 1 7 1 10 12 1 9 12 1 7 1 10 100 1 10 10 12 1 1 8 1 10 12 1 10 12 1 1 11 100 1 10 12 1 10 100 12 1 1 1 8 1 10 100 12 1 1 1 8 1 10 12 1 8 1 10 12 1 10 12 1 1 10 100 12 1 1 10 12 1 10 12 1 10 12 1 9 12 1 9 10 12 1 9 12 1 11 7 12 1 1 1 11 7 12 1 1 1 100 1 10 12 11 100 12 1 1 10 11 7 12 1 10 12 1 100 1 10 12 1 100 1 10 10 9 7 12 1 1 1 3 10 100 12 1 1 9 12 1 10 12 1 1 9 12 1 1 9 12 1 10 12 1 1 10 100 12 1 1 9 12 1 9 7 12 1 1 10 12 1 1 10 12 1 3 9 12 1 9 12 1 10 12 1 1 7 1 9 3 100 1 10 12 1 9 12 1 10 12 1 9 12 1 10 12 1 9 12 1 10 100 12 1 1 1 100 10 12 1 100 1 5 0 10 100 12 1 1 100 1 10 12 1 1 10 12 1 10 12 1 100 1 10 12 1 10 100 1 100 1 10 10 12 1 10 100 1 10 12 1 10 100 1 10 12 1 10 100 1 10 12 1 1 100 1 10 12 1 10 10 12 1 100 1 10 12 1 10 10 12 1 100 1 10 12 1 10 100 1 10 12 1 10 100 1 10 12 1 10 100 1 10 12 1 10 100 1 10 12 1 10 100 1 10 12 1 10 100 1 10 12 1 10 100 1 10 12 1 10 100 1 10 10 100 1 10 10 100 1 10 10 100 1 10 12 1 10 100 1 10 12 1 10 100 1 10 12 1 10 100 1 10 12 1 10 100 1 10 12 1 10 100 1 10 10 100 1 10 10 100 1 10 10 100 1 10 12 1 10 100 1 10 12 1 10 100 1 10 12 1 10 100 1 10 12 1 10 100 1 10 12 1 10 10 12 1 10 12 1 7 1 7 1 10 12 1 9 12 1 1 9 12 1 1 10 12 1 1 8 10 12 1 1 8 8 8 8 7 10 12 1 1 10 12 1 1 100 1 8 1 10 7 1 100 1 100 1 1 1 5 0 1 1 3 1 3 1 1 1 1 3 1 3 1 3 1 1 1 1 1 3 1 3 1 3 1 1 1 1 1 1 1 1 1 1 1 1 1 1 1 1 1 1 1 1 1 1 1 1 1 1 1 100 1 1 1 1 1 1 1 1 1 1 1 1 1 1 1 1 1 1 1 1 1 1 1 1 1 1 1 1 1 1 1 1 1 1 1 1 1 1 1 1 1 1 1 1 1 1 1 1 1 1 1 1 1 1 1 1 1 1 1 1 1 1 1 1 1 1 1 1 1 1 1 1 1 1 1 1 1 1 1 1 1 1 1 1 100 1 1 1 1 1 1 1 1 1 1 1 100 1 1 1 1 1 1 1 1 1 1 1 1 1 1 1 1 1 1 1 1 1 1 1 1 1 1 1 1 1 1 1 1 1 1 1 1 1 1 1 1 1 1 1 1 1 1 1 1 1 1 1 1 1 1 1 1 1 1 1 1 1 1 1 1 1 1 1 1 1 1 1 1 1 1 1 1 1 1 1 1 1 1 1 1 1 1 1 1 1 1 1 1 1 1 1 1 1 1 1 1 1 1 1 1 1 1 1 1 1 1 1 1 1 1 1 1 1 1 1 1 1 1 1 1 1 1 1 1 1 1 1 1 1 1 1 1 1 1 1 1 1 1 1 1 1 1 1 1 1 1 1 1 1 1 1 1 1 1 1 1 1 1 1 1 1 1 1 1 1 1 1 1 1 1 1 1 1 1 1 1 1 1 1 1 1 1 1 1 1 1 1 1 1 1 1 1 1 1 1 1 1 1 1 1 1 1 1 1 1 1 1 1 1 1 1 1 1 1 1 1 1 1 1 100 1 100 1 100 1 100 1 100 1 100 1 100 1 100 1 100 1 1 1 1 1 1 1 1 1 1 1 1 1 1 1 1 1 1 1 1 1 1 1 1 1 1 1 1 1 1 1 1 1 1 1 1 1 1 1 1 1 1 1 1 1 1 1 1 1 1 1 1 1 1 1 1 1 1
staticfield java/util/concurrent/ConcurrentHashMap serialPersistentFields [Ljava/io/ObjectStreamField; 3 [Ljava/io/ObjectStreamField;
staticfield java/util/concurrent/ConcurrentHashMap U Ljdk/internal/misc/Unsafe; jdk/internal/misc/Unsafe
staticfield java/util/concurrent/ConcurrentHashMap SIZECTL J 44
staticfield java/util/concurrent/ConcurrentHashMap TRANSFERINDEX J 56
staticfield java/util/concurrent/ConcurrentHashMap BASECOUNT J 48
staticfield java/util/concurrent/ConcurrentHashMap CELLSBUSY J 60
staticfield java/util/concurrent/ConcurrentHashMap CELLVALUE J 144
staticfield java/util/concurrent/ConcurrentHashMap ABASE J 16
staticfield java/util/concurrent/ConcurrentHashMap ASHIFT I 2
instanceKlass org/apache/maven/project/DefaultProjectBuilder$1
instanceKlass java/util/Collections$SingletonMap
instanceKlass org/eclipse/sisu/wire/EntryMapAdapter
instanceKlass com/google/common/collect/Maps$ViewCachingAbstractMap
instanceKlass com/google/common/collect/MapMakerInternalMap
instanceKlass org/eclipse/sisu/wire/MergedProperties
instanceKlass com/google/common/cache/LocalCache
instanceKlass java/util/EnumMap
instanceKlass java/util/TreeMap
instanceKlass java/util/IdentityHashMap
instanceKlass java/util/WeakHashMap
instanceKlass java/util/Collections$EmptyMap
instanceKlass sun/util/PreHashedMap
instanceKlass java/util/HashMap
instanceKlass java/util/ImmutableCollections$AbstractImmutableMap
instanceKlass java/util/concurrent/ConcurrentHashMap
ciInstanceKlass java/util/AbstractMap 1 1 198 10 7 12 1 1 1 10 7 12 1 1 1 11 7 12 1 1 1 10 11 12 1 1 11 7 12 1 1 1 11 12 1 1 7 1 11 12 1 10 12 1 1 11 12 1 100 1 10 11 12 1 11 7 1 10 12 1 1 11 12 1 9 12 1 1 7 1 10 12 1 9 12 1 1 7 1 10 11 11 12 1 1 11 12 1 100 1 100 1 11 12 1 8 1 100 1 10 10 12 1 1 8 1 10 12 1 10 12 1 1 10 12 1 1 1 1 1 1 1 1 1 1 1 1 1 1 1 1 1 1 1 1 1 1 1 1 1 1 1 1 1 1 1 1 1 1 1 1 1 1 1 1 100 1 1 1 1 1 1 1 100 1 1 1 1 1 1 1 1 1 7 1 1 1 1 1 1 1 1 1 100 1 100 1 100 1 100 1 100 1 1 1 1 1 1 1 1
ciInstanceKlass java/util/concurrent/ConcurrentMap 1 1 201 11 100 12 1 1 1 10 100 12 1 1 11 12 1 1 11 100 12 1 1 1 11 100 12 1 1 1 11 12 1 1 100 1 11 12 1 11 12 1 100 1 11 100 12 1 1 1 18 12 1 11 12 1 1 11 100 12 1 1 11 12 1 1 11 100 12 1 11 12 1 1 11 12 1 1 100 1 100 1 1 1 1 1 1 1 1 1 1 1 1 1 1 1 1 1 1 1 1 1 1 1 1 1 1 1 1 1 1 1 1 1 1 1 1 1 1 1 1 1 1 1 1 1 1 1 1 1 1 1 1 1 1 1 1 1 1 1 1 16 15 11 12 15 10 100 12 1 1 1 1 1 100 1 100 1 1 1 100 1 8 1 1 12 10 1 8 1 1 1 8 1 8 1 1 8 1 1 1 8 1 1 1 8 1 1 8 1 8 1 1 1 8 1 1 8 1 1 1 8 1
ciInstanceKlass java/util/Collection 1 1 115 11 100 12 1 1 1 100 1 11 7 12 1 1 1 10 100 12 1 1 1 11 12 1 1 11 100 12 1 1 1 11 12 1 1 11 100 12 1 1 1 11 12 1 1 10 100 12 1 1 1 11 12 1 10 7 12 1 1 1 100 1 100 1 1 1 1 1 1 1 1 1 1 1 1 1 1 1 1 1 1 1 1 1 1 1 1 1 1 1 1 1 1 1 1 1 1 1 1 1 1 1 1 1 1 1 1 1 1 1 1 1 1 1 1
instanceKlass jdk/internal/loader/ClassLoaders$BootClassLoader
instanceKlass jdk/internal/loader/ClassLoaders$PlatformClassLoader
instanceKlass jdk/internal/loader/ClassLoaders$AppClassLoader
ciInstanceKlass jdk/internal/loader/BuiltinClassLoader 1 1 652 9 7 12 1 1 1 10 7 12 1 1 1 10 7 12 1 1 1 9 12 1 1 9 12 1 1 7 1 10 12 1 9 12 1 10 12 1 9 12 1 10 7 12 1 1 1 10 7 12 1 1 1 10 7 12 1 1 1 11 7 12 1 1 1 100 1 100 1 10 10 12 1 1 8 1 10 12 1 10 12 7 1 10 12 1 10 12 1 1 11 7 12 1 1 1 11 7 12 1 1 1 11 12 1 1 7 1 8 1 8 1 10 9 12 1 1 10 7 12 1 1 11 12 1 1 10 12 1 1 10 12 1 1 10 12 1 1 11 7 12 1 1 1 10 7 12 1 1 100 1 10 7 12 1 1 1 10 7 12 1 1 1 10 12 1 10 12 1 100 1 8 1 10 12 1 1 10 8 1 10 12 1 1 10 12 1 1 10 12 1 1 11 7 12 1 1 11 12 1 7 1 10 11 12 1 1 11 10 12 1 1 7 1 10 12 1 10 7 12 1 10 12 1 11 12 1 1 11 7 1 11 12 1 7 1 10 12 1 1 100 1 100 1 11 12 1 1 10 12 1 10 12 10 12 1 10 7 12 1 1 1 7 1 10 10 12 1 1 10 12 1 1 10 12 1 1 10 12 1 9 12 1 1 100 1 10 10 12 1 1 10 12 1 1 10 12 1 10 12 10 12 1 1 10 12 1 1 10 12 1 1 10 12 1 10 12 1 1 10 12 1 1 10 12 1 10 12 1 1 10 12 1 7 1 10 12 10 7 12 1 1 1 10 12 1 11 12 1 7 1 10 12 1 7 1 100 1 10 12 1 10 12 1 11 12 1 1 10 12 1 1 10 12 1 1 10 12 1 1 10 12 1 1 10 12 1 10 12 1 10 12 1 10 12 1 8 1 10 12 1 1 10 7 12 1 1 10 12 1 100 1 8 1 8 1 10 10 12 1 8 1 8 1 10 7 12 1 1 1 11 7 12 1 1 1 9 7 12 1 1 1 10 7 12 1 1 1 9 12 1 9 12 1 9 12 1 9 12 1 9 12 1 9 12 1 10 7 12 1 1 1 8 1 10 12 1 7 1 10 11 12 1 1 10 12 10 12 1 10 12 1 100 1 10 12 1 10 12 1 11 11 12 1 10 7 12 1 1 10 7 12 1 1 8 1 10 7 12 1 1 10 12 1 1 1 1 1 1 1 1 1 1 1 1 1 1 1 1 1 1 1 1 1 1 1 1 1 1 1 1 1 1 1 1 1 1 1 1 1 1 1 1 1 1 1 1 1 1 1 1 1 1 1 1 1 1 1 100 1 1 1 1 1 1 1 1 1 1 1 1 1 100 1 100 1 1 1 1 1 1 1 1 1 1 1 1 1 1 1 1 1 1 1 1 1 1 1 1 1 1 1 1 1 1 1 1 1 1 1 1 1 1 1 1 1 1 1 1 1 1 1 100 1 1 1 100 1 1 1 1 1
staticfield jdk/internal/loader/BuiltinClassLoader packageToModule Ljava/util/Map; java/util/concurrent/ConcurrentHashMap
staticfield jdk/internal/loader/BuiltinClassLoader $assertionsDisabled Z 1
ciInstanceKlass jdk/internal/loader/ClassLoaders$AppClassLoader 1 1 57 8 1 10 7 12 1 1 1 10 7 12 1 1 1 10 12 1 1 10 7 12 1 1 1 100 1 10 12 1 1 1 1 1 1 1 1 1 1 1 1 1 1 1 1 1 1 1 1 1 1 1 1 7 1 1 1
ciInstanceKlass jdk/internal/loader/ClassLoaders$PlatformClassLoader 1 1 42 8 1 10 7 12 1 1 1 10 7 12 1 1 1 100 1 10 12 1 100 1 1 1 1 1 1 1 1 1 1 1 1 1 1 100 1 1 1 100 1 1
ciInstanceKlass java/lang/ArithmeticException 1 1 26 10 100 12 1 1 1 10 12 1 100 1 1 1 1 5 0 1 1 1 1 1 1 1 1 1
instanceKlass lombok/javac/handlers/HandleDelegate$CantMakeDelegates
instanceKlass lombok/javac/JavacResolution$TypeNotConvertibleException
instanceKlass com/sun/tools/javac/parser/ReferenceParser$ParseException
instanceKlass com/sun/tools/javac/jvm/JNIWriter$TypeSignature$SignatureException
instanceKlass com/sun/tools/javac/jvm/ModuleNameReader$BadClassFile
instanceKlass com/sun/tools/javac/util/ByteBuffer$UnderflowException
instanceKlass com/sun/tools/javac/util/InvalidUtfException
instanceKlass sun/nio/fs/WindowsException
instanceKlass com/sun/tools/javac/platform/PlatformProvider$PlatformNotSupported
instanceKlass jdk/javadoc/internal/doclint/DocLint$BadArgs
instanceKlass com/sun/tools/javac/main/Option$InvalidValueException
instanceKlass org/codehaus/plexus/util/cli/CommandLineException
instanceKlass org/codehaus/plexus/compiler/util/scan/InclusionScanException
instanceKlass org/codehaus/plexus/compiler/CompilerException
instanceKlass org/codehaus/plexus/compiler/manager/NoSuchCompilerException
instanceKlass org/codehaus/plexus/interpolation/InterpolationException
instanceKlass org/apache/maven/artifact/DependencyResolutionRequiredException
instanceKlass org/codehaus/plexus/util/introspection/MethodMap$AmbiguousException
instanceKlass java/net/URISyntaxException
instanceKlass org/xml/sax/SAXException
instanceKlass javax/xml/parsers/ParserConfigurationException
instanceKlass org/apache/maven/shared/filtering/MavenFilteringException
instanceKlass org/codehaus/plexus/interpolation/reflection/MethodMap$AmbiguousException
instanceKlass org/apache/maven/model/resolution/UnresolvableModelException
instanceKlass org/apache/maven/model/resolution/InvalidRepositoryException
instanceKlass org/apache/maven/cli/internal/ExtensionResolutionException
instanceKlass org/apache/maven/toolchain/building/ToolchainsBuildingException
instanceKlass org/apache/maven/execution/MavenExecutionRequestPopulationException
instanceKlass org/apache/maven/lifecycle/internal/builder/BuilderNotFoundException
instanceKlass org/apache/maven/lifecycle/NoGoalSpecifiedException
instanceKlass org/apache/maven/repository/ArtifactDoesNotExistException
instanceKlass org/apache/maven/repository/ArtifactTransferFailedException
instanceKlass org/apache/maven/repository/metadata/MetadataResolutionException
instanceKlass org/apache/maven/artifact/installer/ArtifactInstallationException
instanceKlass org/apache/maven/settings/building/SettingsBuildingException
instanceKlass org/apache/maven/repository/metadata/MetadataGraphTransformationException
instanceKlass org/apache/maven/repository/metadata/GraphConflictResolutionException
instanceKlass org/apache/maven/model/building/ModelBuildingException
instanceKlass org/codehaus/plexus/component/configurator/expression/ExpressionEvaluationException
instanceKlass org/codehaus/plexus/component/composition/CycleDetectedInComponentGraphException
instanceKlass org/codehaus/plexus/configuration/PlexusConfigurationException
instanceKlass org/apache/maven/lifecycle/LifecycleNotFoundException
instanceKlass org/apache/maven/lifecycle/LifecyclePhaseNotFoundException
instanceKlass org/apache/maven/artifact/deployer/ArtifactDeploymentException
instanceKlass org/apache/maven/repository/legacy/resolver/conflict/ConflictResolverNotFoundException
instanceKlass org/sonatype/plexus/components/sec/dispatcher/SecDispatcherException
instanceKlass org/sonatype/plexus/components/cipher/PlexusCipherException
instanceKlass java/security/GeneralSecurityException
instanceKlass org/codehaus/plexus/component/repository/exception/ComponentLifecycleException
instanceKlass org/apache/maven/project/interpolation/ModelInterpolationException
instanceKlass org/apache/maven/artifact/InvalidRepositoryException
instanceKlass org/codehaus/plexus/personality/plexus/lifecycle/phase/InitializationException
instanceKlass org/apache/maven/toolchain/MisconfiguredToolchainException
instanceKlass org/apache/maven/plugin/version/PluginVersionNotFoundException
instanceKlass org/apache/maven/plugin/InvalidPluginException
instanceKlass org/apache/maven/artifact/versioning/InvalidVersionSpecificationException
instanceKlass org/apache/maven/BuildFailureException
instanceKlass org/codehaus/plexus/util/dag/CycleDetectedException
instanceKlass org/apache/maven/MavenExecutionException
instanceKlass org/apache/maven/project/DuplicateProjectException
instanceKlass org/apache/maven/project/ProjectBuildingException
instanceKlass org/apache/maven/project/DependencyResolutionException
instanceKlass org/apache/maven/artifact/repository/metadata/RepositoryMetadataReadException
instanceKlass org/apache/maven/artifact/repository/metadata/RepositoryMetadataResolutionException
instanceKlass org/apache/maven/artifact/repository/metadata/RepositoryMetadataStoreException
instanceKlass org/eclipse/aether/RepositoryException
instanceKlass org/apache/maven/plugin/InvalidPluginDescriptorException
instanceKlass org/apache/maven/plugin/prefix/NoPluginFoundForPrefixException
instanceKlass org/apache/maven/plugin/MojoNotFoundException
instanceKlass org/apache/maven/plugin/PluginDescriptorParsingException
instanceKlass org/apache/maven/plugin/PluginResolutionException
instanceKlass org/apache/maven/plugin/version/PluginVersionResolutionException
instanceKlass org/apache/maven/repository/legacy/metadata/ArtifactMetadataRetrievalException
instanceKlass org/apache/maven/plugin/PluginConfigurationException
instanceKlass org/apache/maven/lifecycle/MissingProjectException
instanceKlass org/apache/maven/lifecycle/LifecycleExecutionException
instanceKlass org/apache/maven/plugin/PluginManagerException
instanceKlass org/apache/maven/configuration/BeanConfigurationException
instanceKlass org/codehaus/plexus/component/configurator/ComponentConfigurationException
instanceKlass org/apache/http/HttpException
instanceKlass org/apache/maven/wagon/WagonException
instanceKlass org/apache/maven/artifact/resolver/AbstractArtifactResolutionException
instanceKlass org/apache/maven/plugin/AbstractMojoExecutionException
instanceKlass java/util/concurrent/TimeoutException
instanceKlass com/google/common/collect/RegularImmutableMap$BucketOverflowException
instanceKlass java/util/concurrent/ExecutionException
instanceKlass java/lang/InterruptedException
instanceKlass com/google/inject/internal/ErrorsException
instanceKlass com/google/inject/internal/InternalProvisionException
instanceKlass org/codehaus/plexus/context/ContextException
instanceKlass java/text/ParseException
instanceKlass org/codehaus/plexus/PlexusContainerException
instanceKlass org/codehaus/plexus/component/repository/exception/ComponentLookupException
instanceKlass org/codehaus/plexus/util/xml/pull/XmlPullParserException
instanceKlass java/lang/CloneNotSupportedException
instanceKlass org/apache/commons/cli/ParseException
instanceKlass org/codehaus/plexus/interpolation/InterpolationException
instanceKlass org/apache/maven/cli/MavenCli$ExitException
instanceKlass org/codehaus/plexus/classworlds/ClassWorldException
instanceKlass org/codehaus/plexus/classworlds/launcher/ConfigurationException
instanceKlass java/io/IOException
instanceKlass java/lang/ReflectiveOperationException
instanceKlass java/lang/RuntimeException
ciInstanceKlass java/lang/Exception 1 1 40 10 7 12 1 1 1 10 12 1 10 12 1 10 12 1 10 12 1 100 1 1 1 1 5 0 1 1 1 1 1 1 1 1 1 1 1 1 1 1
instanceKlass lombok/core/AnnotationValues$AnnotationValueDecodeFail
instanceKlass java/lang/LayerInstantiationException
instanceKlass javax/lang/model/UnknownEntityException
instanceKlass com/sun/tools/javac/jvm/Gen$CodeSizeOverflow
instanceKlass com/sun/tools/javac/code/Types$AdaptFailure
instanceKlass com/sun/tools/javac/comp/Attr$BreakAttr
instanceKlass com/sun/tools/javac/util/CompilerInternalException
instanceKlass com/sun/tools/javac/jvm/ClassWriter$StringOverflow
instanceKlass com/sun/tools/javac/jvm/ClassWriter$PoolOverflow
instanceKlass com/sun/tools/javac/code/Symbol$CompletionFailure
instanceKlass java/nio/file/FileSystemAlreadyExistsException
instanceKlass java/util/MissingResourceException
instanceKlass java/nio/file/FileSystemNotFoundException
instanceKlass java/nio/file/ProviderNotFoundException
instanceKlass com/sun/tools/javac/util/ClientCodeException
instanceKlass com/sun/tools/javac/util/PropagatedException
instanceKlass org/apache/maven/project/DuplicateArtifactAttachmentException
instanceKlass java/time/DateTimeException
instanceKlass org/eclipse/aether/named/support/LockUpgradeNotSupportedException
instanceKlass java/util/ConcurrentModificationException
instanceKlass com/google/inject/internal/aop/GlueException
instanceKlass java/io/UncheckedIOException
instanceKlass org/apache/maven/artifact/InvalidArtifactRTException
instanceKlass com/google/inject/OutOfScopeException
instanceKlass java/lang/annotation/IncompleteAnnotationException
instanceKlass java/lang/reflect/UndeclaredThrowableException
instanceKlass com/google/common/util/concurrent/UncheckedExecutionException
instanceKlass com/google/common/cache/CacheLoader$InvalidCacheLoadException
instanceKlass java/util/NoSuchElementException
instanceKlass com/google/inject/CreationException
instanceKlass com/google/inject/ConfigurationException
instanceKlass com/google/inject/ProvisionException
instanceKlass java/lang/TypeNotPresentException
instanceKlass java/lang/UnsupportedOperationException
instanceKlass java/lang/SecurityException
instanceKlass java/lang/IllegalStateException
instanceKlass java/lang/IllegalArgumentException
instanceKlass java/lang/IndexOutOfBoundsException
instanceKlass java/lang/ArithmeticException
instanceKlass java/lang/NullPointerException
instanceKlass java/lang/IllegalCallerException
instanceKlass java/lang/IllegalMonitorStateException
instanceKlass java/lang/ArrayStoreException
instanceKlass java/lang/ClassCastException
ciInstanceKlass java/lang/RuntimeException 1 1 40 10 7 12 1 1 1 10 12 1 10 12 1 10 12 1 10 12 1 100 1 1 1 1 5 0 1 1 1 1 1 1 1 1 1 1 1 1 1 1
ciInstanceKlass java/lang/ArrayIndexOutOfBoundsException 1 1 45 10 100 12 1 1 1 10 12 1 100 1 10 8 1 10 12 1 1 10 12 1 10 12 1 1 100 1 1 1 1 5 0 1 1 1 1 1 1 1 1 1 1 1 1
ciInstanceKlass java/lang/ArrayStoreException 1 1 26 10 100 12 1 1 1 10 12 1 100 1 1 1 1 5 0 1 1 1 1 1 1 1 1 1
ciInstanceKlass java/lang/ClassCastException 1 1 26 10 100 12 1 1 1 10 12 1 100 1 1 1 1 5 0 1 1 1 1 1 1 1 1 1
ciInstanceKlass java/lang/ClassNotFoundException 1 1 96 7 1 10 7 12 1 1 1 10 12 1 10 12 1 1 10 100 12 1 1 1 8 1 10 100 12 1 1 1 10 7 12 1 1 10 100 12 1 1 1 10 100 12 1 1 1 10 12 1 1 7 1 10 12 1 9 12 1 1 1 1 1 5 0 1 1 1 1 1 1 1 1 1 1 1 1 1 1 1 1 1 1 100 1 1 1 1 1 1 1 1 1 1 1 1
staticfield java/lang/ClassNotFoundException serialPersistentFields [Ljava/io/ObjectStreamField; 1 [Ljava/io/ObjectStreamField;
instanceKlass java/lang/InstantiationException
instanceKlass java/lang/NoSuchFieldException
instanceKlass java/lang/IllegalAccessException
instanceKlass java/lang/reflect/InvocationTargetException
instanceKlass java/lang/NoSuchMethodException
instanceKlass java/lang/ClassNotFoundException
ciInstanceKlass java/lang/ReflectiveOperationException 1 1 34 10 7 12 1 1 1 10 12 1 10 12 1 10 12 1 100 1 1 1 1 5 0 1 1 1 1 1 1 1 1 1 1 1
instanceKlass java/util/regex/PatternSyntaxException
instanceKlass java/nio/file/ProviderMismatchException
instanceKlass java/nio/file/InvalidPathException
instanceKlass java/nio/charset/IllegalCharsetNameException
instanceKlass java/nio/charset/UnsupportedCharsetException
instanceKlass java/lang/NumberFormatException
instanceKlass org/apache/maven/cli/MavenCli$IllegalUseOfUndefinedProperty
ciInstanceKlass java/lang/IllegalArgumentException 1 1 35 10 7 12 1 1 1 10 12 1 10 12 1 10 12 1 100 1 1 1 1 5 0 1 1 1 1 1 1 1 1 1 1 1 1
ciInstanceKlass java/lang/IllegalCallerException 0 0 35 10 100 12 1 1 1 10 12 1 10 12 1 10 12 1 100 1 1 1 1 5 0 1 1 1 1 1 1 1 1 1 1 1 1
ciInstanceKlass java/lang/IllegalMonitorStateException 1 1 26 10 100 12 1 1 1 10 12 1 100 1 1 1 1 5 0 1 1 1 1 1 1 1 1 1
ciInstanceKlass java/lang/BootstrapMethodError 0 0 45 10 100 12 1 1 1 10 12 1 10 12 1 10 100 12 1 1 1 10 100 12 1 1 1 1 1 1 5 0 1 1 1 1 1 1 1 1 1 1 1 100 1 1 1
instanceKlass com/sun/tools/javac/file/PathFileObject$CannotCreateUriError
instanceKlass com/sun/tools/javac/util/Abort
instanceKlass com/sun/tools/javac/processing/AnnotationProcessingError
instanceKlass com/sun/tools/javac/util/FatalError
instanceKlass java/util/ServiceConfigurationError
instanceKlass com/google/common/util/concurrent/ExecutionError
instanceKlass java/lang/AssertionError
instanceKlass java/io/IOError
instanceKlass org/apache/maven/BuildAbort
instanceKlass java/lang/VirtualMachineError
instanceKlass java/lang/LinkageError
ciInstanceKlass java/lang/Error 1 1 58 10 7 12 1 1 1 9 12 1 1 10 100 12 1 1 1 10 100 12 1 1 1 10 12 1 10 12 1 10 12 1 10 12 1 100 1 1 1 1 5 0 1 1 1 1 1 1 1 1 100 1 1 1 1 1 1 1
instanceKlass java/lang/ClassFormatError
instanceKlass java/lang/UnsatisfiedLinkError
instanceKlass java/lang/IncompatibleClassChangeError
instanceKlass java/lang/BootstrapMethodError
instanceKlass java/lang/NoClassDefFoundError
ciInstanceKlass java/lang/LinkageError 1 1 31 10 7 12 1 1 1 10 12 1 10 12 1 100 1 1 1 1 5 0 1 1 1 1 1 1 1 1 1 1 1
ciInstanceKlass java/lang/NullPointerException 1 1 52 10 7 12 1 1 1 10 12 1 9 7 12 1 1 1 10 12 1 1 9 12 1 1 10 12 1 1 10 12 1 1 1 1 5 0 1 1 1 1 1 1 1 1 100 1 100 1 100 1 1 1
ciInstanceKlass java/lang/InternalError 1 1 34 10 100 12 1 1 1 10 12 1 10 12 1 10 12 1 100 1 1 1 1 5 0 1 1 1 1 1 1 1 1 1 1 1
instanceKlass java/lang/StackOverflowError
instanceKlass java/lang/OutOfMemoryError
instanceKlass java/lang/InternalError
ciInstanceKlass java/lang/VirtualMachineError 1 1 34 10 100 12 1 1 1 10 12 1 10 12 1 10 12 1 100 1 1 1 1 5 0 1 1 1 1 1 1 1 1 1 1 1
ciInstanceKlass java/lang/NoClassDefFoundError 1 1 26 10 7 12 1 1 1 10 12 1 100 1 1 1 1 5 0 1 1 1 1 1 1 1 1 1
ciInstanceKlass java/lang/OutOfMemoryError 1 1 26 10 100 12 1 1 1 10 12 1 100 1 1 1 1 5 0 1 1 1 1 1 1 1 1 1
ciInstanceKlass java/lang/StackOverflowError 1 1 26 10 100 12 1 1 1 10 12 1 100 1 1 1 1 5 0 1 1 1 1 1 1 1 1 1
ciInstanceKlass java/lang/StackTraceElement 1 1 235 10 7 12 1 1 1 10 7 12 1 1 9 12 1 1 9 12 1 1 9 12 1 9 12 1 8 1 10 100 12 1 1 1 7 1 9 12 1 8 1 9 12 1 9 12 1 9 12 1 1 10 12 1 1 10 12 1 8 1 10 7 12 1 1 1 7 1 10 12 1 10 12 1 1 10 12 1 10 12 1 1 10 12 1 10 12 1 10 10 12 1 8 1 10 12 1 10 12 1 1 10 12 1 1 10 12 1 10 12 1 10 12 1 9 12 1 1 10 7 12 1 1 1 10 12 1 1 7 1 10 12 1 1 10 7 12 1 1 10 7 12 1 1 1 10 7 12 1 1 10 7 12 1 1 10 10 12 1 1 10 12 1 1 10 12 1 1 10 12 1 100 1 1 1 1 1 1 1 3 1 3 1 1 5 0 1 1 1 1 1 1 1 1 1 1 1 1 1 1 1 1 1 1 1 1 1 1 1 1 1 1 1 1 1 100 1 100 1 1 1 1 1 1 1 100 1 1 1 1 1 1 1 1 1
instanceKlass java/util/concurrent/locks/AbstractQueuedLongSynchronizer
instanceKlass java/util/concurrent/locks/AbstractQueuedSynchronizer
ciInstanceKlass java/util/concurrent/locks/AbstractOwnableSynchronizer 1 1 32 10 7 12 1 1 1 9 7 12 1 1 1 100 1 1 1 1 5 0 1 1 1 1 1 1 1 1 1 1 1 1
ciInstanceKlass jdk/internal/vm/Continuation 1 1 551 9 7 12 1 1 1 9 12 1 9 12 1 9 12 1 100 1 100 1 10 12 1 1 8 1 10 12 1 1 10 12 1 10 12 1 1 10 12 1 9 7 12 1 1 1 11 100 12 1 1 1 10 100 1 9 12 1 1 9 12 1 1 10 8 1 10 12 1 9 12 1 1 10 11 12 1 1 100 1 10 100 12 1 1 1 10 12 1 1 10 12 1 10 12 1 1 11 12 1 1 9 12 1 1 10 12 1 1 18 12 1 1 10 100 12 1 1 1 100 1 10 12 1 11 100 12 1 1 1 10 12 1 9 12 1 10 12 1 1 100 1 8 1 10 12 1 10 12 1 1 9 12 1 1 11 12 1 1 9 12 1 1 8 1 10 11 12 1 1 11 12 1 1 10 12 1 1 10 12 1 1 9 12 1 10 12 1 10 10 12 1 8 1 10 12 1 8 1 8 1 10 7 12 1 1 1 10 100 12 1 1 1 10 12 1 9 12 1 11 12 1 100 1 10 12 1 10 12 1 1 9 12 1 1 100 1 10 12 1 1 9 12 1 1 10 12 1 10 12 1 11 100 12 1 1 10 7 1 10 12 1 8 1 10 12 1 1 9 12 1 1 10 7 12 1 1 8 1 8 1 8 1 8 1 10 12 1 1 10 12 1 10 12 1 10 12 1 10 12 1 1 10 12 1 1 8 1 9 12 1 10 12 1 1 9 12 1 1 10 12 1 1 9 12 1 8 1 10 100 12 1 1 1 10 12 1 8 1 100 1 8 1 10 9 12 1 1 8 1 10 100 12 1 1 10 100 12 1 1 8 1 8 1 10 12 10 12 1 1 10 100 1 10 100 12 1 1 1 18 11 100 12 1 1 1 18 12 1 11 12 1 1 100 1 10 7 12 1 1 10 12 1 1 8 10 12 1 1 10 7 12 1 1 1 10 7 12 1 1 10 12 1 8 1 10 12 1 100 1 100 1 10 12 1 1 1 1 1 1 1 1 1 1 1 1 1 1 1 1 1 1 1 1 1 1 1 1 1 1 1 1 1 1 1 1 1 1 1 1 1 1 1 1 1 1 1 1 1 1 1 1 1 1 1 1 1 1 1 1 1 1 1 1 1 1 1 1 1 1 1 1 1 1 1 1 1 1 1 1 100 1 1 16 1 15 10 12 16 15 11 100 12 1 1 1 16 1 16 1 15 10 12 16 15 10 100 12 1 1 1 1 1 1 1 1 100 1 100 1 1
staticfield jdk/internal/vm/Continuation U Ljdk/internal/misc/Unsafe; jdk/internal/misc/Unsafe
staticfield jdk/internal/vm/Continuation MOUNTED_OFFSET J 13
staticfield jdk/internal/vm/Continuation PRESERVE_SCOPED_VALUE_CACHE Z 1
staticfield jdk/internal/vm/Continuation JLA Ljdk/internal/access/JavaLangAccess; java/lang/System$1
staticfield jdk/internal/vm/Continuation $assertionsDisabled Z 1
ciInstanceKlass jdk/internal/misc/UnsafeConstants 1 1 34 10 100 12 1 1 1 9 7 12 1 1 1 9 12 1 9 12 1 1 9 12 1 9 12 1 1 1 1 1 1 1 1 1
staticfield jdk/internal/misc/UnsafeConstants ADDRESS_SIZE0 I 8
staticfield jdk/internal/misc/UnsafeConstants PAGE_SIZE I 4096
staticfield jdk/internal/misc/UnsafeConstants BIG_ENDIAN Z 0
staticfield jdk/internal/misc/UnsafeConstants UNALIGNED_ACCESS Z 1
staticfield jdk/internal/misc/UnsafeConstants DATA_CACHE_LINE_FLUSH_SIZE I 0
ciInstanceKlass java/lang/invoke/MethodHandleImpl 1 1 1424 10 7 12 1 1 1 100 1 10 100 12 1 1 1 10 7 12 1 1 1 100 1 10 8 1 10 12 1 1 10 12 1 10 12 1 1 10 7 12 1 1 1 9 100 12 1 1 1 10 100 12 1 1 1 100 1 10 12 1 1 10 12 1 1 10 12 1 1 10 7 12 1 1 1 9 7 12 1 1 1 10 7 12 1 1 1 100 1 10 9 12 1 1 9 12 1 10 12 1 1 10 12 1 10 12 1 1 10 12 1 1 10 12 1 1 8 1 8 1 10 12 1 1 10 12 1 1 10 12 1 1 10 12 1 1 10 12 1 10 12 1 1 10 7 12 1 1 1 10 12 1 7 1 10 7 12 1 1 1 10 12 1 1 10 12 1 1 11 7 12 1 1 1 11 7 12 1 1 11 12 1 1 7 1 11 12 1 10 12 1 1 10 12 1 1 11 12 1 10 7 12 1 1 10 12 1 1 10 7 12 1 1 10 12 1 10 12 1 1 10 7 12 1 1 1 10 7 12 1 1 1 10 12 1 1 10 12 1 1 9 7 12 1 1 1 10 10 12 1 1 10 12 1 1 10 10 12 1 1 10 12 1 1 10 7 12 1 1 1 10 12 1 1 10 12 1 10 12 1 10 7 12 1 1 1 10 7 12 1 1 1 10 12 1 1 10 12 1 10 12 1 10 12 1 10 12 1 1 10 12 1 10 12 1 1 10 12 1 10 12 1 8 1 100 1 10 12 1 10 12 1 1 10 12 1 10 12 1 1 10 12 1 1 7 1 10 12 1 100 1 8 1 10 12 1 10 100 12 1 1 1 8 1 10 12 1 10 100 12 1 1 1 100 1 9 100 1 10 12 1 1 10 12 1 1 9 12 1 10 12 1 1 10 100 12 1 1 10 12 1 1 10 12 1 1 10 12 1 10 12 1 100 1 10 12 1 1 9 12 1 1 10 12 1 9 100 12 1 1 1 11 100 12 1 1 7 1 9 12 1 100 1 10 12 1 10 12 1 1 100 1 10 12 1 1 10 12 1 1 10 100 12 1 1 1 10 12 1 1 10 12 1 10 12 1 1 10 12 1 10 12 1 1 10 12 1 7 1 9 100 12 1 1 1 10 12 1 10 12 1 9 100 12 1 1 1 10 12 1 1 10 12 1 1 10 12 1 10 100 12 1 1 10 100 12 1 1 1 9 12 1 10 12 1 9 12 10 12 1 10 12 1 10 12 1 10 12 1 1 10 12 1 10 12 1 1 10 12 1 10 12 1 1 10 12 1 1 10 12 1 1 10 12 1 10 12 1 10 12 1 1 10 12 1 10 100 12 1 1 10 12 1 10 100 12 1 1 8 1 10 8 1 100 1 10 9 12 1 100 1 10 12 1 8 1 10 10 12 1 10 10 12 1 1 10 12 1 1 10 12 1 10 12 1 100 1 8 1 10 12 1 10 100 12 1 1 1 10 12 1 1 10 12 1 10 12 1 100 1 10 12 1 10 12 1 10 12 1 1 7 1 10 12 1 10 7 12 1 1 10 12 1 9 12 1 10 12 1 1 10 12 1 1 100 1 10 10 12 1 8 1 8 1 9 12 1 8 1 8 1 8 1 9 12 1 10 12 1 1 9 12 1 1 10 12 1 8 1 9 7 1 10 12 1 1 10 12 1 8 1 8 1 8 1 100 1 100 1 8 8 1 8 1 100 1 8 1 100 1 10 12 1 7 1 10 10 7 12 1 1 1 10 12 1 10 12 10 12 1 10 12 1 11 100 12 1 1 1 18 12 1 11 100 12 1 1 1 18 18 12 1 11 12 1 1 10 12 1 1 10 12 1 10 12 1 11 12 1 9 12 1 9 12 10 10 12 1 1 9 12 1 1 11 12 1 1 18 12 1 1 11 12 1 1 11 12 1 1 10 12 1 11 100 1 10 12 1 10 12 1 10 12 1 9 12 1 9 12 10 12 1 10 100 12 1 1 1 10 12 1 10 12 1 1 10 12 1 10 12 9 12 1 1 10 12 1 10 12 1 1 9 12 1 9 12 1 10 12 1 10 12 1 1 10 12 1 100 1 10 12 1 9 12 1 1 11 100 1 9 12 1 9 12 11 12 1 9 12 1 10 12 10 12 1 1 10 12 1 1 9 7 12 1 1 10 12 1 10 12 1 10 12 1 1 100 1 10 12 1 10 12 1 1 100 1 10 12 1 1 10 12 1 1 100 1 10 12 1 1 10 12 1 1 10 12 1 10 12 1 10 12 1 9 12 1 10 12 1 10 12 1 1 9 7 12 1 1 1 8 10 12 1 1 8 1 10 12 1 8 1 8 1 8 1 8 1 8 1 8 1 100 1 8 1 8 1 10 12 1 9 12 1 10 12 1 1 1 1 1 3 1 1 3 1 3 1 3 1 3 1 3 1 3 1 3 1 3 1 1 1 1 1 1 1 1 1 3 1 3 1 1 1 1 1 1 1 1 1 1 1 1 1 1 1 1 1 1 1 1 1 1 1 1 1 1 1 1 1 1 1 1 1 1 1 1 1 1 1 1 1 1 1 1 1 1 1 1 1 1 1 1 1 1 1 1 1 1 1 1 1 1 1 1 1 1 1 1 1 1 1 1 1 1 1 1 1 1 1 1 1 1 1 1 1 1 1 1 1 1 1 1 1 1 1 1 1 1 1 1 1 1 1 100 1 1 1 1 1 1 1 1 1 1 1 1 1 1 1 1 1 1 1 1 1 1 1 1 1 1 1 1 1 1 1 1 1 1 1 1 1 1 1 1 1 1 1 1 1 1 1 1 1 1 1 1 1 1 1 1 1 1 1 1 1 1 1 1 1 1 1 1 1 1 1 1 1 1 1 1 1 1 1 1 1 1 1 1 1 1 1 1 1 1 1 1 1 1 1 1 1 1 1 1 1 1 1 1 1 1 1 1 1 1 1 1 1 1 1 1 1 1 1 1 1 1 1 1 1 1 1 1 1 1 1 1 1 1 1 1 1 1 1 1 1 1 1 1 1 1 1 1 1 1 1 1 1 1 1 1 1 1 1 1 1 1 1 1 1 1 1 1 1 100 1 100 1 100 1 100 1 100 1 100 1 100 1 1 16 15 10 12 16 15 16 16 1 15 10 12 16 16 15 10 12 16 15 10 100 12 1 1 1 1 1 1 1 1 1 1 1 1 1 1 1 1 1 1 1 1 1 1 1 1
staticfield java/lang/invoke/MethodHandleImpl ARRAYS [Ljava/lang/invoke/MethodHandle; 256 [Ljava/lang/invoke/MethodHandle;
staticfield java/lang/invoke/MethodHandleImpl NFS [Ljava/lang/invoke/LambdaForm$NamedFunction; 7 [Ljava/lang/invoke/LambdaForm$NamedFunction;
staticfield java/lang/invoke/MethodHandleImpl HANDLES [Ljava/lang/invoke/MethodHandle; 9 [Ljava/lang/invoke/MethodHandle;
staticfield java/lang/invoke/MethodHandleImpl $assertionsDisabled Z 1
ciInstanceKlass java/lang/invoke/MethodHandleStatics 1 1 328 10 100 12 1 1 1 9 7 12 1 1 1 9 12 1 1 10 7 12 1 1 1 9 12 1 9 12 1 9 12 1 9 12 1 9 7 12 1 1 1 100 1 10 8 1 10 12 1 1 10 100 12 1 1 1 8 1 10 100 12 1 1 1 10 12 1 1 8 1 8 1 10 12 1 10 100 12 1 1 1 10 7 12 1 1 8 1 10 12 1 1 8 1 8 1 8 1 8 1 10 12 1 1 100 1 10 12 10 12 1 10 12 1 100 1 10 10 12 1 1 100 1 10 10 12 1 100 1 100 1 8 1 8 1 10 12 1 8 1 10 7 12 1 1 1 9 12 1 1 10 7 12 1 1 1 10 12 1 1 9 12 1 1 10 12 1 1 8 1 10 7 12 1 1 10 7 12 1 1 1 8 1 8 1 8 1 8 1 8 1 10 12 1 10 7 12 1 1 1 9 12 1 8 1 8 1 8 1 8 1 9 12 1 8 1 9 12 1 8 1 8 1 9 12 1 8 1 8 1 9 12 1 8 1 9 12 1 8 1 9 12 1 8 1 9 12 1 8 1 8 1 9 12 1 8 1 8 1 10 12 1 1 8 1 10 12 1 1 1 1 1 1 1 1 1 1 1 1 1 1 1 1 1 1 1 1 1 1 1 100 1 100 1 100 1 1 1 1 1 1 1 1 1 1 1 1 1 1 1 1 1 1 1 1 1 1 1 1 1 1 1 1 1 1 1 1 1
staticfield java/lang/invoke/MethodHandleStatics UNSAFE Ljdk/internal/misc/Unsafe; jdk/internal/misc/Unsafe
staticfield java/lang/invoke/MethodHandleStatics CLASSFILE_VERSION I 69
staticfield java/lang/invoke/MethodHandleStatics DEBUG_METHOD_HANDLE_NAMES Z 0
staticfield java/lang/invoke/MethodHandleStatics TRACE_INTERPRETER Z 0
staticfield java/lang/invoke/MethodHandleStatics TRACE_METHOD_LINKAGE Z 0
staticfield java/lang/invoke/MethodHandleStatics TRACE_RESOLVE Z 0
staticfield java/lang/invoke/MethodHandleStatics COMPILE_THRESHOLD I 0
staticfield java/lang/invoke/MethodHandleStatics LOG_LF_COMPILATION_FAILURE Z 0
staticfield java/lang/invoke/MethodHandleStatics DONT_INLINE_THRESHOLD I 30
staticfield java/lang/invoke/MethodHandleStatics PROFILE_LEVEL I 0
staticfield java/lang/invoke/MethodHandleStatics PROFILE_GWT Z 1
staticfield java/lang/invoke/MethodHandleStatics CUSTOMIZE_THRESHOLD I 127
staticfield java/lang/invoke/MethodHandleStatics VAR_HANDLE_GUARDS Z 1
staticfield java/lang/invoke/MethodHandleStatics MAX_ARITY I 255
staticfield java/lang/invoke/MethodHandleStatics VAR_HANDLE_IDENTITY_ADAPT Z 0
staticfield java/lang/invoke/MethodHandleStatics VAR_HANDLE_SEGMENT_FORCE_EXACT Z 0
staticfield java/lang/invoke/MethodHandleStatics DUMP_CLASS_FILES Ljdk/internal/util/ClassFileDumper; jdk/internal/util/ClassFileDumper
instanceKlass java/lang/invoke/DelegatingMethodHandle
instanceKlass java/lang/invoke/BoundMethodHandle
instanceKlass java/lang/invoke/DirectMethodHandle
ciInstanceKlass java/lang/invoke/MethodHandle 1 1 734 100 1 9 7 12 1 1 1 10 7 12 1 1 1 10 7 12 1 1 1 7 1 7 1 10 12 1 1 9 12 1 1 10 12 1 10 12 1 1 10 12 1 1 10 100 12 1 1 1 10 12 1 1 10 12 1 1 11 100 12 1 1 1 10 12 1 1 10 12 1 10 12 1 9 12 1 1 9 12 1 1 10 100 12 1 1 1 10 12 1 10 12 1 1 10 12 1 10 12 1 100 1 100 1 10 8 1 10 12 1 1 10 12 1 8 1 10 12 1 1 10 12 1 10 7 12 1 1 1 10 12 1 1 10 12 1 1 10 12 1 1 10 7 12 1 1 1 10 12 1 1 10 12 1 1 10 12 1 10 12 1 1 10 100 12 1 1 10 7 12 1 1 10 12 1 10 12 1 10 12 1 1 10 12 1 1 10 12 1 1 10 12 1 1 10 7 12 1 1 1 10 100 12 1 1 1 10 12 1 1 10 12 1 1 10 12 1 1 8 1 10 7 12 1 1 1 8 1 10 12 1 10 12 1 1 10 12 1 1 10 12 1 8 1 10 12 1 1 8 1 10 12 1 8 1 10 100 12 1 1 1 9 12 1 1 100 1 10 9 100 12 1 1 1 9 100 1 8 1 10 12 1 1 10 12 1 10 12 1 1 10 12 1 10 12 1 1 10 12 1 10 12 1 1 10 12 1 10 12 1 1 10 12 1 1 8 1 10 12 1 1 8 1 10 12 1 10 12 1 1 10 12 1 10 12 1 10 12 1 1 9 100 12 1 1 1 10 12 1 1 11 12 1 10 12 1 10 12 1 1 10 100 12 1 1 100 1 11 12 1 10 100 1 11 12 1 100 1 10 12 1 11 12 1 9 100 12 1 1 1 11 12 1 1 11 100 12 1 1 1 10 12 1 1 9 12 1 11 12 1 9 12 1 9 12 1 9 12 1 11 12 1 1 9 12 1 9 12 1 9 12 1 9 12 1 9 12 1 9 12 1 9 12 1 8 1 10 12 1 10 12 1 8 1 10 12 1 10 12 1 10 12 1 1 10 10 10 7 12 1 1 10 12 1 1 100 1 100 1 8 1 8 1 10 10 12 1 1 10 12 1 10 12 1 100 1 10 100 12 1 1 1 10 9 7 12 1 1 1 10 12 1 1 10 12 1 1 8 1 8 1 10 100 12 1 1 9 12 1 9 12 1 1 9 12 1 1 10 12 1 7 1 10 12 1 10 12 1 1 9 12 1 1 9 12 1 1 10 7 12 1 1 1 11 7 12 1 1 9 12 1 10 12 1 1 9 12 1 10 12 1 8 10 12 1 1 8 1 1 1 1 1 1 1 1 100 1 1 1 1 1 1 1 1 1 1 1 1 1 1 1 1 1 1 1 1 1 1 1 1 1 1 1 1 1 1 1 1 100 1 1 1 1 1 1 1 1 1 1 1 1 1 1 1 1 1 1 1 1 1 1 1 1 1 1 1 1 1 1 1 1 1 1 1 1 1 1 1 1 1 1 1 1 1 1 1 1 1 1 1 1 1 1 1 1 1 1 1 1 1 1 1 1 1 1 1 1 1 1 1 1 1 1 1 1 1 1 1 1 1 1 1 1 1 1 100 1 1 100 1 100 1 100 1 1 100 1 1 100 1 1 1 1
staticfield java/lang/invoke/MethodHandle FORM_OFFSET J 20
staticfield java/lang/invoke/MethodHandle UPDATE_OFFSET J 13
staticfield java/lang/invoke/MethodHandle $assertionsDisabled Z 1
ciInstanceKlass java/lang/invoke/MethodType 1 1 724 7 1 10 7 12 1 1 1 9 12 1 1 9 12 1 1 9 12 1 1 10 7 12 1 1 1 9 7 12 1 1 8 1 10 100 12 1 1 1 9 7 1 9 7 1 10 12 1 1 100 1 10 8 1 10 12 1 1 10 12 1 10 12 1 1 100 1 8 1 10 12 1 100 1 10 10 12 1 10 12 1 1 10 12 1 1 11 7 12 1 1 1 9 12 1 11 12 1 1 7 10 12 1 1 10 12 1 1 7 1 7 1 10 7 12 1 1 1 10 12 1 10 12 1 9 12 1 1 10 7 12 1 1 10 12 1 1 10 7 12 1 1 1 10 7 12 1 1 1 10 12 1 9 12 1 1 10 12 1 1 10 12 1 1 10 12 1 1 10 12 1 1 10 12 1 1 10 12 1 10 12 1 10 12 1 1 10 12 1 8 1 8 1 10 12 1 1 9 12 1 1 100 1 10 10 12 1 1 10 12 1 10 12 1 1 10 12 1 1 10 12 1 10 12 1 10 12 1 8 1 10 12 1 1 10 100 12 1 1 1 10 12 1 10 12 1 1 10 12 1 10 12 1 10 12 1 1 10 12 1 10 12 1 9 12 1 10 12 1 10 10 12 1 1 10 12 1 9 12 1 1 10 12 1 1 11 12 1 1 10 12 1 1 10 12 1 10 12 1 100 1 8 1 8 1 8 1 10 12 1 10 12 1 10 12 1 1 10 10 12 1 11 12 1 1 11 12 1 10 100 12 1 1 1 9 12 1 10 12 1 10 12 1 1 10 12 1 1 10 12 1 10 12 1 10 100 12 1 1 1 10 12 1 1 10 12 1 10 12 1 10 12 1 10 9 12 1 1 7 1 10 12 1 10 100 12 1 1 1 10 12 1 1 10 100 12 1 1 1 10 12 1 1 8 1 10 7 12 1 1 1 11 12 1 1 9 12 1 1 10 12 1 1 10 12 1 10 12 1 1 10 12 1 1 10 100 12 1 1 10 12 1 10 12 100 1 11 100 12 1 1 10 12 1 11 12 1 10 100 12 1 1 10 12 1 1 10 12 1 1 9 12 1 1 9 100 12 1 1 1 10 100 12 1 1 1 9 12 1 10 100 12 1 1 10 12 1 100 10 12 1 10 12 1 1 10 12 1 7 1 10 10 12 1 1 7 1 7 1 9 12 1 1 100 1 100 1 100 1 1 1 5 0 1 1 1 1 1 1 1 3 1 3 1 3 1 1 1 1 1 1 1 1 1 1 1 1 1 1 1 1 1 1 1 1 1 1 1 1 1 1 1 1 1 1 1 1 1 1 1 1 1 1 1 1 1 1 1 1 1 1 1 1 1 1 1 1 1 1 1 1 1 1 1 1 1 1 1 1 1 1 1 1 1 1 1 1 1 1 1 1 1 1 1 1 1 1 1 1 1 1 1 1 1 1 1 1 1 1 1 1 1 1 1 1 1 1 1 1 1 1 1 1 1 1 1 1 1 1 1 1 1 1 1 1 1 1 1 1 1 1 1 1 100 1 100 1 1 1 1 1 1 1 1 1 1 1 1 1 100 1 1 1 1 100 1 1 1 100 1 1 1 1 1 1 1 1 1 1 1 1 1 1 1 1 1 1 100 1 1 100 1 1
staticfield java/lang/invoke/MethodType internTable Ljdk/internal/util/ReferencedKeySet; jdk/internal/util/ReferencedKeySet
staticfield java/lang/invoke/MethodType NO_PTYPES [Ljava/lang/Class; 0 [Ljava/lang/Class;
staticfield java/lang/invoke/MethodType objectOnlyTypes [Ljava/lang/invoke/MethodType; 20 [Ljava/lang/invoke/MethodType;
staticfield java/lang/invoke/MethodType METHOD_HANDLE_ARRAY [Ljava/lang/Class; 1 [Ljava/lang/Class;
staticfield java/lang/invoke/MethodType serialPersistentFields [Ljava/io/ObjectStreamField; 0 [Ljava/io/ObjectStreamField;
staticfield java/lang/invoke/MethodType $assertionsDisabled Z 1
ciInstanceKlass java/lang/invoke/TypeDescriptor$OfMethod 1 0 43 100 1 100 1 100 1 1 1 1 1 1 1 1 1 1 1 1 1 1 1 1 1 1 1 1 1 1 1 1 1 1 1 1 1 1 1 1 1 1 100 1 1
instanceKlass lombok/core/configuration/CapitalizationStrategy
instanceKlass lombok/core/configuration/NullCheckExceptionType
instanceKlass lombok/core/configuration/CallSuperType
instanceKlass lombok/core/configuration/FlagUsageType
instanceKlass javax/lang/model/util/Elements$DocCommentKind
instanceKlass java/lang/StackStreamFactory$WalkerState
instanceKlass java/lang/StackWalker$ExtendedOption
instanceKlass java/lang/StackWalker$Option
instanceKlass sun/misc/Unsafe$MemoryAccessOption
instanceKlass com/sun/source/tree/Tree$Kind
instanceKlass com/sun/tools/javac/code/TypeAnnotations$AnnotationType
instanceKlass com/sun/tools/javac/comp/Resolve$InterfaceLookupPhase
instanceKlass com/sun/tools/javac/code/TargetType
instanceKlass com/sun/tools/javac/code/Attribute$RetentionPolicy
instanceKlass javax/lang/model/element/NestingKind
instanceKlass javax/lang/model/element/ElementKind
instanceKlass com/sun/tools/javac/comp/DeferredAttr$AttributionMode
instanceKlass com/sun/tools/javac/code/Scope$LookupKind
instanceKlass java/lang/invoke/MethodHandles$Lookup$ClassOption
instanceKlass java/nio/file/FileVisitResult
instanceKlass com/sun/tools/javac/code/Directive$ExportsFlag
instanceKlass com/sun/tools/javac/parser/JavacParser$ParensResult
instanceKlass com/sun/tools/javac/parser/JavacParser$EnumeratorEstimate
instanceKlass com/sun/source/tree/MemberReferenceTree$ReferenceMode
instanceKlass com/sun/tools/javac/code/BoundKind
instanceKlass com/sun/tools/javac/parser/Tokens$Comment$CommentStyle
instanceKlass com/sun/tools/javac/tree/JCTree$JCLambda$ParameterKind
instanceKlass com/sun/tools/javac/tree/JCTree$JCPolyExpression$PolyKind
instanceKlass javax/lang/model/type/TypeKind
instanceKlass com/sun/tools/javac/util/RichDiagnosticFormatter$RichConfiguration$RichFormatterFeature
instanceKlass com/sun/tools/javac/comp/CompileStates$CompileState
instanceKlass com/sun/tools/javac/main/JavaCompiler$ImplicitSourcePolicy
instanceKlass com/sun/tools/javac/comp/ThisEscapeAnalyzer$Indirection
instanceKlass com/sun/tools/javac/parser/Tokens$Token$Tag
instanceKlass com/sun/tools/javac/parser/Tokens$TokenKind
instanceKlass com/sun/tools/javac/jvm/ClassFile$Version
instanceKlass com/sun/tools/javac/comp/Attr$CheckMode
instanceKlass com/sun/tools/javac/comp/Analyzer$AnalyzerMode
instanceKlass com/sun/tools/javac/jvm/Code$StackMapFormat
instanceKlass com/sun/tools/javac/comp/Operators$OperatorType
instanceKlass com/sun/tools/javac/tree/JCTree$Tag
instanceKlass com/sun/tools/javac/jvm/Profile
instanceKlass com/sun/tools/javac/comp/Resolve$VerboseResolutionMode
instanceKlass com/sun/tools/javac/comp/DeferredAttr$AttrMode
instanceKlass com/sun/tools/javac/main/Option$PkgInfo
instanceKlass com/sun/tools/javac/util/Dependencies$CompletionCause
instanceKlass com/sun/tools/javac/comp/Resolve$ReferenceLookupResult$StaticKind
instanceKlass com/sun/tools/javac/comp/Resolve$MethodResolutionPhase
instanceKlass com/sun/tools/javac/code/Directive$RequiresFlag
instanceKlass com/sun/tools/javac/util/Convert$Validation
instanceKlass com/sun/tools/javac/code/Symbol$ModuleResolutionFlags
instanceKlass com/sun/tools/javac/code/Symbol$ModuleFlags
instanceKlass com/sun/tools/javac/code/Kinds$KindName
instanceKlass com/sun/tools/javac/code/Kinds$Kind$Category
instanceKlass com/sun/tools/javac/code/Kinds$Kind
instanceKlass com/sun/tools/javac/code/TypeTag
instanceKlass com/sun/tools/javac/jvm/ClassReader$AttributeKind
instanceKlass com/sun/tools/javac/main/JavaCompiler$CompilePolicy
instanceKlass com/sun/tools/javac/main/Main$Result
instanceKlass com/sun/tools/javac/util/BasicDiagnosticFormatter$BasicConfiguration$SourcePosition
instanceKlass com/sun/tools/javac/code/Source$Feature$DiagKind
instanceKlass com/sun/tools/javac/util/JCDiagnostic$DiagnosticType
instanceKlass com/sun/tools/javac/code/Source$Feature
instanceKlass jdk/nio/zipfs/ZipFileSystem$ZipAccessMode
instanceKlass jdk/javadoc/internal/tool/AccessLevel
instanceKlass jdk/javadoc/internal/doclint/Messages$Group
instanceKlass com/sun/tools/javac/main/Arguments$ErrorMode
instanceKlass com/sun/tools/javac/jvm/Target
instanceKlass com/sun/tools/javac/util/BasicDiagnosticFormatter$BasicConfiguration$BasicFormatKind
instanceKlass com/sun/tools/javac/api/DiagnosticFormatter$Configuration$MultilineLimit
instanceKlass com/sun/tools/javac/api/DiagnosticFormatter$Configuration$DiagnosticPart
instanceKlass com/sun/tools/javac/util/JCDiagnostic$DiagnosticFlag
instanceKlass com/sun/tools/javac/util/Log$WriterKind
instanceKlass javax/tools/StandardLocation
instanceKlass javax/tools/JavaFileObject$Kind
instanceKlass com/sun/tools/javac/code/Source
instanceKlass com/sun/tools/javac/code/Lint$LintCategory
instanceKlass com/sun/tools/javac/main/Option$ChoiceKind
instanceKlass com/sun/tools/javac/main/Option$ArgKind
instanceKlass com/sun/tools/javac/main/Option$OptionGroup
instanceKlass com/sun/tools/javac/main/Option$OptionKind
instanceKlass com/sun/tools/javac/main/Option
instanceKlass javax/tools/Diagnostic$Kind
instanceKlass org/codehaus/plexus/compiler/javac/JavacCompiler$JavaVersion
instanceKlass org/apache/maven/shared/utils/io/ScanConductor$ScanAction
instanceKlass java/nio/file/FileTreeWalker$EventType
instanceKlass java/nio/file/FileVisitOption
instanceKlass org/fusesource/jansi/Ansi$Attribute
instanceKlass org/fusesource/jansi/Ansi$Color
instanceKlass org/apache/maven/shared/utils/logging/Style
instanceKlass java/util/Comparators$NaturalOrderComparator
instanceKlass org/codehaus/plexus/compiler/CompilerConfiguration$CompilerReuseStrategy
instanceKlass javax/lang/model/SourceVersion
instanceKlass org/codehaus/plexus/compiler/CompilerMessage$Kind
instanceKlass java/time/format/TextStyle
instanceKlass java/time/format/DateTimeFormatterBuilder$SettingsParser
instanceKlass java/time/format/ResolverStyle
instanceKlass java/time/format/SignStyle
instanceKlass java/time/temporal/JulianFields$Field
instanceKlass java/time/temporal/IsoFields$Unit
instanceKlass java/time/temporal/IsoFields$Field
instanceKlass java/time/temporal/ChronoField
instanceKlass com/google/inject/internal/ErrorId
instanceKlass org/eclipse/sisu/space/GlobberStrategy
instanceKlass org/eclipse/aether/util/graph/transformer/ConflictResolver$Verbosity
instanceKlass org/apache/maven/plugin/MojoExecution$Source
instanceKlass java/nio/file/AccessMode
instanceKlass org/eclipse/aether/RepositoryEvent$EventType
instanceKlass org/eclipse/aether/named/support/ReadWriteLockNamedLock$Step
instanceKlass java/time/temporal/ChronoUnit
instanceKlass org/apache/maven/project/ProjectBuildingRequest$RepositoryMerging
instanceKlass java/security/DrbgParameters$Capability
instanceKlass sun/security/util/KnownOIDs
instanceKlass java/security/Security$SecPropLoader$LoadingMode
instanceKlass org/eclipse/sisu/inject/QualifyingStrategy
instanceKlass com/google/inject/internal/InjectorImpl$JitLimitation
instanceKlass org/eclipse/sisu/bean/DeclaredMembers$View
instanceKlass com/google/inject/internal/Initializer$InjectableReferenceState
instanceKlass com/google/common/collect/MapMakerInternalMap$Strength
instanceKlass org/apache/maven/settings/building/SettingsProblem$Severity
instanceKlass org/eclipse/aether/metadata/Metadata$Nature
instanceKlass org/apache/maven/model/building/ModelProblem$Version
instanceKlass org/apache/maven/building/Problem$Severity
instanceKlass org/apache/maven/plugin/internal/DefaultPluginValidationManager$ValidationReportLevel
instanceKlass org/apache/maven/plugin/PluginValidationManager$IssueLocality
instanceKlass org/apache/maven/classrealm/ClassRealmRequest$RealmType
instanceKlass org/apache/maven/model/building/ModelProblem$Severity
instanceKlass org/apache/maven/artifact/ArtifactScopeEnum
instanceKlass org/apache/maven/execution/ExecutionEvent$Type
instanceKlass com/google/inject/spi/InjectionPoint$Position
instanceKlass com/google/common/util/concurrent/AbstractFutureState$VarHandleAtomicHelperMaker
instanceKlass java/lang/annotation/ElementType
instanceKlass java/lang/classfile/attribute/StackMapFrameInfo$SimpleVerificationTypeInfo
instanceKlass java/lang/reflect/ProxyGenerator$PrimitiveTypeInfo
instanceKlass java/lang/classfile/ClassFile$StackMapsOption
instanceKlass java/lang/reflect/AccessFlag$Location
instanceKlass java/lang/reflect/AccessFlag
instanceKlass java/lang/module/ModuleDescriptor$Modifier
instanceKlass java/lang/annotation/RetentionPolicy
instanceKlass com/google/inject/internal/InternalFlags$ColorizeOption
instanceKlass com/google/inject/internal/InternalFlags$BytecodeGenOption
instanceKlass com/google/inject/internal/InternalFlags$NullableProvidesOption
instanceKlass com/google/inject/internal/InternalFlags$CustomClassLoadingOption
instanceKlass com/google/inject/internal/InternalFlags$IncludeStackTraceOption
instanceKlass com/google/inject/Key$NullAnnotationStrategy
instanceKlass sun/reflect/annotation/TypeAnnotation$TypeAnnotationTarget
instanceKlass com/google/common/cache/LocalCache$EntryFactory
instanceKlass com/google/common/cache/CacheBuilder$NullListener
instanceKlass com/google/common/cache/CacheBuilder$OneWeigher
instanceKlass com/google/common/cache/LocalCache$Strength
instanceKlass jdk/internal/logger/BootstrapLogger$LoggingBackend
instanceKlass java/util/stream/MatchOps$MatchKind
instanceKlass com/google/inject/Stage
instanceKlass org/eclipse/sisu/space/BeanScanning
instanceKlass java/math/RoundingMode
instanceKlass sun/util/locale/provider/LocaleProviderAdapter$Type
instanceKlass java/util/stream/Collector$Characteristics
instanceKlass java/util/Locale$Category
instanceKlass org/apache/maven/cli/logging/Slf4jConfiguration$Level
instanceKlass org/slf4j/impl/OutputChoice$OutputChoiceType
instanceKlass java/util/stream/StreamShape
instanceKlass java/util/stream/StreamOpFlag$Type
instanceKlass java/util/stream/StreamOpFlag
instanceKlass org/fusesource/jansi/AnsiColors
instanceKlass org/fusesource/jansi/AnsiMode
instanceKlass org/fusesource/jansi/AnsiType
instanceKlass jdk/internal/util/OperatingSystem
instanceKlass java/util/regex/Pattern$Qtype
instanceKlass java/lang/invoke/VarHandle$AccessType
instanceKlass java/lang/invoke/VarHandle$AccessMode
instanceKlass java/lang/classfile/Opcode$Kind
instanceKlass java/lang/classfile/Opcode
instanceKlass java/lang/invoke/MethodHandleImpl$Intrinsic
instanceKlass java/lang/classfile/AttributeMapper$AttributeStability
instanceKlass jdk/internal/classfile/impl/AbstractPoolEntry$Utf8EntryImpl$State
instanceKlass java/lang/classfile/TypeKind
instanceKlass java/lang/invoke/LambdaForm$BasicType
instanceKlass java/lang/invoke/LambdaForm$Kind
instanceKlass java/lang/constant/DirectMethodHandleDesc$Kind
instanceKlass sun/invoke/util/Wrapper
instanceKlass java/util/concurrent/TimeUnit
instanceKlass java/nio/file/LinkOption
instanceKlass sun/nio/fs/WindowsPathType
instanceKlass java/nio/file/StandardOpenOption
instanceKlass jdk/internal/vm/Continuation$Pinned
instanceKlass java/io/File$PathStatus
instanceKlass jdk/internal/module/ModuleBootstrap$IllegalNativeAccess
instanceKlass java/lang/reflect/ClassFileFormatVersion
instanceKlass java/lang/Thread$State
instanceKlass java/lang/module/ModuleDescriptor$Requires$Modifier
ciInstanceKlass java/lang/Enum 1 1 204 9 7 12 1 1 1 9 12 1 1 10 7 12 1 1 1 9 12 1 10 7 12 1 1 1 100 1 10 10 12 1 1 10 12 1 100 1 10 10 7 12 1 1 10 12 1 1 18 12 1 1 10 100 12 1 1 1 10 12 1 1 11 7 12 1 1 1 100 1 8 1 10 12 1 100 1 100 1 10 8 1 10 12 1 1 10 12 1 1 8 1 10 12 1 10 100 1 8 1 10 10 12 1 1 10 100 12 1 1 1 100 1 100 1 100 1 1 1 1 1 1 1 1 1 1 1 1 1 1 1 1 1 1 1 1 1 1 1 1 1 1 1 1 1 1 1 1 1 1 1 1 1 1 1 1 1 1 1 1 1 1 1 3 1 1 1 1 100 1 100 1 1 100 1 1 1 1 1 1 1 1 1 1 1 16 15 10 12 16 15 10 100 12 1 1 1 1 1 100 1 100 1 1
ciInstanceKlass java/lang/invoke/LambdaForm 1 1 1030 7 1 100 1 10 7 12 1 1 1 9 12 1 1 9 12 1 9 12 1 9 12 1 1 9 12 1 1 9 12 1 1 9 12 1 1 9 12 1 1 9 12 1 10 7 12 1 1 9 12 1 10 12 1 1 100 1 10 10 12 1 1 10 12 1 10 12 1 10 12 1 1 10 12 1 9 12 1 9 12 1 10 12 1 1 9 7 12 1 1 1 9 7 12 1 1 9 12 1 1 10 12 1 9 12 1 10 100 12 1 1 1 10 12 1 1 100 1 10 12 1 1 9 7 12 1 1 1 10 100 12 1 1 1 10 12 1 10 12 1 1 7 1 10 12 1 10 12 1 10 12 1 1 10 12 1 1 10 12 1 10 12 1 10 12 1 10 12 1 10 12 1 1 8 1 10 12 1 10 12 1 10 10 12 1 8 1 8 1 9 12 1 9 12 1 1 10 12 1 1 9 12 1 1 10 7 12 1 1 1 10 12 1 1 10 12 1 10 12 1 1 10 12 1 7 1 10 12 1 10 100 12 1 1 1 9 12 1 10 12 1 8 1 8 1 8 1 8 1 8 1 8 1 8 1 8 1 10 12 1 9 12 1 7 1 10 12 1 1 9 12 1 1 10 12 1 1 10 12 1 1 10 12 10 12 1 10 12 1 1 10 12 1 1 10 12 1 1 10 10 12 1 1 10 12 1 1 7 1 8 1 10 12 1 1 10 12 1 10 12 1 1 10 8 1 10 12 1 1 8 1 8 1 8 1 10 12 1 10 12 1 10 12 1 1 10 100 12 1 1 1 10 7 12 1 1 1 10 12 1 1 9 12 1 1 8 1 10 100 12 1 1 1 10 7 12 1 1 10 12 1 10 12 1 1 10 12 1 1 9 12 1 8 10 12 1 1 100 1 10 12 1 1 10 12 1 9 7 12 1 1 9 100 12 1 1 1 8 1 10 100 12 1 1 10 12 1 1 100 1 100 1 10 10 12 1 1 10 12 1 1 8 1 8 1 100 1 8 1 10 12 10 12 1 10 12 1 10 12 1 10 12 1 1 9 100 12 1 1 10 12 1 8 1 8 1 10 12 1 10 12 1 1 8 1 8 1 8 1 100 1 8 1 100 1 8 1 100 1 8 1 10 12 1 8 1 9 10 100 12 1 1 1 10 12 1 9 12 1 1 10 12 1 10 10 12 1 10 12 1 10 12 1 10 12 1 1 10 12 1 10 12 1 1 10 12 1 1 10 12 1 1 10 12 1 1 8 1 100 10 12 1 10 12 1 9 12 1 1 10 7 12 1 1 8 1 8 1 100 1 8 1 8 1 8 1 8 1 8 1 8 1 8 1 8 1 10 12 1 1 10 12 1 1 10 12 1 10 12 1 10 12 1 10 12 1 8 1 8 1 8 1 10 12 1 8 1 10 12 1 8 1 8 1 8 1 8 1 8 1 10 12 1 10 12 1 10 12 1 1 10 7 12 1 1 1 10 12 1 10 12 1 10 12 1 10 12 1 10 12 1 9 12 1 1 8 1 10 12 1 1 9 12 1 9 12 1 1 10 12 1 1 9 12 1 1 9 12 1 10 12 1 1 9 12 1 1 7 1 10 7 12 1 1 1 9 7 12 1 1 1 10 7 12 1 1 1 10 12 1 1 10 12 1 1 10 12 1 9 12 1 10 12 1 9 12 1 10 12 1 10 12 1 8 1 10 12 1 9 12 1 1 7 1 10 7 12 1 1 1 100 1 10 12 1 9 12 1 10 12 1 10 12 1 10 12 1 1 10 12 1 9 7 12 1 1 10 12 1 1 10 12 1 10 12 1 9 12 1 9 9 12 1 7 9 12 1 1 10 12 1 1 9 12 1 10 12 1 10 7 1 9 1 1 1 1 3 1 3 1 1 3 1 3 1 1 1 1 1 1 1 1 1 1 1 1 1 1 1 1 1 1 1 1 1 1 1 1 1 1 1 1 1 1 1 1 1 1 1 1 1 1 1 1 1 1 1 1 1 100 1 1 1 1 1 1 1 1 1 1 1 1 1 1 1 1 1 1 1 1 1 1 1 1 1 1 1 1 1 1 1 1 1 1 1 1 1 1 1 1 1 1 1 1 1 1 1 1 1 1 1 1 1 1 1 1 1 1 1 1 1 1 1 1 1 1 1 100 1 1 1 1 1 1 1 1 1 1 1 1 1 1 1 1 1 1 1 1 1 1 1 1 1 1 1 1 1 1 1 1 1 1 1 1 100 1 1 1 1 1 1 1 1 1 1 1 1 1 1 100 1 1 1 100 1 1 100 1 1 1 1 1 1 1 1 1 1 1 1
staticfield java/lang/invoke/LambdaForm DEFAULT_CUSTOMIZED Ljava/lang/invoke/MethodHandle; 
staticfield java/lang/invoke/LambdaForm DEFAULT_KIND Ljava/lang/invoke/LambdaForm$Kind; java/lang/invoke/LambdaForm$Kind
staticfield java/lang/invoke/LambdaForm COMPILE_THRESHOLD I 0
staticfield java/lang/invoke/LambdaForm INTERNED_ARGUMENTS [[Ljava/lang/invoke/LambdaForm$Name; 5 [[Ljava/lang/invoke/LambdaForm$Name;
staticfield java/lang/invoke/LambdaForm IMPL_NAMES Ljava/lang/invoke/MemberName$Factory; java/lang/invoke/MemberName$Factory
staticfield java/lang/invoke/LambdaForm LF_identity [Ljava/lang/invoke/LambdaForm; 6 [Ljava/lang/invoke/LambdaForm;
staticfield java/lang/invoke/LambdaForm NF_identity [Ljava/lang/invoke/LambdaForm$NamedFunction; 6 [Ljava/lang/invoke/LambdaForm$NamedFunction;
staticfield java/lang/invoke/LambdaForm LF_constant [Ljava/lang/invoke/LambdaForm; 5 [Ljava/lang/invoke/LambdaForm;
staticfield java/lang/invoke/LambdaForm createIdentityFormLock Ljava/lang/Object; java/lang/Object
staticfield java/lang/invoke/LambdaForm DEBUG_NAME_COUNTERS Ljava/util/HashMap; 
staticfield java/lang/invoke/LambdaForm DEBUG_NAMES Ljava/util/HashMap; 
staticfield java/lang/invoke/LambdaForm TRACE_INTERPRETER Z 0
staticfield java/lang/invoke/LambdaForm $assertionsDisabled Z 1
instanceKlass jdk/internal/reflect/DirectMethodHandleAccessor
ciInstanceKlass jdk/internal/reflect/MethodAccessorImpl 1 1 38 10 7 12 1 1 1 10 100 12 1 1 1 100 1 1 1 1 1 1 1 100 1 100 1 1 1 1 1 1 1 1 1 1 1 1 1 1
ciInstanceKlass jdk/internal/reflect/MethodAccessor 1 0 17 100 1 100 1 1 1 1 100 1 100 1 1 1 1 1 1
ciInstanceKlass java/util/Objects 1 1 184 10 7 12 1 1 1 100 1 8 1 10 12 1 10 12 1 1 10 7 12 1 1 1 10 12 1 1 10 12 1 10 100 12 1 1 1 10 12 1 1 10 7 12 1 1 1 100 1 10 10 12 1 1 10 100 12 1 1 10 12 1 1 8 1 10 100 12 1 1 1 10 100 12 1 1 1 10 11 100 12 1 1 1 100 1 10 10 12 1 8 1 10 12 1 8 1 100 1 11 12 1 1 8 1 10 7 12 1 1 1 10 12 1 1 10 12 1 10 12 1 10 12 1 10 12 1 1 1 1 1 1 1 1 1 1 1 1 1 1 1 1 1 1 1 1 1 1 1 1 1 1 1 1 1 1 1 1 1 1 1 1 1 1 1 1 1 1 1 1 1 1 1 1 1 1 1 1 1 1 1 1 1 1
instanceKlass com/sun/tools/javac/comp/CompileStates
instanceKlass org/apache/maven/artifact/versioning/ManagedVersionMap
instanceKlass java/lang/ProcessEnvironment
instanceKlass java/util/LinkedHashMap
ciInstanceKlass java/util/HashMap 1 1 629 10 7 12 1 1 1 100 1 10 12 1 1 100 1 10 7 12 1 1 1 100 1 11 12 1 1 11 12 1 11 12 1 1 10 7 12 1 1 1 7 1 3 10 7 12 1 1 1 100 1 100 1 10 8 1 10 12 1 1 10 12 1 10 12 1 1 10 12 1 10 7 12 1 1 1 8 1 10 12 1 9 12 1 1 10 12 1 9 12 1 1 4 10 12 1 10 12 1 1 11 7 12 1 1 9 12 1 1 10 7 12 1 1 1 6 0 10 12 1 1 11 12 1 1 11 7 12 1 1 1 11 7 12 1 1 1 11 12 1 1 7 1 11 12 1 11 12 1 10 12 1 10 12 1 1 9 12 10 12 1 1 9 7 12 1 1 1 9 12 9 12 1 10 12 1 1 9 12 1 7 1 10 12 1 1 10 12 1 1 10 12 1 1 10 12 1 1 10 12 1 1 9 12 1 10 12 1 1 3 4 10 12 1 1 10 12 1 1 9 12 1 1 9 10 12 1 1 10 12 1 1 10 12 1 1 10 12 1 9 12 1 1 7 1 10 12 1 10 12 1 10 7 12 1 1 1 7 1 9 12 1 1 7 1 10 9 12 7 1 10 100 1 10 11 7 12 1 1 1 100 1 10 11 100 12 1 1 11 100 12 1 1 1 10 12 1 100 1 100 1 10 12 1 10 12 1 10 12 1 10 100 12 1 1 10 12 1 1 10 12 1 1 10 100 12 1 1 1 8 10 100 12 1 1 1 100 1 10 4 4 10 12 1 1 10 100 12 1 1 1 10 12 1 8 1 6 0 10 100 12 1 1 1 100 1 11 100 12 1 1 1 10 12 1 10 12 1 10 10 12 1 1 6 0 8 1 10 12 1 10 12 100 1 100 1 1 1 1 5 0 1 3 1 1 1 3 1 3 1 3 1 1 1 1 1 1 1 1 1 1 1 1 1 1 1 1 1 1 1 1 1 1 100 1 1 1 1 1 1 1 1 1 1 1 1 1 1 1 1 1 1 1 1 1 1 1 1 1 1 1 1 1 1 1 1 1 100 1 1 1 1 1 1 1 1 1 1 1 1 1 1 1 1 1 1 1 1 1 1 1 1 1 1 1 1 1 1 1 1 1 1 1 1 1 1 1 1 1 1 1 1 1 1 1 1 1 1 1 100 1 1 1 1 1 1 1 1 1 1 1 1 1 1 1 1 1 1 1 1 1 1 1 1 1 1 1 1 1 1 1 1 1 1 1 1 1 1 1 1 1 1 1 1 1 1 1 1 100 1 1 1 1 1 1 1 1 100 1 1 1 1 1 1 1 1 1 1 1 1 1 1 1 1 1 1 100 1 100 1 100 1 100 1 100 1 100 1 100 1 100 1 1 1 1 1 1 1 1 1 1 1 1 1 1 1 1 1 1
ciMethod java/util/HashMap get (Ljava/lang/Object;)Ljava/lang/Object; 1024 0 20769 0 608
ciMethod java/util/HashMap put (Ljava/lang/Object;Ljava/lang/Object;)Ljava/lang/Object; 1024 0 19007 0 2101
ciMethod java/util/HashMap computeIfAbsent (Ljava/lang/Object;Ljava/util/function/Function;)Ljava/lang/Object; 516 34 5300 0 -1
ciMethod java/util/HashMap getOrDefault (Ljava/lang/Object;Ljava/lang/Object;)Ljava/lang/Object; 532 0 17608 0 0
ciMethod java/util/HashMap newNode (ILjava/lang/Object;Ljava/lang/Object;Ljava/util/HashMap$Node;)Ljava/util/HashMap$Node; 826 0 6558 0 216
ciMethod java/util/HashMap afterNodeAccess (Ljava/util/HashMap$Node;)V 46 0 1273 0 0
ciMethod java/util/HashMap afterNodeInsertion (Z)V 916 0 1547 0 80
ciInstanceKlass jdk/internal/reflect/CallerSensitive 0 0 17 100 1 100 1 100 1 1 1 1 1 1 1 1 1 1 1
ciInstanceKlass jdk/internal/reflect/DirectConstructorHandleAccessor$NativeAccessor 1 1 44 10 7 12 1 1 1 9 7 12 1 1 1 10 12 1 1 1 1 1 1 1 1 1 1 1 1 1 1 1 1 1 100 1 100 1 1 1 1 1 100 1 1 1
ciInstanceKlass jdk/internal/reflect/ConstructorAccessor 1 0 16 100 1 100 1 1 1 1 100 1 100 1 100 1 1 1
instanceKlass jdk/internal/reflect/DirectConstructorHandleAccessor
instanceKlass jdk/internal/reflect/DirectConstructorHandleAccessor$NativeAccessor
ciInstanceKlass jdk/internal/reflect/ConstructorAccessorImpl 1 1 27 10 7 12 1 1 1 100 1 100 1 1 1 1 1 1 1 1 1 100 1 100 1 100 1 1 1
ciInstanceKlass jdk/internal/reflect/ConstantPool 1 1 142 10 100 12 1 1 1 9 7 12 1 1 1 10 12 1 1 10 12 1 1 10 12 1 10 12 1 1 10 12 1 1 10 12 1 10 12 1 1 10 12 1 10 12 1 1 10 12 1 10 12 1 10 12 1 10 12 1 1 10 12 1 1 10 12 1 1 10 12 1 1 10 12 1 10 12 1 1 10 100 12 1 1 1 8 11 7 12 1 1 1 10 7 12 1 1 1 1 1 1 1 1 1 1 1 1 1 1 1 1 1 1 1 1 1 1 1 1 1 1 1 1 1 1 1 1 1 1 1 1 1 1 1 1 1 1 1 1 1 1 1 1
instanceKlass java/lang/invoke/VolatileCallSite
instanceKlass java/lang/invoke/MutableCallSite
instanceKlass java/lang/invoke/ConstantCallSite
ciInstanceKlass java/lang/invoke/CallSite 1 1 297 10 7 12 1 1 1 10 7 12 1 1 1 9 12 1 1 10 7 12 1 1 1 10 12 1 100 1 10 12 1 1 10 12 1 1 9 100 12 1 1 1 10 100 12 1 1 10 12 1 1 100 1 100 1 10 10 100 12 1 1 1 10 12 1 1 8 1 10 12 1 10 12 1 1 10 12 1 10 12 1 1 10 12 1 1 10 10 100 12 1 1 10 12 1 1 9 12 1 9 100 12 1 1 1 8 1 10 7 12 1 1 1 10 12 1 1 100 1 10 12 1 1 9 12 1 8 1 100 1 10 12 1 10 12 1 100 1 8 1 10 10 12 1 10 12 1 1 100 1 10 12 1 1 10 12 1 10 12 1 10 12 1 1 10 12 1 1 9 12 1 1 8 10 12 1 1 9 12 1 1 100 1 10 10 12 1 10 100 12 1 1 1 10 12 1 1 10 12 1 1 10 12 1 10 7 12 1 1 1 100 1 8 1 10 10 12 10 12 1 1 100 1 100 1 100 1 8 1 10 12 1 10 7 12 1 1 1 1 1 1 1 1 1 1 1 1 1 1 1 1 1 1 1 1 1 1 1 1 1 1 1 1 1 1 1 1 1 1 1 1 1 1 1 1 1 1 1 1 1 1 1 1 1 1 1 1 1 1 1 1 100 1 100 1 1 1
staticfield java/lang/invoke/CallSite $assertionsDisabled Z 1
ciInstanceKlass java/lang/invoke/ConstantCallSite 1 1 65 10 7 12 1 1 1 9 7 12 1 1 1 9 12 1 1 10 7 12 1 1 1 10 12 1 100 1 10 12 9 12 1 1 100 1 10 10 12 1 1 10 12 1 1 1 1 1 1 1 1 1 1 1 1 1 100 1 1 1 1 1 1 1 1
staticfield java/lang/invoke/ConstantCallSite UNSAFE Ljdk/internal/misc/Unsafe; jdk/internal/misc/Unsafe
instanceKlass java/lang/invoke/DirectMethodHandle$StaticAccessor
instanceKlass java/lang/invoke/DirectMethodHandle$Interface
instanceKlass java/lang/invoke/DirectMethodHandle$Special
instanceKlass java/lang/invoke/DirectMethodHandle$Accessor
instanceKlass java/lang/invoke/DirectMethodHandle$Constructor
ciInstanceKlass java/lang/invoke/DirectMethodHandle 1 1 929 7 1 100 1 7 1 7 1 10 7 12 1 1 1 10 7 12 1 1 1 100 1 10 12 1 10 12 1 1 10 7 12 1 1 10 12 1 1 10 12 1 10 12 1 7 1 10 12 1 1 10 12 1 1 10 12 1 10 12 1 1 10 7 12 1 1 1 10 12 1 9 7 12 1 1 1 100 1 10 9 12 1 1 9 12 1 10 12 1 10 12 1 10 12 1 1 10 12 1 10 12 1 10 12 1 10 7 12 1 1 1 10 12 1 10 12 1 1 8 1 10 12 1 1 7 1 10 12 1 7 1 10 10 12 1 10 12 1 10 12 1 10 7 12 1 1 1 10 12 1 1 7 1 10 12 1 10 12 1 7 1 10 12 1 10 12 1 1 10 12 1 1 10 12 8 10 7 12 1 1 1 10 12 1 10 12 1 10 12 1 1 10 12 1 9 7 12 1 1 1 7 1 10 12 1 10 7 12 1 1 1 10 12 1 10 12 1 1 9 12 1 1 7 1 10 8 1 10 12 1 1 10 12 1 1 8 1 10 12 1 10 12 1 10 10 12 1 10 12 1 10 12 1 10 12 1 10 12 1 1 10 12 1 10 12 1 10 12 1 1 10 10 7 12 1 1 1 10 12 1 10 12 1 1 10 12 1 10 12 1 1 8 1 9 7 12 1 1 1 8 1 9 12 1 9 12 1 8 1 9 12 1 9 12 1 8 1 9 12 1 9 12 1 8 1 10 12 1 10 12 1 1 10 7 12 1 1 1 10 12 1 10 12 1 1 9 12 1 1 7 1 10 12 1 1 100 1 10 7 12 1 1 1 10 12 1 1 10 12 1 1 7 1 10 12 1 1 10 12 1 10 12 1 1 7 1 10 12 1 1 10 12 1 10 12 1 10 12 1 1 10 12 1 9 12 1 1 10 7 1 9 12 1 10 12 1 7 1 7 1 7 1 10 7 12 1 1 1 9 12 1 1 10 7 12 1 1 1 10 7 12 1 1 10 12 10 12 1 7 1 10 12 1 10 12 1 1 8 1 9 12 1 9 12 1 10 12 1 1 9 12 1 1 10 7 12 1 1 1 9 12 1 1 9 12 1 1 10 12 1 10 12 1 10 12 1 10 12 1 1 10 12 1 9 12 1 9 12 1 10 12 1 10 12 1 10 12 1 10 12 1 1 10 12 1 1 9 12 1 1 10 12 1 1 9 7 12 1 1 1 9 12 1 9 12 1 9 12 1 9 12 1 9 12 1 9 12 1 9 12 1 9 12 1 9 12 1 9 12 1 9 12 1 9 12 1 9 12 1 9 12 1 9 12 1 9 12 1 9 12 1 9 12 1 9 12 1 9 12 1 9 12 1 9 12 1 9 12 1 9 12 1 100 1 10 12 1 8 1 8 1 8 1 8 1 8 1 8 1 8 1 8 1 8 1 10 12 1 10 12 1 8 1 8 1 8 1 9 12 1 1 9 12 1 1 10 12 1 10 12 1 1 10 12 1 1 9 7 1 10 12 1 10 12 10 12 1 10 12 1 10 12 1 10 8 1 8 1 8 1 8 1 10 12 1 1 9 12 1 1 10 12 1 10 100 12 1 1 1 8 9 12 1 1 10 12 1 1 8 1 8 8 9 12 1 8 1 8 8 8 8 8 1 8 10 12 1 7 1 10 12 1 8 1 8 1 10 12 1 10 12 1 10 12 1 9 12 1 10 12 1 1 7 1 1 1 1 3 1 3 1 3 1 3 1 3 1 3 1 3 1 3 1 1 1 1 1 1 1 1 1 1 3 1 3 1 3 1 1 3 1 3 1 1 1 1 1 1 1 1 1 1 1 1 1 1 1 1 1 1 1 1 1 1 1 1 1 1 1 1 1 1 1 1 1 1 1 1 1 1 1 1 1 1 1 1 1 1 1 1 1 1 1 1 1 1 1 1 1 1 1 1 1 1 100 1 1 1 1 1 1 1 1 1 100 1 1 1 1 1 1 1 1 1 1 1 1 1 1 1 1 1 1 1 1 1 1 1 1 1 1 1 1 1 1 1 1 1 1 1 1 1 1 1 1 1 1 1 1 1 1 1 1 1 1 1 1 1
staticfield java/lang/invoke/DirectMethodHandle IMPL_NAMES Ljava/lang/invoke/MemberName$Factory; java/lang/invoke/MemberName$Factory
staticfield java/lang/invoke/DirectMethodHandle FT_UNCHECKED_REF I 8
staticfield java/lang/invoke/DirectMethodHandle FT_CHECKED_REF I 9
staticfield java/lang/invoke/DirectMethodHandle ACCESSOR_FORMS [Ljava/lang/invoke/LambdaForm; 120 [Ljava/lang/invoke/LambdaForm;
staticfield java/lang/invoke/DirectMethodHandle ALL_WRAPPERS [Lsun/invoke/util/Wrapper; 10 [Lsun/invoke/util/Wrapper;
staticfield java/lang/invoke/DirectMethodHandle NFS [Ljava/lang/invoke/LambdaForm$NamedFunction; 12 [Ljava/lang/invoke/LambdaForm$NamedFunction;
staticfield java/lang/invoke/DirectMethodHandle OBJ_OBJ_TYPE Ljava/lang/invoke/MethodType; java/lang/invoke/MethodType
staticfield java/lang/invoke/DirectMethodHandle LONG_OBJ_TYPE Ljava/lang/invoke/MethodType; java/lang/invoke/MethodType
staticfield java/lang/invoke/DirectMethodHandle $assertionsDisabled Z 1
ciMethod java/lang/invoke/DirectMethodHandle allocateInstance (Ljava/lang/Object;)Ljava/lang/Object; 512 0 33390 0 440
ciMethod java/lang/invoke/DirectMethodHandle constructorMethod (Ljava/lang/Object;)Ljava/lang/Object; 516 0 33390 0 120
ciInstanceKlass java/lang/invoke/MutableCallSite 0 0 61 10 100 12 1 1 1 10 12 1 9 100 12 1 1 1 10 12 1 10 12 1 1 9 100 12 1 1 1 10 100 12 1 1 1 10 100 12 1 1 1 1 1 1 1 1 1 1 1 1 1 1 1 1 1 1 1 1 100 1 1
ciInstanceKlass java/lang/invoke/VolatileCallSite 0 0 37 10 100 12 1 1 1 10 12 1 10 100 12 1 1 1 10 12 1 10 12 1 1 1 1 1 1 1 1 1 1 1 1 1 1 1 1
instanceKlass java/lang/invoke/VarHandleInts$FieldInstanceReadOnly
instanceKlass java/lang/invoke/VarHandleReferences$Array
instanceKlass java/lang/invoke/VarHandleReferences$FieldInstanceReadOnly
instanceKlass java/lang/invoke/VarHandleByteArrayAsDoubles$ByteArrayViewVarHandle
instanceKlass java/lang/invoke/VarHandleByteArrayAsLongs$ByteArrayViewVarHandle
instanceKlass java/lang/invoke/VarHandleByteArrayAsFloats$ByteArrayViewVarHandle
instanceKlass java/lang/invoke/VarHandleByteArrayAsInts$ByteArrayViewVarHandle
instanceKlass java/lang/invoke/VarHandleByteArrayAsChars$ByteArrayViewVarHandle
instanceKlass java/lang/invoke/VarHandleByteArrayAsShorts$ByteArrayViewVarHandle
ciInstanceKlass java/lang/invoke/VarHandle 1 1 474 10 7 12 1 1 1 10 7 12 1 1 9 12 1 1 9 12 1 1 10 12 1 1 8 1 10 12 1 1 10 7 12 1 1 1 10 12 1 1 10 100 12 1 1 1 9 100 12 1 1 1 10 12 1 1 10 100 12 1 1 1 10 12 1 1 9 12 1 10 12 1 9 12 1 1 10 100 12 1 1 10 12 1 9 100 12 1 1 1 9 12 1 1 10 12 1 1 100 1 100 1 10 8 1 10 12 1 1 10 12 1 8 1 10 12 1 10 12 1 9 12 1 1 9 12 1 10 12 1 10 12 1 1 10 12 1 10 10 100 12 1 1 1 10 12 1 1 10 12 1 1 10 100 12 1 1 1 10 100 12 1 1 1 10 100 12 1 1 1 9 12 1 1 9 10 12 1 10 12 1 1 10 12 1 1 10 12 1 10 100 12 1 1 1 9 12 1 1 10 12 1 1 9 12 1 10 12 1 10 12 1 10 100 12 1 1 100 1 10 9 7 12 1 1 1 9 12 1 1 10 7 12 1 1 1 10 12 1 10 12 1 10 12 1 10 12 1 10 12 1 10 12 1 1 8 10 12 1 1 7 1 10 12 1 1 100 1 1 1 1 1 1 1 1 1 1 1 1 1 1 1 1 1 1 1 1 1 1 1 1 1 1 1 1 1 1 1 1 1 1 1 1 1 1 1 1 1 1 1 1 1 1 1 1 1 1 1 1 1 1 1 1 1 1 1 1 1 1 1 1 1 100 1 1 1 1 1 1 1 1 100 1 1 1 1 1 1 1 1 1 1 1 1 100 1 100 1 1 100 1 100 1 100 1 100 1 100 1 100 1 100 1 100 1 100 1 100 1 100 1 100 1 100 1 100 1 100 1 100 1 100 1 100 1 100 1 100 1 100 1 100 1 100 1 100 1 100 1 100 1 100 1 100 1 100 1 100 1 100 1 100 1 100 1 100 1 100 1 100 1 1 1 1 1 1 100 1 1 1 100 1 1 100 1 100 1 100 1 100 1 100 1 100 1 1 1 1 100 1 100 1 100 1 100 1 100 1 100 1 100 1 100 1
staticfield java/lang/invoke/VarHandle VFORM_OFFSET J 16
staticfield java/lang/invoke/VarHandle $assertionsDisabled Z 1
ciInstanceKlass java/lang/invoke/MemberName 1 1 730 7 1 7 1 100 1 9 12 1 1 10 7 12 1 1 1 9 12 1 1 10 12 1 1 10 12 1 1 10 12 1 1 10 12 1 10 12 1 1 10 7 12 1 1 1 10 12 1 9 7 12 1 1 10 12 1 100 1 100 1 10 12 1 8 1 10 12 1 1 10 12 1 10 12 1 1 10 12 1 9 12 1 1 8 1 10 100 12 1 1 1 7 1 10 10 12 1 1 100 1 100 1 10 12 1 9 12 1 1 100 1 8 1 10 12 1 10 12 1 10 12 1 10 12 1 10 12 1 1 10 12 1 10 12 1 10 12 1 1 8 1 8 1 10 12 1 8 1 9 12 1 1 3 10 12 1 10 12 1 10 12 1 10 10 7 12 1 1 1 10 12 1 10 12 1 10 12 1 10 12 1 7 1 8 10 12 1 1 10 12 1 1 8 1 9 100 1 8 9 100 1 10 12 1 1 10 12 1 10 12 1 8 1 10 12 1 1 10 12 1 10 12 1 10 12 1 10 12 1 1 100 1 10 12 1 1 10 12 1 8 1 10 12 1 10 12 1 8 1 10 12 1 1 10 12 1 1 100 1 10 12 1 1 10 12 8 1 8 1 100 1 10 12 1 10 100 12 1 1 1 100 1 10 12 10 12 1 10 12 1 10 12 1 10 12 1 10 10 12 1 10 12 1 10 12 1 3 10 12 1 3 10 12 1 3 3 3 3 3 3 10 12 1 3 9 12 1 10 12 1 1 3 10 12 1 10 10 7 12 1 1 1 10 12 1 1 10 100 12 1 1 10 10 12 1 10 12 1 1 10 12 1 10 10 12 1 1 10 12 1 10 12 1 10 12 1 100 1 10 10 10 12 100 1 10 10 10 12 1 1 10 12 1 1 10 10 12 1 8 10 7 1 10 12 1 10 7 1 10 12 1 10 12 1 10 12 1 10 10 12 1 10 12 1 1 10 12 1 1 10 12 1 10 12 1 10 12 1 100 1 10 12 1 1 100 1 8 1 10 7 1 10 12 1 10 12 10 12 1 1 10 12 1 10 12 1 8 1 8 1 8 1 8 1 10 12 1 10 12 1 10 7 12 1 1 1 8 1 8 1 10 12 1 8 1 10 10 10 12 1 10 12 1 8 1 8 1 10 10 12 1 8 1 10 100 12 1 1 1 8 1 100 1 10 12 1 10 12 1 1 10 12 1 8 1 8 1 8 1 8 1 100 1 10 8 1 8 1 8 1 8 1 10 12 1 100 1 100 1 100 1 10 100 1 10 100 1 10 100 12 1 1 1 9 7 12 1 1 1 100 1 100 1 1 1 1 1 1 1 3 1 3 1 3 1 3 1 3 1 3 1 1 1 1 1 1 1 1 3 1 3 1 1 1 1 1 1 1 1 1 1 1 1 1 1 1 1 1 1 1 1 1 1 1 1 100 1 1 1 1 1 1 1 1 1 1 1 1 1 1 1 1 1 1 1 1 1 1 1 1 1 1 1 1 1 1 1 1 1 1 1 1 1 1 1 1 1 1 1 1 1 1 1 1 1 1 1 1 1 1 1 1 1 1 1 1 1 1 1 1 1 1 1 1 1 1 1 1 1 1 1 1 100 1 1 1 1 1 1 1 1 1 1 1 1 1 1 1 1
staticfield java/lang/invoke/MemberName $assertionsDisabled Z 1
ciInstanceKlass java/lang/invoke/ResolvedMethodName 1 1 25 10 100 12 1 1 1 9 7 12 1 1 1 1 1 1 1 1 1 1 1 1 1 1 1
ciInstanceKlass java/lang/invoke/MethodHandleNatives 1 1 689 100 1 10 7 12 1 1 1 9 7 12 1 1 1 10 12 1 1 100 1 10 10 12 1 1 10 12 1 10 12 1 8 1 8 1 8 1 8 1 8 1 8 1 8 1 8 1 8 1 8 1 10 12 1 1 7 1 10 7 12 1 1 1 10 100 12 1 1 1 7 1 10 10 12 1 1 8 1 10 12 1 8 1 10 12 1 1 8 1 10 12 1 1 9 100 12 1 1 1 8 1 10 100 12 1 1 1 100 1 10 12 100 1 100 1 8 1 7 1 10 10 12 1 7 1 9 7 12 1 1 10 12 1 1 10 12 1 10 7 12 1 1 1 10 12 1 1 9 12 1 8 1 10 12 1 1 10 12 1 8 1 10 12 1 1 7 1 10 12 1 10 7 12 1 1 1 10 12 1 10 12 1 1 10 12 1 1 8 1 10 12 1 1 8 1 10 12 1 8 1 8 1 8 1 100 1 10 12 1 8 1 10 100 12 1 1 1 10 12 1 1 10 100 12 1 1 10 10 12 1 1 10 12 1 10 100 12 1 1 1 100 1 8 1 10 100 12 1 1 1 7 1 8 1 10 12 1 8 1 8 1 8 1 8 1 8 1 10 12 1 1 10 12 1 1 10 12 1 10 12 1 1 10 12 1 1 7 1 10 12 1 100 1 100 1 10 12 1 10 12 1 8 1 8 1 10 10 12 1 1 10 12 1 1 8 1 10 100 12 1 1 8 1 8 1 10 12 1 1 10 7 12 1 1 1 100 1 10 12 1 1 7 1 9 12 1 1 10 7 12 1 1 1 10 10 12 1 9 12 1 10 12 1 9 12 1 9 12 1 10 12 1 1 10 12 1 10 12 1 1 7 1 7 1 10 12 1 1 10 12 1 10 12 1 1 10 7 12 1 1 1 10 12 1 8 1 10 12 1 10 12 1 10 12 1 1 10 12 1 10 7 12 1 1 1 10 12 1 1 100 1 8 1 10 9 7 12 1 1 1 10 12 1 1 10 12 1 1 100 1 10 12 1 1 10 12 1 1 100 1 100 1 10 10 100 1 100 1 10 100 1 10 10 12 1 1 10 100 1 10 12 1 10 12 1 1 10 12 1 1 10 12 1 1 10 12 1 10 12 1 1 10 8 1 10 12 1 10 12 1 10 12 1 10 12 1 10 12 1 1 10 12 1 10 12 1 10 12 1 10 10 7 12 1 1 10 12 1 1 1 1 1 1 1 1 1 1 1 1 1 100 1 1 1 1 1 1 1 1 1 1 1 1 1 1 1 1 1 1 1 1 1 1 1 1 1 1 1 1 1 1 1 1 1 1 1 1 1 1 1 1 1 1 1 1 1 1 1 1 1 1 1 1 1 1 1 1 1 1 1 1 1 1 1 100 1 1 1 1 1 1 1 1 1 1 1 1 1 1 1 1 1 1 1 1 1 1 1 1 1 1 1 1 1 1 1 1 1 1 1 100 1 1 1 1 1 1 1 1 1 1 1 1 1 1 1 1 1 1 1 1 1 1 1 1 1 1 1 1 1 1 1 1 1 1 100 1 1
staticfield java/lang/invoke/MethodHandleNatives $assertionsDisabled Z 1
ciInstanceKlass jdk/internal/foreign/abi/NativeEntryPoint 0 0 223 10 100 12 1 1 1 9 100 12 1 1 1 9 12 1 1 100 1 8 1 10 12 1 10 12 1 1 100 1 10 100 12 1 1 1 10 12 1 9 12 1 1 18 12 1 1 10 100 12 1 1 1 9 100 12 1 1 1 8 1 10 12 1 1 8 1 8 1 8 1 8 1 10 100 12 1 1 1 100 1 10 10 12 1 1 8 1 10 12 1 8 1 10 12 1 10 12 1 1 10 12 1 1 100 1 8 1 10 12 1 10 12 1 1 100 1 8 1 10 10 12 1 9 12 1 1 18 12 1 1 10 100 12 1 1 1 10 12 1 1 10 12 1 10 100 12 1 1 1 10 1 1 1 1 1 1 1 1 1 1 1 1 1 1 1 1 1 1 1 1 1 1 1 1 1 1 1 1 1 1 1 1 1 1 1 1 1 1 1 1 1 1 1 1 16 1 15 10 12 16 1 16 15 10 12 15 10 100 12 1 1 1 1 1 100 1 1 100 1 100 1 1
ciInstanceKlass jdk/internal/foreign/abi/ABIDescriptor 0 0 55 10 100 12 1 1 1 9 100 12 1 1 1 9 12 1 1 9 12 1 9 12 1 9 12 1 1 9 12 1 9 12 1 1 9 12 1 9 12 1 9 12 1 9 12 1 1 1 1 1 1 1 1 1 1
ciInstanceKlass jdk/internal/foreign/abi/VMStorage 0 0 111 10 100 12 1 1 1 9 100 12 1 1 1 9 12 1 1 9 12 1 1 9 12 1 1 100 1 10 8 1 10 12 1 1 10 12 1 10 12 1 1 10 12 1 100 1 10 100 12 1 1 1 10 100 12 1 1 10 100 12 1 1 10 100 12 1 1 1 18 12 1 1 1 1 1 1 1 1 1 1 1 1 1 1 1 1 1 1 1 1 1 1 8 1 15 15 15 15 15 10 100 12 1 1 1 1 100 1 100 1 1
ciInstanceKlass jdk/internal/foreign/abi/UpcallLinker$CallRegs 0 0 66 10 100 12 1 1 1 9 100 12 1 1 1 9 12 1 18 12 1 1 18 12 1 1 18 12 1 1 1 1 1 1 1 1 1 1 1 1 1 1 1 1 1 1 100 1 1 1 8 1 15 15 15 10 100 12 1 1 1 1 1 100 1 100 1 1
instanceKlass java/lang/StackFrameInfo
ciInstanceKlass java/lang/ClassFrameInfo 1 1 126 10 7 12 1 1 1 9 7 12 1 1 1 7 1 3 9 12 1 1 9 12 1 1 100 1 9 12 1 1 3 11 100 12 1 1 1 11 12 1 10 12 1 1 10 12 1 1 10 12 1 100 1 10 10 12 1 1 8 1 8 1 10 12 100 1 10 10 12 1 1 8 1 10 12 1 8 1 10 12 8 1 10 12 1 10 7 12 1 1 1 100 1 1 1 1 1 1 1 1 1 1 1 1 1 1 1 1 1 1 1 1 1 1 1 1 1 1 1 100 1 1 1 1 1 1
staticfield java/lang/ClassFrameInfo JLIA Ljdk/internal/access/JavaLangInvokeAccess; java/lang/invoke/MethodHandleImpl$1
ciInstanceKlass java/lang/StackWalker$StackFrame 1 1 41 100 1 10 12 1 1 100 1 100 1 1 1 1 1 1 1 1 1 1 1 1 1 1 1 1 1 1 1 1 1 1 1 1 1 1 1 100 1 1 1
ciInstanceKlass java/lang/StackWalker 1 1 236 9 7 12 1 1 1 10 7 12 1 1 1 7 1 10 7 12 1 1 1 10 12 1 1 11 7 12 1 1 1 10 12 1 1 10 12 1 1 100 1 8 1 10 12 1 10 12 1 10 12 1 10 7 12 1 1 9 12 1 1 9 12 1 1 9 12 1 1 9 12 1 1 10 12 1 1 9 12 1 1 9 12 1 1 9 12 1 1 9 12 1 1 10 12 1 1 10 7 12 1 1 1 10 7 12 1 1 1 18 12 1 1 100 1 8 1 10 8 1 10 12 1 1 10 100 12 1 1 1 10 12 1 1 10 12 1 11 12 1 1 9 7 12 1 1 11 100 12 1 1 1 10 12 1 1 1 1 1 1 1 1 1 1 1 1 1 1 1 1 1 1 1 1 1 1 1 1 1 1 1 1 1 1 1 1 1 1 1 1 1 1 1 1 1 1 1 1 1 1 1 1 1 1 1 1 1 1 1 100 1 1 16 15 10 12 16 1 15 10 100 12 1 1 1 1 1 1 1 1 1 100 1 100 1 1
staticfield java/lang/StackWalker DEFAULT_EMPTY_OPTION Ljava/util/EnumSet; java/util/RegularEnumSet
staticfield java/lang/StackWalker DEFAULT_WALKER Ljava/lang/StackWalker; java/lang/StackWalker
instanceKlass java/lang/LiveStackFrameInfo
ciInstanceKlass java/lang/StackFrameInfo 1 1 150 10 7 12 1 1 1 9 7 12 1 1 1 9 12 1 1 11 7 12 1 1 1 10 12 1 1 10 7 12 1 1 1 9 12 1 1 10 12 1 1 9 12 1 1 100 1 10 12 10 12 1 9 12 1 100 1 100 1 10 12 1 1 11 12 1 1 10 12 1 10 12 1 10 12 1 1 9 12 1 1 10 12 1 1 10 100 12 1 1 10 12 1 1 9 12 1 10 100 12 1 1 1 9 12 1 1 10 100 1 10 12 1 9 12 1 1 10 12 1 1 10 12 1 1 1 1 1 1 1 1 1 1 1 1 1 1 1 1 100 1 100 1 1 1 1 1 1 1 1
staticfield java/lang/StackFrameInfo $assertionsDisabled Z 1
ciInstanceKlass java/lang/LiveStackFrameInfo 0 0 97 10 100 12 1 1 1 9 100 12 1 1 1 9 12 1 9 12 1 9 12 1 9 12 1 1 100 1 10 12 1 1 10 12 1 8 1 10 12 1 1 8 1 8 1 8 1 10 100 1 10 12 1 100 1 10 12 1 100 1 100 1 1 1 3 1 3 1 1 1 1 1 1 1 1 1 1 1 1 1 1 1 1 1 1 1 1 1 1 1 1 1 1 1 100 1 1
ciInstanceKlass java/lang/LiveStackFrame 0 0 112 100 1 10 100 12 1 1 1 11 100 12 1 1 1 11 12 1 9 100 12 1 1 1 10 100 12 1 1 1 10 100 12 1 1 1 11 12 1 10 12 1 100 1 100 1 1 1 1 1 1 1 1 1 1 1 1 1 1 1 1 1 1 1 1 1 1 1 1 1 100 1 1 1 1 1 1 1 100 1 8 1 1 12 10 1 1 1 8 1 1 1 8 1 1 1 8 1 1 1 8 1 1 8 1 1 1 8 1 1 8 1
instanceKlass java/lang/StackStreamFactory$StackFrameTraverser
ciInstanceKlass java/lang/StackStreamFactory$AbstractStackWalker 1 1 364 7 1 100 1 3 10 7 12 1 1 1 10 7 12 1 1 10 7 12 1 1 1 9 12 1 1 9 12 1 1 9 12 1 1 9 12 1 9 12 1 10 7 12 1 1 1 10 12 1 1 10 100 12 1 1 9 12 1 1 9 12 1 1 10 12 1 1 9 12 1 1 10 7 12 1 1 1 10 12 1 1 9 12 1 1 9 100 12 1 1 1 100 1 10 8 1 10 12 1 1 10 12 1 8 1 10 12 1 1 10 100 12 1 1 1 100 1 8 1 10 12 1 8 1 10 12 10 7 12 1 1 9 12 1 1 8 1 5 0 8 1 8 1 9 12 1 1 10 12 1 1 18 12 1 1 10 100 12 1 1 1 10 12 1 1 10 12 1 10 12 1 9 7 12 1 1 1 10 12 1 1 9 12 1 10 12 1 10 12 1 10 12 1 10 12 1 10 12 1 10 12 1 1 8 1 10 12 1 10 12 1 10 12 1 10 12 1 1 8 1 10 12 1 1 10 12 1 1 10 12 1 1 10 12 1 10 12 1 10 12 1 9 12 1 8 1 10 12 1 8 1 10 12 1 10 12 1 1 10 12 1 10 12 1 10 12 1 1 10 12 1 10 12 1 10 12 1 10 12 1 10 12 1 10 12 1 1 10 12 1 10 12 1 10 12 1 10 12 1 8 1 1 1 1 1 1 1 1 1 1 1 1 1 100 1 1 1 1 1 1 100 1 1 1 1 100 1 1 1 1 1 1 1 1 1 1 1 1 1 1 1 1 1 1 16 15 15 10 100 12 1 1 1 1 1 1 1 1 100 1 100 1 1
ciInstanceKlass jdk/internal/module/Modules 1 1 481 10 100 12 1 1 1 9 7 12 1 1 1 11 7 12 1 1 1 11 12 1 1 11 12 1 1 11 12 1 1 11 12 1 11 12 1 11 12 1 11 12 1 11 12 1 11 12 1 1 10 100 12 1 1 1 10 12 1 1 10 100 12 1 1 10 100 12 1 1 1 10 100 12 1 1 10 12 1 1 11 12 1 9 12 1 1 11 100 12 1 1 1 10 12 1 1 10 10 12 1 10 100 1 9 12 1 1 10 100 12 1 1 10 12 1 1 10 100 12 1 1 1 100 1 11 100 12 1 1 1 10 100 12 1 1 1 11 100 12 1 1 10 12 1 1 10 100 12 1 1 10 100 12 1 1 1 10 12 1 1 10 12 1 1 11 12 1 1 18 12 1 1 11 100 12 1 1 10 100 12 1 1 1 11 100 12 1 1 1 100 1 11 12 1 1 11 100 12 1 1 1 11 12 1 1 10 12 1 1 10 100 12 1 1 18 12 1 1 11 12 1 1 18 12 1 1 11 12 1 1 10 12 1 18 18 10 12 1 1 9 12 1 1 11 100 12 1 1 1 100 1 10 11 12 1 11 12 1 1 10 100 1 10 12 1 1 10 100 12 1 1 10 12 1 1 11 12 10 12 1 1 100 1 10 18 12 1 10 12 1 1 100 1 8 1 10 12 1 10 100 12 1 1 18 12 1 11 11 12 10 12 1 10 10 100 1 18 12 1 10 10 10 7 12 1 1 10 7 12 1 1 1 10 12 1 1 1 1 1 1 1 1 1 1 1 1 1 1 1 1 1 1 1 1 1 1 1 1 1 1 1 1 1 1 1 1 1 1 1 1 1 1 1 1 1 1 1 1 1 1 1 1 1 1 1 1 1 1 1 1 1 1 1 1 1 1 1 1 100 1 1 1 1 1 1 1 1 1 1 1 1 1 1 1 1 1 1 1 1 1 1 1 16 15 10 12 1 16 1 16 1 15 10 12 1 16 1 16 1 15 10 12 16 1 15 10 16 1 15 10 12 16 1 16 15 10 12 16 15 10 12 16 15 10 12 15 10 100 12 1 1 1 1 1 1 100 1 100 1 1
staticfield jdk/internal/module/Modules JLA Ljdk/internal/access/JavaLangAccess; java/lang/System$1
staticfield jdk/internal/module/Modules JLMA Ljdk/internal/access/JavaLangModuleAccess; java/lang/module/ModuleDescriptor$1
staticfield jdk/internal/module/Modules $assertionsDisabled Z 1
ciInstanceKlass java/lang/invoke/Invokers$Holder 1 1 139 1 100 1 100 1 1 1 7 1 7 1 7 1 1 12 10 1 1 12 10 1 1 12 10 1 1 1 12 10 1 1 12 10 1 12 10 1 1 1 12 10 1 1 100 1 1 12 10 1 12 10 1 1 12 10 1 12 10 1 1 12 10 1 1 12 10 1 1 12 10 1 12 10 1 1 12 10 1 1 12 10 1 1 12 10 1 12 10 1 1 12 10 12 10 1 12 10 1 12 10 1 12 10 1 12 10 12 10 1 1 12 10 1 1 12 10 1 1 12 10 1 1 12 10 1 1 12 10 1 12 10 1 1 1 1 1 1 1
ciMethod java/lang/invoke/Invokers$Holder linkToTargetMethod (Ljava/lang/Object;Ljava/lang/Object;Ljava/lang/Object;)Ljava/lang/Object; 514 0 10535 0 -1
ciMethod java/lang/invoke/Invokers$Holder linkToTargetMethod (Ljava/lang/Object;Ljava/lang/Object;)Ljava/lang/Object; 514 0 15760 0 -1
ciMethod java/lang/invoke/Invokers$Holder linkToTargetMethod (Ljava/lang/Object;)Ljava/lang/Object; 512 0 34903 0 -1
ciInstanceKlass java/lang/invoke/DirectMethodHandle$Holder 1 1 541 1 100 1 100 1 1 1 7 1 1 12 10 1 12 10 1 7 1 7 1 1 12 10 1 1 1 1 12 10 1 1 12 10 1 1 12 10 1 1 12 10 1 1 12 10 1 1 12 10 1 1 12 10 1 1 12 10 1 1 12 10 1 1 12 10 1 1 12 10 1 1 12 10 1 1 12 10 1 1 12 10 1 1 12 10 12 10 1 1 12 10 1 1 12 10 1 1 12 10 1 1 12 10 1 1 12 10 1 1 12 10 1 1 12 10 1 1 12 10 1 1 12 10 1 1 12 10 1 1 12 10 1 1 12 10 1 1 12 10 1 1 12 10 1 1 12 10 1 1 12 10 1 1 12 10 1 1 12 10 1 1 12 10 1 1 12 10 1 1 12 10 1 1 12 10 1 1 12 10 1 1 12 10 1 1 12 10 1 1 12 10 1 1 12 10 1 1 12 10 1 1 12 10 12 10 12 10 12 10 12 10 12 10 12 10 12 10 12 10 1 1 12 10 12 10 12 10 12 10 1 1 12 10 1 1 12 10 1 1 12 10 1 1 12 10 1 1 12 10 1 1 12 10 1 1 12 10 1 1 12 10 1 1 12 10 1 1 12 10 1 1 12 10 1 1 12 10 1 1 12 10 1 1 12 10 1 1 12 10 1 1 12 10 12 10 12 10 12 10 1 12 10 1 1 12 10 1 1 12 10 1 1 1 1 12 10 12 10 1 1 12 10 1 12 10 12 10 1 1 12 10 1 1 12 10 1 12 10 1 1 12 10 12 10 1 1 1 12 10 1 12 10 1 7 1 1 12 9 1 7 1 1 12 10 1 1 12 10 1 1 1 12 10 1 12 10 1 1 12 10 1 12 10 1 1 1 12 10 1 1 1 1 12 10 1 1 12 10 1 1 12 10 1 12 10 1 1 1 1 1 12 10 1 1 12 10 1 1 12 10 1 12 10 1 1 1 1 1 12 10 1 1 12 10 1 1 12 10 1 12 10 1 1 1 1 12 10 1 1 12 10 1 1 12 10 1 12 10 1 1 1 1 1 12 10 1 12 10 1 1 1 12 10 1 12 10 1 1 1 1 12 10 1 12 10 1 1 1 12 10 1 12 10 1 1 1 1 1 12 10 1 12 10 1 1 1 12 10 1 12 10 1 1 1 12 10 1 12 10 1 1 12 10 1 12 10 1 1 12 10 1 1 1 1 1 1 1 1 1 1
ciMethod java/lang/invoke/DirectMethodHandle$Holder newInvokeSpecial (Ljava/lang/Object;Ljava/lang/Object;)Ljava/lang/Object; 520 0 17658 0 -1
ciInstanceKlass java/lang/invoke/LambdaForm$Holder 1 1 64 1 100 1 100 1 1 1 1 1 7 1 1 12 9 1 1 1 1 1 100 1 1 12 9 1 1 1 1 1 100 1 1 12 9 1 1 1 1 1 100 1 1 12 9 1 1 1 1 1 100 1 1 12 9 1 1 1 1 1 1 1 1 1
ciMethod java/lang/invoke/LambdaForm$Holder constant_L (Ljava/lang/Object;)Ljava/lang/Object; 512 0 34912 0 -1
ciInstanceKlass jdk/internal/loader/ClassLoaders 1 1 185 10 100 12 1 1 1 10 7 12 1 1 1 10 12 1 1 10 100 12 1 1 1 9 7 12 1 1 1 9 12 1 1 9 12 1 1 7 1 11 100 12 1 1 1 100 1 11 12 1 1 11 12 1 1 10 100 12 1 1 1 10 100 12 1 1 1 100 1 100 1 10 7 12 1 1 1 9 12 1 1 8 1 10 7 12 1 1 1 10 12 1 1 7 1 10 12 1 10 12 1 1 7 1 10 12 1 1 10 12 1 1 10 12 1 7 1 10 12 10 12 1 8 1 10 7 12 1 1 8 1 8 1 10 12 1 7 1 10 10 12 1 10 12 1 1 1 1 1 1 1 1 1 1 1 1 1 1 1 1 1 1 1 1 100 1 1 1 1 1 1 1 1 1 1 1 1 1 1 1 1 1 1 1 1
staticfield jdk/internal/loader/ClassLoaders JLA Ljdk/internal/access/JavaLangAccess; java/lang/System$1
staticfield jdk/internal/loader/ClassLoaders BOOT_LOADER Ljdk/internal/loader/ClassLoaders$BootClassLoader; jdk/internal/loader/ClassLoaders$BootClassLoader
staticfield jdk/internal/loader/ClassLoaders PLATFORM_LOADER Ljdk/internal/loader/ClassLoaders$PlatformClassLoader; jdk/internal/loader/ClassLoaders$PlatformClassLoader
staticfield jdk/internal/loader/ClassLoaders APP_LOADER Ljdk/internal/loader/ClassLoaders$AppClassLoader; jdk/internal/loader/ClassLoaders$AppClassLoader
instanceKlass org/apache/maven/artifact/versioning/ComparableVersion$ListItem
instanceKlass org/eclipse/sisu/bean/BeanScheduler$Pending
ciInstanceKlass java/util/ArrayList 1 1 514 10 7 12 1 1 1 7 1 9 7 12 1 1 1 9 12 1 100 1 100 1 10 8 1 10 12 1 1 10 12 1 10 12 1 1 10 12 1 9 12 1 11 7 12 1 1 1 9 12 1 1 11 12 1 1 7 10 7 12 1 1 1 9 12 1 10 12 1 10 12 1 1 10 7 12 1 1 1 10 7 12 1 1 1 10 12 1 1 10 12 1 1 10 12 1 1 10 12 1 10 12 1 1 100 1 100 1 10 12 1 10 10 7 12 1 1 1 10 7 12 1 1 10 12 1 100 1 10 10 12 10 12 1 1 10 12 1 1 10 12 1 10 12 10 12 1 1 7 1 10 12 1 1 10 12 1 1 10 12 1 100 1 10 11 12 1 1 11 100 12 1 1 1 11 12 1 10 12 1 10 12 1 10 12 1 1 100 1 10 12 1 1 10 10 12 1 1 10 12 1 8 1 8 1 8 1 8 1 10 12 1 1 10 12 1 1 11 12 1 100 1 10 100 12 1 1 10 12 1 10 12 1 1 10 100 12 1 1 10 12 1 10 100 12 1 1 1 11 100 12 1 1 1 10 12 1 100 1 8 1 10 7 1 10 12 1 7 1 10 12 1 10 12 1 1 7 1 10 12 1 10 12 1 1 11 7 12 1 1 7 1 10 12 1 10 12 1 1 11 7 12 1 1 10 12 1 1 10 12 1 1 10 12 1 1 10 12 1 1 11 100 12 1 1 10 12 1 1 10 12 1 1 100 1 100 1 100 1 1 1 1 5 0 1 3 1 1 1 1 1 1 1 1 1 1 1 1 1 1 1 1 1 1 1 1 1 1 1 1 1 1 1 1 1 1 1 1 1 1 1 1 1 1 1 1 1 1 1 1 1 1 1 1 1 1 1 1 1 1 1 1 1 1 1 1 1 1 1 1 1 1 1 1 1 1 1 1 1 1 1 1 1 1 1 1 1 1 1 1 1 1 1 1 1 1 1 1 1 1 1 1 1 1 1 1 1 1 1 1 100 1 1 1 1 100 1 1 1 1 1 1 1 1 1 1 1 1 1 1 1 1 1 1 1 1 1 1 1 1 1 1 1 1 1 100 1 1 1 1 1 1 1 1 1 1 1 1 1 1 1 1 1 1 1 100 1 100 1 1 1 1 1 1
staticfield java/util/ArrayList EMPTY_ELEMENTDATA [Ljava/lang/Object; 0 [Ljava/lang/Object;
staticfield java/util/ArrayList DEFAULTCAPACITY_EMPTY_ELEMENTDATA [Ljava/lang/Object; 0 [Ljava/lang/Object;
ciInstanceKlass java/util/List 1 1 251 10 100 12 1 1 1 11 100 12 1 1 1 11 100 12 1 1 1 11 12 1 1 11 100 12 1 1 11 12 1 1 11 12 1 1 10 100 12 1 1 1 7 1 100 1 10 12 1 1 100 1 10 7 12 1 1 1 11 12 1 1 11 12 1 11 12 1 100 1 10 12 1 11 12 1 1 11 12 1 1 11 12 1 10 100 12 1 1 1 9 7 12 1 1 1 7 1 10 12 10 12 1 7 1 10 12 1 1 10 12 1 10 12 1 1 11 12 1 1 100 1 1 1 1 1 1 1 1 1 1 1 1 1 1 1 1 1 1 1 1 1 1 1 1 1 1 1 1 1 1 1 1 1 1 1 1 1 1 1 1 1 1 1 1 100 1 100 1 1 1 1 1 1 1 1 1 1 1 1 1 1 1 1 1 1 1 1 1 1 1 1 1 1 1 1 1 1 1 1 1 1 1 1 1 1 1 1 1 1 1 1 1 1 1 1 1 1 1 1 1 1 1 1 1 1 1 1 1 1 1 1 1 1 1 1 1 1 1 1 1 1 1 1 100 1 1 100 1 1 1
ciInstanceKlass java/util/SequencedCollection 1 1 104 100 1 10 12 1 1 11 100 12 1 1 1 11 100 12 1 1 1 11 12 1 1 11 12 1 100 1 100 1 1 1 1 1 1 1 1 1 1 1 1 1 1 1 1 1 1 1 1 1 1 1 1 1 1 1 1 1 100 1 8 1 12 10 1 1 8 1 1 1 8 1 1 8 1 1 1 8 1 1 8 1 1 1 8 1 1 8 1 8 1 1 8 1 1 1 8 1 1 8 1 1 8 1
ciInstanceKlass java/lang/Iterable 1 1 62 10 7 12 1 1 1 11 7 12 1 1 1 11 7 12 1 1 1 11 12 1 1 11 7 12 1 1 1 10 7 12 1 1 1 100 1 1 1 1 1 1 1 1 1 1 1 1 1 1 1 1 1 1 1 1 1 1 1 1 1 1
ciMethod java/util/List spliterator ()Ljava/util/Spliterator; 610 0 695 0 0
ciMethod java/util/Collection stream ()Ljava/util/stream/Stream; 512 0 3544 0 0
ciInstanceKlass java/util/RandomAccess 1 0 7 100 1 100 1 1 1
instanceKlass com/sun/tools/javac/util/List
instanceKlass java/util/concurrent/ConcurrentLinkedDeque
instanceKlass java/util/AbstractMap$2
instanceKlass org/eclipse/sisu/inject/MildElements
instanceKlass org/eclipse/sisu/inject/MildValues$1
instanceKlass com/google/common/collect/AbstractMapBasedMultimap$WrappedCollection
instanceKlass com/google/common/collect/Maps$Values
instanceKlass com/google/common/collect/AbstractMultimap$Values
instanceKlass java/util/TreeMap$Values
instanceKlass com/google/common/collect/ImmutableCollection
instanceKlass java/util/IdentityHashMap$Values
instanceKlass java/util/HashMap$Values
instanceKlass java/util/AbstractQueue
instanceKlass java/util/LinkedHashMap$LinkedValues
instanceKlass java/util/ArrayDeque
instanceKlass java/util/AbstractSet
instanceKlass java/util/ImmutableCollections$AbstractImmutableCollection
instanceKlass java/util/AbstractList
ciInstanceKlass java/util/AbstractCollection 1 1 160 10 7 12 1 1 1 10 7 12 1 1 1 10 12 1 1 11 7 12 1 1 1 11 12 1 1 10 12 1 1 10 100 12 1 1 1 10 12 1 1 10 12 1 1 10 7 12 1 1 10 7 12 1 1 1 7 1 10 100 12 1 1 1 10 100 12 1 1 1 100 1 10 11 12 1 11 7 1 10 12 1 10 12 1 10 100 12 1 1 1 11 8 1 100 1 10 10 12 1 1 8 1 10 12 1 10 12 1 1 1 1 1 1 1 1 1 1 1 1 1 1 1 1 1 1 1 1 1 1 1 1 1 1 1 1 1 1 1 1 1 1 1 1 1 1 1 1 1 1 1 1 1 1 1 1 1 1 1 1
ciMethod java/util/Collection spliterator ()Ljava/util/Spliterator; 0 0 1 0 -1
ciMethod java/util/AbstractCollection <init> ()V 512 0 146702 0 80
instanceKlass org/apache/maven/project/MavenProject$LoggingList
instanceKlass org/eclipse/aether/util/graph/visitor/Stack
instanceKlass org/apache/maven/model/merge/ModelMerger$MergingList
instanceKlass sun/security/jca/ProviderList$2
instanceKlass com/google/common/collect/Lists$TransformingRandomAccessList
instanceKlass java/util/Collections$SingletonList
instanceKlass java/util/ArrayList$SubList
instanceKlass java/util/Vector
instanceKlass java/util/Arrays$ArrayList
instanceKlass java/util/AbstractSequentialList
instanceKlass java/util/Collections$EmptyList
instanceKlass java/util/ArrayList
ciInstanceKlass java/util/AbstractList 1 1 218 10 7 12 1 1 1 9 7 12 1 1 1 10 12 1 1 10 12 1 1 100 1 10 10 12 1 1 11 100 12 1 1 1 11 12 1 1 11 12 1 10 7 12 1 1 1 10 12 1 11 12 1 11 12 1 11 12 1 10 12 1 1 10 12 1 1 11 100 12 1 1 1 11 7 1 11 7 1 10 12 1 7 1 10 12 1 10 12 1 1 100 1 100 1 10 12 1 100 1 10 100 1 100 1 10 8 1 10 12 1 1 10 12 1 10 12 1 1 10 12 1 8 1 100 1 8 1 8 1 8 1 10 100 1 11 10 10 12 1 11 12 1 10 12 1 1 8 1 8 1 1 1 1 1 1 1 1 1 1 1 1 1 1 1 1 1 1 1 1 1 1 1 1 1 1 1 1 1 1 1 1 1 1 1 1 1 1 1 1 1 1 1 1 1 1 1 1 1 1 1 1 1 1 1 1 1 1 100 1 100 1 1 1 1 1 1 1
ciMethod java/util/AbstractList <init> ()V 512 0 87666 0 80
ciMethod java/util/ArrayList <init> ()V 348 0 72579 0 101
ciInstanceKlass java/util/Comparator 1 1 288 10 7 12 1 1 1 10 7 12 1 1 1 18 12 1 1 7 1 7 1 11 12 1 1 11 12 1 11 12 1 11 12 1 1 11 12 1 1 11 12 1 1 10 12 1 9 7 12 1 1 1 100 1 10 12 1 1 18 12 1 18 12 18 12 18 12 18 12 10 100 12 1 1 1 10 100 12 1 1 1 8 1 10 12 1 1 8 1 8 1 8 1 8 1 8 1 10 12 1 10 12 1 8 10 100 1 10 12 1 8 10 12 1 8 1 10 12 1 10 12 1 8 1 10 12 1 1 100 1 8 1 7 1 8 1 8 1 100 1 8 1 8 1 100 1 100 1 8 1 10 12 1 11 12 1 1 10 100 12 1 1 11 12 1 1 10 100 12 1 1 11 12 1 1 10 100 12 1 1 11 12 1 7 1 11 12 1 11 12 1 1 1 1 1 1 1 1 1 1 1 1 1 1 1 1 1 1 1 1 1 1 1 1 1 1 1 1 1 1 1 1 1 1 1 1 1 1 1 1 1 1 1 1 1 1 1 1 1 1 1 1 1 1 1 1 1 1 1 1 16 15 11 12 3 3 15 11 12 15 11 12 15 11 12 15 11 12 15 11 12 15 10 7 12 1 1 1 1 100 1 1 1 100 1 100 1 1
ciInstanceKlass java/util/stream/Stream 1 1 445 10 7 12 1 1 1 18 12 1 1 11 7 12 1 1 1 18 11 12 1 1 18 11 12 1 1 18 11 12 1 1 100 1 11 12 1 1 10 12 1 1 11 12 1 1 10 7 12 1 1 1 18 12 1 1 11 12 1 1 100 1 10 11 12 1 1 100 1 11 12 1 1 10 7 12 1 1 1 10 12 1 10 100 12 1 1 1 7 1 10 12 1 10 7 12 1 1 10 12 1 11 12 1 1 10 12 1 100 1 100 1 5 0 100 1 10 12 1 100 1 10 12 1 100 1 10 12 1 7 1 10 12 1 10 7 12 1 1 1 100 1 10 11 100 12 1 1 1 10 12 1 10 12 1 1 100 1 10 10 12 1 10 12 1 1 100 1 10 10 12 1 10 12 1 1 100 1 10 10 100 1 100 1 1 1 1 1 1 1 1 1 1 1 1 1 1 1 1 1 1 1 1 1 1 1 1 1 1 1 1 1 1 1 1 1 1 1 1 1 1 1 1 1 1 1 1 1 1 1 1 1 1 1 1 1 1 1 1 1 1 1 1 1 1 1 1 1 1 1 1 1 1 1 1 1 1 1 1 1 1 1 1 1 1 1 1 1 1 1 1 1 1 1 1 1 1 1 1 1 1 1 1 1 1 1 1 1 1 1 1 1 1 1 1 1 1 1 1 1 1 1 1 1 1 1 1 1 1 1 1 1 1 1 1 1 1 1 1 1 1 1 1 1 1 1 1 1 1 1 1 1 1 1 1 1 1 1 1 1 1 1 1 1 1 1 1 1 100 1 1 16 15 11 12 16 15 11 12 16 1 15 11 12 16 1 15 11 12 16 1 16 15 11 12 1 15 10 100 12 1 1 1 1 100 1 100 1 1 100 1 1 1 1 1 100 1 100 1 1 100 1 1 1 100 1 1 100 1 1 100 1 1 100 1 100 1 1 1 100 1 8 1 12 10 1 1 1 8 1 8 1 8 1 1 1 8 1 8 1 1 8 1 8 1
ciInstanceKlass java/util/stream/BaseStream 1 0 29 100 1 100 1 100 1 1 1 1 1 1 1 1 1 1 1 1 1 1 1 1 1 1 1 1 1 1 1
ciMethod java/util/stream/Stream of ([Ljava/lang/Object;)Ljava/util/stream/Stream; 84 0 42 0 -1
ciMethod java/util/stream/Stream toArray ()[Ljava/lang/Object; 0 0 1 0 -1
ciMethod java/util/stream/Stream map (Ljava/util/function/Function;)Ljava/util/stream/Stream; 0 0 1 0 -1
ciMethod java/util/stream/Stream anyMatch (Ljava/util/function/Predicate;)Z 0 0 1 0 -1
ciInstanceKlass java/util/Spliterator 1 1 85 11 7 12 1 1 1 11 12 1 1 5 0 11 12 1 1 100 1 10 12 1 1 100 1 1 1 1 3 1 3 1 3 1 3 1 3 1 3 1 3 1 3 1 1 1 1 1 1 1 1 1 1 1 1 1 1 1 1 1 1 1 1 1 1 1 1 1 1 1 1 1 100 1 100 1 100 1 100 1 1 1 1 1 1
ciMethod java/util/Spliterator characteristics ()I 0 0 1 0 -1
ciMethod java/util/Spliterator getComparator ()Ljava/util/Comparator; 0 0 1 0 -1
ciInstanceKlass java/util/stream/StreamSupport 1 1 107 10 100 12 1 1 1 10 7 12 1 1 1 7 1 10 7 12 1 1 1 10 12 1 10 12 1 10 12 1 7 1 10 10 100 1 10 10 100 1 10 10 100 1 1 1 1 1 1 1 1 1 1 1 1 1 1 1 1 1 1 1 1 1 1 1 1 1 1 1 1 1 1 1 1 1 1 1 1 1 1 1 1 1 1 1 1 100 1 1 100 1 100 1 100 1 100 1 100 1 1 100 1 1 100 1 1
ciInstanceKlass java/util/stream/ReferencePipeline$Head 1 1 80 10 7 12 1 1 1 10 12 1 100 1 10 12 1 10 7 12 1 1 1 10 12 1 1 11 7 12 1 1 1 10 12 1 10 12 1 10 12 1 1 1 1 1 1 1 1 1 1 1 1 1 1 1 1 1 1 1 1 1 1 1 1 1 1 1 1 1 1 1 1 1 1 1 1 1 1 1 1 1
instanceKlass java/util/stream/AbstractPipeline
ciInstanceKlass java/util/stream/PipelineHelper 1 1 54 10 7 12 1 1 1 100 1 1 1 1 1 1 1 1 1 1 1 1 1 1 1 1 1 1 1 1 1 1 1 1 1 1 1 1 1 1 1 1 1 1 1 1 1 1 1 1 1 100 1 100 1 1
instanceKlass java/util/stream/IntPipeline
instanceKlass java/util/stream/ReferencePipeline
ciInstanceKlass java/util/stream/AbstractPipeline 1 1 422 10 7 12 1 1 1 9 7 12 1 1 1 9 12 1 1 9 12 1 9 7 12 1 1 1 9 12 1 9 12 1 9 12 1 9 12 1 9 12 1 1 9 12 1 1 9 12 1 100 1 8 1 10 12 1 9 12 1 9 12 1 10 12 1 1 9 12 1 10 12 1 1 11 7 12 1 1 100 1 10 10 12 1 1 11 12 1 1 10 12 1 11 12 1 1 11 12 1 10 12 1 10 12 1 1 10 12 1 1 10 11 100 12 1 1 1 7 1 8 1 9 12 1 1 11 7 12 1 1 10 7 12 1 1 1 10 100 12 1 1 1 10 12 1 1 18 12 1 10 12 1 1 10 12 1 1 9 12 1 1 10 12 1 1 10 12 1 9 12 1 10 12 1 1 11 12 1 9 12 1 9 12 1 10 12 1 9 12 1 11 12 1 1 5 0 9 12 1 10 12 1 1 7 1 10 12 1 1 10 12 1 1 11 12 1 1 11 12 1 1 11 12 1 10 12 1 1 10 12 1 1 9 12 1 10 12 1 1 18 12 1 10 12 1 1 10 12 1 1 10 12 1 1 10 12 1 1 7 1 11 12 1 1 100 1 8 1 10 10 100 12 1 1 1 11 100 12 1 1 1 10 7 12 1 1 100 1 1 1 1 1 1 1 1 1 1 1 1 1 1 1 1 1 1 1 1 1 1 1 1 1 1 1 1 1 1 1 1 1 100 1 1 1 1 1 1 1 1 1 1 1 1 1 1 1 1 1 1 1 1 1 1 1 1 1 1 1 1 1 1 1 1 1 1 1 1 1 1 1 1 1 1 1 1 1 1 1 1 1 1 1 1 1 1 1 1 1 1 1 1 1 1 1 1 1 1 1 1 1 1 1 1 1 1 1 1 1 1 1 16 15 10 12 16 15 10 12 15 10 100 12 1 1 1 1 1 100 1 100 1 1
staticfield java/util/stream/AbstractPipeline $assertionsDisabled Z 1
instanceKlass java/util/stream/ReferencePipeline$StatefulOp
instanceKlass java/util/stream/ReferencePipeline$StatelessOp
instanceKlass java/util/stream/ReferencePipeline$Head
ciInstanceKlass java/util/stream/ReferencePipeline 1 1 658 10 7 12 1 1 1 10 12 1 10 12 1 10 12 1 9 7 12 1 1 1 10 7 12 1 1 1 100 1 10 12 1 100 1 10 12 1 11 7 12 1 1 1 11 7 12 1 1 1 10 12 1 1 10 7 12 1 1 1 10 7 12 1 1 1 10 12 1 100 1 9 7 12 1 1 1 10 12 1 10 7 12 1 1 1 7 1 9 12 1 10 12 1 7 1 9 12 1 9 12 1 10 12 1 100 1 10 12 1 100 1 10 12 1 100 1 10 12 1 7 1 10 100 1 10 100 1 10 100 1 10 100 1 10 12 1 100 1 10 100 1 10 100 1 10 100 1 10 12 1 10 7 12 1 1 1 10 7 12 1 1 10 12 1 100 1 10 100 12 1 1 1 10 12 1 10 7 12 1 1 5 0 10 7 12 1 1 1 10 12 1 10 7 12 1 1 10 12 1 1 10 12 1 1 10 12 1 1 11 7 12 1 1 1 18 12 1 1 10 12 1 10 7 12 1 1 1 10 12 1 11 7 12 1 1 1 9 7 12 1 1 1 10 7 12 1 1 7 1 10 12 1 9 12 1 9 12 1 10 7 12 1 1 7 1 10 7 12 1 1 10 12 1 10 100 12 1 1 1 10 12 1 11 7 12 1 1 1 9 7 12 1 1 1 11 7 12 1 1 1 9 12 1 11 12 1 1 11 100 12 1 1 1 11 12 1 1 18 12 1 1 10 12 1 1 10 12 1 9 12 1 11 12 1 1 11 7 12 1 10 12 1 11 100 12 1 1 1 10 12 1 1 11 12 1 10 12 1 1 10 12 1 1 10 12 1 1 11 100 12 1 1 7 1 100 1 1 1 1 1 1 1 1 1 1 1 1 1 1 1 1 1 1 1 1 1 1 1 1 1 1 1 1 1 1 1 1 1 1 1 1 1 1 1 1 1 1 1 1 1 1 1 1 1 1 1 1 1 1 1 1 1 1 1 1 1 1 1 1 1 1 1 1 1 1 1 1 1 1 1 1 1 1 1 1 1 1 1 1 1 1 1 1 1 1 1 1 1 1 1 1 1 1 1 1 1 1 1 1 1 1 1 1 1 1 1 1 1 1 1 1 1 1 1 1 1 1 1 1 1 1 1 1 1 1 1 1 1 1 1 1 1 1 1 1 1 1 1 1 1 1 1 1 1 1 1 1 1 1 1 1 1 1 1 1 1 1 1 1 1 1 1 1 1 1 1 1 1 1 1 1 1 1 1 1 1 1 1 1 1 1 1 1 1 1 1 1 1 1 1 1 1 1 1 1 1 1 1 1 1 1 1 1 1 1 100 1 100 1 100 1 100 1 100 1 100 1 100 1 100 1 100 1 100 1 100 1 100 1 100 1 100 1 100 1 100 1 100 1 1 16 1 15 10 12 16 16 1 15 10 12 15 10 7 12 1 1 1 1 100 1 1 1 100 1 1 1 1 1 1 1 1 100 1 100 1 1
ciMethod java/util/stream/AbstractPipeline sourceSpliterator (I)Ljava/util/Spliterator; 512 0 5412 0 -1
ciMethod java/util/stream/AbstractPipeline isParallel ()Z 516 0 18050 0 -1
ciMethod java/util/stream/ReferencePipeline map (Ljava/util/function/Function;)Ljava/util/stream/Stream; 640 0 2322 0 0
ciMethod java/util/stream/ReferencePipeline anyMatch (Ljava/util/function/Predicate;)Z 0 0 756 0 0
ciInstanceKlass java/util/stream/StreamOpFlag 1 1 262 7 1 9 12 1 1 9 12 1 9 12 1 9 12 1 9 12 1 9 12 1 9 12 1 1 10 7 12 1 1 10 7 12 1 1 1 7 1 7 1 7 1 10 12 1 1 10 12 1 10 12 1 1 10 12 1 10 12 1 1 9 12 1 1 9 12 1 1 9 12 9 12 1 9 12 1 9 12 1 1 11 7 12 1 1 1 7 1 10 12 1 1 10 12 1 1 9 12 1 9 12 1 9 12 1 10 12 1 1 9 12 1 11 7 12 1 1 11 12 1 1 8 9 12 1 10 9 12 1 10 12 1 10 12 1 8 8 9 12 1 10 12 9 12 1 8 8 8 10 12 1 10 12 1 1 9 12 1 9 12 1 9 12 1 9 12 1 10 12 1 9 12 1 9 12 1 9 12 1 9 12 1 9 12 1 9 12 1 9 12 1 9 12 1 9 12 1 9 12 1 9 12 1 1 1 3 1 3 1 3 1 1 1 1 1 1 1 1 1 1 1 1 1 1 1 1 1 1 1 1 1 1 1 1 1 1 1 1 1 1 1 1 1 1 1 1 1 1 1 1 1 1 1 1 1 1 1 1 1 1 1
staticfield java/util/stream/StreamOpFlag DISTINCT Ljava/util/stream/StreamOpFlag; java/util/stream/StreamOpFlag
staticfield java/util/stream/StreamOpFlag SORTED Ljava/util/stream/StreamOpFlag; java/util/stream/StreamOpFlag
staticfield java/util/stream/StreamOpFlag ORDERED Ljava/util/stream/StreamOpFlag; java/util/stream/StreamOpFlag
staticfield java/util/stream/StreamOpFlag SIZED Ljava/util/stream/StreamOpFlag; java/util/stream/StreamOpFlag
staticfield java/util/stream/StreamOpFlag SHORT_CIRCUIT Ljava/util/stream/StreamOpFlag; java/util/stream/StreamOpFlag
staticfield java/util/stream/StreamOpFlag SIZE_ADJUSTING Ljava/util/stream/StreamOpFlag; java/util/stream/StreamOpFlag
staticfield java/util/stream/StreamOpFlag SPLITERATOR_CHARACTERISTICS_MASK I 85
staticfield java/util/stream/StreamOpFlag STREAM_MASK I 85
staticfield java/util/stream/StreamOpFlag OP_MASK I 83886271
staticfield java/util/stream/StreamOpFlag TERMINAL_OP_MASK I 16777248
staticfield java/util/stream/StreamOpFlag UPSTREAM_TERMINAL_OP_MASK I 32
staticfield java/util/stream/StreamOpFlag FLAG_MASK I 251658495
staticfield java/util/stream/StreamOpFlag FLAG_MASK_IS I 85
staticfield java/util/stream/StreamOpFlag FLAG_MASK_NOT I 170
staticfield java/util/stream/StreamOpFlag INITIAL_OPS_VALUE I 255
staticfield java/util/stream/StreamOpFlag IS_DISTINCT I 1
staticfield java/util/stream/StreamOpFlag NOT_DISTINCT I 2
staticfield java/util/stream/StreamOpFlag IS_SORTED I 4
staticfield java/util/stream/StreamOpFlag NOT_SORTED I 8
staticfield java/util/stream/StreamOpFlag IS_ORDERED I 16
staticfield java/util/stream/StreamOpFlag NOT_ORDERED I 32
staticfield java/util/stream/StreamOpFlag IS_SIZED I 64
staticfield java/util/stream/StreamOpFlag NOT_SIZED I 128
staticfield java/util/stream/StreamOpFlag IS_SHORT_CIRCUIT I 16777216
staticfield java/util/stream/StreamOpFlag IS_SIZE_ADJUSTING I 67108864
staticfield java/util/stream/StreamOpFlag $VALUES [Ljava/util/stream/StreamOpFlag; 6 [Ljava/util/stream/StreamOpFlag;
ciMethod java/util/stream/StreamSupport stream (Ljava/util/Spliterator;Z)Ljava/util/stream/Stream; 514 0 5377 0 961
ciInstanceKlass java/util/Spliterators 1 1 297 10 100 12 1 1 1 9 7 12 1 1 1 9 7 12 1 1 1 9 100 12 1 1 1 9 100 12 1 1 1 7 1 10 7 12 1 1 1 7 1 10 12 1 10 7 12 1 1 1 10 12 1 100 1 100 1 10 12 1 10 12 1 100 1 100 1 10 12 1 10 12 1 100 1 100 1 10 12 1 10 12 1 100 1 100 1 10 8 1 10 12 1 1 10 12 1 8 1 8 1 10 12 1 1 10 12 1 10 12 1 7 1 7 1 10 12 1 7 1 10 12 1 10 12 1 100 1 100 1 10 12 1 10 12 1 100 1 100 1 10 12 1 10 12 1 100 1 100 1 10 12 1 10 12 1 7 1 10 12 1 100 1 10 12 1 100 1 10 12 1 100 1 10 12 1 1 1 1 1 1 1 1 1 1 1 1 1 1 1 1 1 1 1 1 1 1 1 1 1 1 1 1 1 1 1 1 1 1 1 1 1 1 1 1 1 1 1 1 1 1 1 1 1 1 1 1 1 1 1 1 1 1 1 1 1 1 1 1 1 1 1 1 1 1 1 100 1 100 1 100 1 100 1 100 1 100 1 100 1 100 1 100 1 1 1 1 1 100 1 100 1 1 100 1 1 100 1 1 1 1 1 1 1 100 1 1 1 1 1 1 1 1 1 1 1 1
ciInstanceKlass java/util/Spliterators$ArraySpliterator 1 1 101 10 7 12 1 1 1 10 7 12 1 1 9 12 1 1 9 12 1 1 9 12 1 100 1 9 12 1 5 0 9 12 1 1 10 12 1 100 1 10 11 7 12 1 1 1 10 12 1 1 100 1 10 1 1 1 1 1 1 1 1 1 1 1 1 1 1 1 1 1 1 1 1 1 1 1 1 1 1 100 1 1 1 1 1 1 1 1 1 1 1 1 1 1 1 1 1 100 1 1 1
ciInstanceKlass java/util/Spliterators$IteratorSpliterator 1 1 137 10 7 12 1 1 1 9 7 12 1 1 1 9 12 1 1 100 1 9 12 1 1 9 12 1 1 100 1 5 0 11 7 12 1 1 1 11 12 1 1 11 7 12 1 1 1 9 12 1 3 11 12 1 1 100 1 10 12 1 5 0 10 12 1 100 1 10 11 12 1 1 11 7 12 1 1 1 10 12 1 1 100 1 10 1 1 3 1 1 1 1 1 1 1 1 1 1 1 1 1 1 1 1 1 1 1 1 1 1 1 1 1 1 100 1 1 1 1 1 1 1 1 1 1 1 1 1 1 1 1 1 100 1 1 1 1
ciMethod java/util/Spliterators spliterator (Ljava/util/Collection;I)Ljava/util/Spliterator; 512 0 1221 0 0
ciInstanceKlass java/lang/annotation/Annotation 1 0 17 100 1 100 1 1 1 1 1 1 1 1 1 1 1 1 1
ciInstanceKlass java/util/Collections 1 1 933 10 7 12 1 1 1 11 7 12 1 1 1 7 1 11 12 1 1 7 1 10 12 1 1 10 12 1 11 12 1 1 7 1 11 12 1 1 11 12 1 1 10 12 1 11 100 12 1 1 11 12 1 1 11 12 1 10 12 1 10 12 1 10 12 11 100 12 1 1 1 10 12 1 1 11 12 1 11 12 1 1 9 12 1 1 100 1 10 10 12 1 1 10 12 1 11 100 12 1 1 1 11 12 1 1 10 12 1 11 12 1 100 1 8 1 10 12 1 11 7 12 1 1 1 11 100 1 11 12 1 1 10 12 1 1 10 12 1 10 12 1 1 10 12 1 11 12 1 1 10 12 1 1 10 12 1 1 10 12 1 1 11 12 1 1 7 1 10 12 1 11 100 1 100 1 10 12 1 11 7 1 7 1 10 12 1 11 100 1 100 1 10 12 1 11 7 1 7 1 10 12 1 11 100 1 100 1 10 12 1 11 7 1 11 7 1 10 12 10 11 7 1 7 1 10 12 1 11 100 1 100 1 10 11 100 1 100 1 10 12 1 11 100 1 100 1 10 12 1 100 1 10 10 12 1 7 1 10 10 12 1 100 1 10 100 1 10 7 1 10 100 1 10 10 12 1 10 7 1 10 100 1 10 100 1 10 100 1 10 12 1 10 100 12 1 1 1 100 1 100 1 10 12 1 100 1 10 12 1 100 1 10 12 1 100 1 10 12 1 100 1 10 12 1 100 1 10 100 1 10 12 1 100 1 10 12 1 100 1 10 12 1 9 7 12 1 1 1 9 100 12 1 1 9 7 12 1 1 1 9 12 1 1 9 12 1 1 9 12 1 1 9 12 1 1 9 12 1 1 7 1 10 12 7 1 10 100 1 10 7 1 10 7 1 10 12 1 100 1 100 1 10 8 1 10 12 1 1 10 12 1 10 12 1 1 10 100 1 10 12 1 9 7 12 1 1 1 9 100 12 1 1 1 100 1 9 12 1 1 10 12 7 1 10 7 1 10 11 7 12 1 1 11 12 1 10 12 1 11 11 12 1 11 11 12 1 8 1 7 1 10 11 100 1 10 12 1 100 1 10 100 12 1 1 1 100 1 10 12 1 7 1 10 7 1 10 7 1 10 1 1 1 3 1 3 1 3 1 3 1 3 1 3 1 3 1 3 1 1 1 1 1 1 1 1 1 1 1 1 1 1 1 1 1 1 1 1 1 1 1 1 1 1 1 1 1 1 1 1 1 1 1 1 1 1 1 1 1 1 1 1 1 1 1 1 1 1 1 1 1 1 1 1 1 1 1 1 1 1 1 1 1 1 1 1 1 1 1 1 1 1 1 1 1 1 1 1 1 1 1 1 1 1 1 1 1 1 1 1 1 1 1 1 1 1 1 1 1 1 1 1 1 1 1 1 1 1 1 1 1 1 1 1 1 1 1 1 1 1 1 1 1 1 1 1 1 1 1 1 1 1 1 1 1 1 1 1 1 1 1 1 1 1 1 1 1 1 1 1 1 1 1 1 1 1 1 1 1 1 1 1 1 1 1 1 1 1 1 1 1 1 1 1 1 1 1 1 1 1 1 1 1 1 1 1 1 1 1 1 1 1 1 1 1 1 1 1 1 1 1 1 1 1 1 1 1 1 1 1 1 1 1 1 1 1 1 1 1 1 1 1 1 1 1 1 1 1 1 1 1 1 1 1 1 1 1 1 1 1 1 1 1 1 1 1 1 1 1 1 1 1 1 1 1 1 1 1 1 1 1 1 1 1 1 1 1 1 1 1 1 1 1 1 1 1 1 1 1 1 1 1 1 1 1 1 1 1 1 1 1 1 1 1 1 1 1 1 1 1 1 1 1 1 1 1 1 1 1 1 1 1 1 1 1 1 1 1 1 1 1 1 1 1 1 1 1 1 1 1 100 1 100 1 100 1 100 1 100 1 100 1 100 1 100 1 100 1 100 1 100 1 100 1 100 1 1 1 1 1 1 1 1 1 1 1 1 1 1 1 1 1 1 1 1 1 1 1 1 1 1 1 1 1 1 1 1 1 1 1 1 1 1 1 1 1 1 100 1 1 1 1 1 1 1 1 1 1 1 1 1 1 1
staticfield java/util/Collections EMPTY_SET Ljava/util/Set; java/util/Collections$EmptySet
staticfield java/util/Collections EMPTY_LIST Ljava/util/List; java/util/Collections$EmptyList
staticfield java/util/Collections EMPTY_MAP Ljava/util/Map; java/util/Collections$EmptyMap
ciInstanceKlass java/util/LinkedHashMap 1 1 386 9 7 12 1 1 1 9 12 1 1 9 12 1 9 7 12 1 1 9 12 1 10 7 12 1 1 1 10 12 1 1 10 12 1 1 9 12 1 9 12 1 1 9 12 1 10 12 1 1 100 1 10 10 12 1 1 10 12 1 10 12 1 1 9 12 1 1 9 12 1 10 12 1 1 10 100 12 1 1 1 10 12 1 10 12 1 10 12 10 12 1 1 10 100 12 1 1 1 10 12 1 1 10 12 1 1 9 7 1 10 12 1 10 12 1 1 9 12 1 1 7 1 10 12 1 7 1 100 1 10 10 12 1 1 10 12 1 1 9 12 1 1 7 1 10 7 1 10 12 1 9 12 1 7 1 10 100 1 10 11 100 12 1 1 1 100 1 10 11 100 12 1 1 100 1 100 1 10 8 1 10 12 1 1 10 12 1 10 12 1 1 10 12 1 10 12 1 1 10 100 1 10 12 1 100 1 1 1 1 5 0 1 1 1 3 1 3 1 3 1 1 1 1 1 1 1 1 1 1 1 1 1 1 1 1 1 1 1 1 1 1 1 1 1 1 1 1 1 1 1 1 1 1 1 1 1 1 1 1 1 1 1 1 1 1 1 100 1 1 1 1 1 1 1 1 100 1 1 1 1 1 1 1 1 1 1 1 1 1 1 1 1 1 1 1 1 1 1 1 1 1 1 1 1 100 1 1 1 1 1 1 1 1 1 1 1 1 1 1 100 1 1 1 1 1 1 1 1 1 100 1 1 1 1 1 1 1 1 1 1 1 1 1 1 1 1 1 1 1 1 1 1 1 1 1 1 1 1 1 1 1 100 1 100 1 100 1 100 1 1 1 1 1 100 1 100 1 1 1 1 1 1 1 1 1
ciInstanceKlass java/util/SequencedMap 1 1 150 11 100 12 1 1 1 11 100 12 1 1 1 11 100 12 1 1 1 100 1 11 12 1 1 100 1 10 12 1 1 11 12 1 1 11 12 1 1 100 1 10 12 100 1 10 12 1 100 1 10 100 1 10 100 1 100 1 1 1 1 1 1 1 1 1 1 1 1 1 1 1 1 1 1 1 1 1 1 1 1 1 1 1 1 1 1 1 1 1 1 1 1 1 1 1 1 1 1 1 1 1 1 1 1 1 1 100 1 8 1 12 10 1 1 8 1 1 1 8 1 1 8 1 1 8 1 1 1 8 1 1 8 1 1 8 1 8 1 1 1 8 1 1 8 1 1 1 8 1
ciMethod java/util/Map computeIfAbsent (Ljava/lang/Object;Ljava/util/function/Function;)Ljava/lang/Object; 512 0 2292 0 -1
ciMethod java/util/Map getOrDefault (Ljava/lang/Object;Ljava/lang/Object;)Ljava/lang/Object; 0 0 1 0 -1
ciMethod java/util/LinkedHashMap get (Ljava/lang/Object;)Ljava/lang/Object; 514 0 42545 0 664
ciMethod java/util/LinkedHashMap afterNodeAccess (Ljava/util/HashMap$Node;)V 0 0 977 0 -1
ciInstanceKlass java/util/Properties$EntrySet 1 1 114 10 7 12 1 1 1 9 7 12 1 1 1 11 7 12 1 1 1 11 12 1 1 11 12 1 1 11 12 1 1 11 12 1 11 12 1 11 12 1 100 1 10 11 12 1 1 11 12 1 11 12 1 11 12 1 1 11 12 1 11 12 1 11 12 1 1 100 1 10 12 1 1 1 1 1 1 1 1 1 1 1 1 1 1 1 1 1 1 1 1 1 1 1 1 1 1 1 1 1 1 1 1 1 1 1 1 7 1 1 1 100 1 1
instanceKlass java/util/JumboEnumSet
instanceKlass java/util/RegularEnumSet
ciInstanceKlass java/util/EnumSet 1 1 243 10 7 12 1 1 1 9 7 12 1 1 1 9 12 1 1 10 12 1 1 100 1 100 1 10 10 12 1 1 8 1 10 12 1 10 12 1 1 10 12 1 7 1 10 12 1 7 1 10 10 12 1 1 10 12 1 10 12 1 1 11 7 12 1 1 1 100 1 8 1 10 11 12 1 1 11 7 12 1 1 1 7 1 10 12 1 1 11 12 1 10 12 1 1 10 12 1 1 10 12 1 10 12 1 1 10 12 1 1 8 1 10 12 1 1 10 7 12 1 100 1 100 1 10 12 1 10 12 1 10 7 12 1 1 8 1 10 7 12 1 1 1 11 7 12 1 1 100 1 10 12 1 100 1 8 1 10 100 1 100 1 1 1 1 5 0 1 1 1 1 1 1 1 1 1 1 1 1 100 1 1 1 1 1 1 1 1 1 1 1 1 1 1 1 1 1 1 1 1 1 1 1 1 1 1 1 1 1 1 1 1 1 1 1 1 1 1 1 1 1 1 1 1 1 1 1 1 1 1 1 1 1 1 1 1 1 1 1 1 1 1 1
ciMethod java/util/EnumSet noneOf (Ljava/lang/Class;)Ljava/util/EnumSet; 512 0 1209 0 -1
ciInstanceKlass java/util/function/Supplier 1 0 14 100 1 100 1 1 1 1 1 1 1 1 1 1
ciMethod java/util/function/Supplier get ()Ljava/lang/Object; 0 0 1 0 -1
ciInstanceKlass java/lang/invoke/DirectMethodHandle$Constructor 1 1 91 10 7 12 1 1 1 9 7 12 1 1 1 9 12 1 1 9 12 1 1 10 100 12 1 1 1 100 1 10 12 1 9 12 1 9 12 1 10 12 1 10 12 1 1 9 12 1 1 10 12 1 1 10 7 12 1 1 1 1 1 1 1 1 1 1 1 1 1 1 100 1 100 1 1 1 1 1 1 1 1 1 1 1 1 1 1 1 1 1 1
staticfield java/lang/invoke/DirectMethodHandle$Constructor $assertionsDisabled Z 1
ciInstanceKlass java/util/function/Predicate 1 1 101 10 100 12 1 1 1 18 12 1 1 18 12 1 18 18 12 1 18 12 1 11 100 12 1 1 10 100 12 1 1 1 11 12 1 1 1 1 1 1 1 1 1 1 1 1 1 1 1 1 1 1 1 1 1 1 1 1 1 1 1 1 1 1 1 1 1 1 1 1 1 16 15 11 12 15 11 12 15 11 12 15 10 12 1 15 11 12 15 10 100 12 1 1 1 1 100 1 100 1 1
ciInstanceKlass java/lang/ref/ReferenceQueue$Null 1 1 28 10 7 12 1 1 1 100 1 1 1 1 1 1 1 1 1 1 1 1 1 1 1 1 1 1 1 1
instanceKlass java/util/LinkedHashMap$Entry
ciInstanceKlass java/util/HashMap$Node 1 1 95 10 7 12 1 1 1 9 7 12 1 1 1 9 12 1 1 9 12 1 9 12 1 1 100 1 10 10 12 1 1 8 1 10 12 1 10 12 1 1 10 7 12 1 1 1 100 1 11 12 1 1 10 12 1 1 11 12 1 1 1 1 1 1 1 1 1 1 1 1 1 1 1 1 1 1 1 1 1 1 1 1 1 1 1 1 1 1 100 1 1 1 100 1 1
ciMethod java/util/HashMap$Node <init> (ILjava/lang/Object;Ljava/lang/Object;Ljava/util/HashMap$Node;)V 1024 0 12011 0 0
ciInstanceKlass java/util/HashMap$TreeNode 0 0 250 100 1 10 100 12 1 1 1 9 100 12 1 1 1 9 12 1 1 9 12 1 9 12 1 1 9 12 1 1 10 12 1 1 100 1 10 12 1 9 12 1 9 12 1 9 12 1 1 10 100 12 1 1 1 10 12 1 1 10 12 1 1 10 12 1 1 10 12 1 1 10 12 1 1 10 100 12 1 1 1 10 100 12 1 1 1 10 100 12 1 1 1 9 12 1 10 12 1 1 10 12 1 1 10 12 1 1 10 12 1 1 9 100 1 10 12 1 1 10 12 1 1 10 12 1 10 12 1 1 10 12 1 10 12 1 10 12 1 1 1 1 1 1 1 1 1 1 1 1 1 1 1 1 1 1 1 1 1 1 1 1 1 1 100 1 1 1 1 1 1 1 1 1 1 1 1 1 1 1 1 1 1 1 1 1 1 1 1 1 1 1 1 1 1 1 1 1 1 1 1 1 1 1 1 1 1 1 1 1 1 1 1 1 1 1 1 1 1 1 1 1 1 1 1 1 1 1 1 1 1 1 1 1 1 1 1 1 1 1 1 1 1 1 1 100 1 1 1 1
instanceKlass java/util/HashMap$TreeNode
ciInstanceKlass java/util/LinkedHashMap$Entry 1 1 41 10 7 12 1 1 1 100 1 1 1 1 1 1 1 1 1 1 1 1 1 1 1 1 1 1 1 1 1 1 1 1 1 1 100 1 1 100 1 1 1
ciMethod java/util/HashMap$TreeNode split (Ljava/util/HashMap;[Ljava/util/HashMap$Node;II)V 0 0 1 0 -1
ciMethod java/util/HashMap$TreeNode putTreeVal (Ljava/util/HashMap;[Ljava/util/HashMap$Node;ILjava/lang/Object;Ljava/lang/Object;)Ljava/util/HashMap$TreeNode; 0 0 1 0 -1
ciMethod java/util/HashMap$TreeNode getTreeNode (ILjava/lang/Object;)Ljava/util/HashMap$TreeNode; 0 0 1 0 -1
ciInstanceKlass java/util/TreeMap 1 1 690 10 7 12 1 1 1 9 7 12 1 1 1 9 12 1 9 12 1 1 10 12 1 1 11 7 12 1 1 11 12 1 11 12 1 1 11 100 12 1 1 1 10 12 1 1 100 1 100 1 10 12 1 1 10 12 1 1 9 7 12 1 1 1 10 12 1 1 10 12 1 1 10 12 1 1 10 12 1 100 1 10 11 7 1 10 7 12 1 1 11 10 10 12 1 10 12 1 1 7 1 9 12 1 1 9 12 11 12 1 1 9 12 1 9 12 1 11 7 12 1 1 1 10 9 12 1 10 12 1 1 10 12 1 1 10 12 1 1 10 12 1 1 10 12 1 1 10 12 1 1 10 12 1 11 100 12 1 1 100 1 10 11 100 12 1 1 10 12 1 10 12 1 1 10 12 1 10 12 1 1 100 1 100 1 10 12 1 9 12 1 9 12 1 1 9 12 1 1 10 10 12 1 1 10 12 1 10 12 1 10 12 1 10 12 1 10 12 1 10 12 1 7 1 10 12 1 10 12 1 11 100 1 9 12 1 1 7 1 10 12 1 7 1 10 100 1 10 12 1 100 1 10 10 12 1 1 10 12 1 1 10 12 1 11 100 12 1 1 7 1 10 12 1 100 1 10 10 7 12 1 1 100 1 10 12 1 100 1 10 9 12 1 1 10 12 1 10 12 1 10 12 1 10 12 1 1 10 12 1 1 10 12 1 10 12 1 10 12 1 10 100 12 1 1 10 12 1 1 11 100 12 1 1 1 11 12 1 100 1 11 12 1 10 12 1 1 11 12 1 10 100 12 1 1 10 12 1 11 100 1 11 10 12 1 1 10 12 1 10 12 1 10 100 12 1 1 10 12 1 1 9 12 1 1 10 12 1 100 1 10 7 1 10 12 1 100 1 10 10 9 12 1 100 1 100 1 1 1 1 1 1 1 1 1 3 1 3 1 1 5 0 1 1 1 1 1 1 1 1 1 1 1 1 1 1 1 100 1 1 1 1 1 1 1 1 1 1 1 1 1 1 1 1 1 1 1 1 1 1 1 1 1 1 1 1 1 1 1 1 1 1 1 1 1 1 1 1 1 1 1 1 1 1 1 1 1 1 1 1 1 1 1 1 1 1 1 1 1 1 1 1 1 1 1 1 1 1 1 1 1 1 1 1 1 1 1 1 1 1 1 1 1 1 1 1 1 100 1 1 1 1 1 1 1 1 1 1 1 1 1 1 1 1 1 1 1 1 1 1 1 1 1 1 1 1 1 1 1 1 1 1 1 1 1 1 1 1 1 1 1 1 1 1 1 1 1 1 1 1 1 1 1 1 1 1 1 1 1 1 1 1 1 1 1 1 1 1 1 1 1 1 1 1 1 1 1 1 1 1 1 1 1 1 1 1 1 1 1 1 1 1 1 1 1 1 1 1 1 1 1 1 100 1 100 1 100 1 100 1 100 1 100 1 100 1 100 1 100 1 100 1 100 1 100 1 100 1 100 1 100 1 1 1 1 1 1 1 1 1 1 1 1 1 1 1 1 1 1 1 1 1 1 1 1 1 1 1 1 1
staticfield java/util/TreeMap UNBOUNDED Ljava/lang/Object; java/lang/Object
ciInstanceKlass java/util/Collections$EmptyMap 1 1 125 10 7 12 1 1 1 10 7 12 1 1 1 7 1 11 12 1 1 10 100 12 1 1 1 100 1 10 9 12 1 1 100 1 100 1 1 1 1 5 0 1 1 1 1 1 1 1 1 1 1 1 1 1 1 1 1 1 1 1 1 1 1 1 1 1 1 1 1 1 1 1 1 1 1 1 1 1 1 1 1 1 1 1 1 1 1 1 1 1 1 1 1 1 1 1 1 1 1 1 1 1 1 1 1 1 1 1 1 1 1 1 1 1 1 1 1 1 1 1 1 1 100 1 1
ciMethod java/util/Collections$EmptyMap get (Ljava/lang/Object;)Ljava/lang/Object; 256 0 128 0 0
ciInstanceKlass java/util/concurrent/CopyOnWriteArrayList 1 1 529 9 7 12 1 1 1 10 7 12 1 1 1 9 12 1 1 9 12 1 10 12 1 1 11 7 12 1 1 1 10 12 1 1 11 12 1 1 11 12 1 11 100 1 7 10 7 12 1 1 1 10 12 1 1 10 12 1 1 10 12 1 1 10 12 1 1 10 12 1 10 12 1 1 10 12 1 10 100 12 1 1 100 1 100 1 10 10 10 10 7 12 1 1 1 100 1 10 8 1 10 12 1 1 10 12 1 8 1 10 12 1 1 10 12 1 1 100 1 10 10 12 1 100 1 10 12 1 1 10 12 1 10 12 1 1 10 12 1 1 10 12 1 10 100 12 1 1 1 10 100 12 1 1 10 10 12 1 1 11 12 1 1 11 100 12 1 1 11 12 1 10 12 1 1 18 12 1 1 10 12 1 1 18 11 11 11 11 11 100 12 1 1 1 10 12 1 11 100 12 1 10 12 1 1 10 12 1 1 100 1 10 10 12 1 1 10 12 1 1 11 100 12 1 1 10 12 1 1 10 12 1 1 10 100 12 1 1 10 12 1 1 10 12 1 10 100 12 1 1 10 12 1 10 100 12 1 1 1 11 100 12 1 1 1 10 12 1 10 12 1 100 1 11 10 12 1 10 12 1 1 7 1 10 12 1 100 1 10 7 12 1 1 1 100 1 10 12 1 100 1 10 12 1 10 100 12 1 1 1 8 10 12 1 1 10 12 1 1 10 12 1 1 11 12 1 100 1 100 1 100 1 1 1 1 5 0 1 1 1 1 1 1 1 1 1 1 1 1 1 1 1 1 1 1 1 1 1 1 1 1 1 1 1 1 1 1 1 1 1 1 1 1 1 1 1 1 1 1 1 1 1 100 1 1 1 1 1 1 1 1 1 1 1 1 1 1 1 1 1 1 1 1 1 1 1 1 1 1 1 1 1 1 1 1 1 1 1 1 1 1 1 1 1 1 1 1 1 1 1 1 1 1 1 1 1 1 1 1 1 1 100 1 1 1 1 1 1 1 1 1 1 1 100 1 1 1 1 1 1 1 100 1 1 1 100 1 1 1 1 1 1 1 1 1 1 1 1 1 1 1 1 1 1 1 1 1 1 1 1 1 1 1 1 1 1 100 1 100 1 100 1 1 16 15 10 12 15 10 12 15 10 100 12 1 1 1 1 1 1 1 1 1 1 100 1 100 1 1
staticfield java/util/concurrent/CopyOnWriteArrayList EMPTY_ELEMENTDATA [Ljava/lang/Object; 0 [Ljava/lang/Object;
ciInstanceKlass java/util/stream/StreamShape 1 1 59 7 1 9 12 1 1 9 12 1 9 12 1 9 12 1 9 12 1 1 10 100 12 1 1 10 7 12 1 1 1 10 12 1 1 8 10 8 8 8 10 12 1 1 1 1 1 1 1 1 1 1 1 1 1 1 1 1 1
staticfield java/util/stream/StreamShape REFERENCE Ljava/util/stream/StreamShape; java/util/stream/StreamShape
staticfield java/util/stream/StreamShape INT_VALUE Ljava/util/stream/StreamShape; java/util/stream/StreamShape
staticfield java/util/stream/StreamShape LONG_VALUE Ljava/util/stream/StreamShape; java/util/stream/StreamShape
staticfield java/util/stream/StreamShape DOUBLE_VALUE Ljava/util/stream/StreamShape; java/util/stream/StreamShape
staticfield java/util/stream/StreamShape $VALUES [Ljava/util/stream/StreamShape; 4 [Ljava/util/stream/StreamShape;
ciInstanceKlass java/util/stream/ReferencePipeline$2 1 1 61 9 7 12 1 1 1 10 7 12 1 1 1 10 7 12 1 1 1 7 1 10 12 1 1 1 1 1 1 1 1 1 1 1 1 1 1 1 1 1 1 1 1 1 1 1 1 1 1 1 1 1 1 100 1 12 1 1 1 1 1
instanceKlass java/util/stream/ReferencePipeline$7
instanceKlass java/util/stream/ReferencePipeline$3
instanceKlass java/util/stream/ReferencePipeline$2
ciInstanceKlass java/util/stream/ReferencePipeline$StatelessOp 1 1 63 10 7 12 1 1 1 9 7 12 1 1 1 10 100 12 1 1 1 100 1 10 12 1 10 12 1 1 10 7 12 1 1 1 1 1 1 1 1 1 1 1 1 1 1 1 1 1 1 1 100 1 1 1 1 1 1 1 1 1 1 1 1
staticfield java/util/stream/ReferencePipeline$StatelessOp $assertionsDisabled Z 1
ciMethod java/util/stream/ReferencePipeline$StatelessOp <init> (Ljava/util/stream/AbstractPipeline;Ljava/util/stream/StreamShape;I)V 512 0 4025 0 0
ciInstanceKlass java/util/stream/ReferencePipeline$3 1 1 61 9 7 12 1 1 1 10 7 12 1 1 1 10 7 12 1 1 1 7 1 10 12 1 1 1 1 1 1 1 1 1 1 1 1 1 1 1 1 1 1 1 1 1 1 1 1 1 1 1 1 1 1 100 1 12 1 1 1 1 1
ciMethod java/util/stream/ReferencePipeline$3 <init> (Ljava/util/stream/ReferencePipeline;Ljava/util/stream/AbstractPipeline;Ljava/util/stream/StreamShape;ILjava/util/function/Function;)V 662 0 2322 0 0
ciInstanceKlass java/util/stream/ReferencePipeline$7 1 1 68 9 7 12 1 1 1 10 7 12 1 1 1 10 7 12 1 1 1 10 12 1 1 7 1 10 12 1 1 1 1 1 1 1 1 1 1 1 1 1 1 1 1 1 1 1 1 1 1 1 1 1 1 1 1 1 1 1 1 100 1 12 1 1 1 1 1 1
ciInstanceKlass java/util/stream/ForEachOps$ForEachOp$OfRef 1 1 59 10 7 12 1 1 1 9 7 12 1 1 1 11 7 12 1 1 1 10 12 1 1 10 12 1 10 12 1 1 1 1 1 1 1 1 1 1 1 1 1 1 1 1 1 1 1 1 1 1 1 1 1 1 100 1 1 1 1
ciMethod java/util/stream/TerminalOp inputShape ()Ljava/util/stream/StreamShape; 0 0 1 0 -1
ciInstanceKlass java/util/stream/TerminalOp 1 1 55 9 100 12 1 1 1 9 100 12 1 1 1 11 100 12 1 1 1 8 1 10 12 1 1 11 12 1 1 100 1 1 1 1 1 1 1 1 1 1 1 1 1 1 1 1 1 1 1 1 1 1 1 1 1
ciInstanceKlass java/util/stream/MatchOps$MatchKind 1 1 70 7 1 9 12 1 1 9 12 1 9 12 1 9 12 1 1 10 100 12 1 1 10 7 12 1 1 1 10 12 1 1 9 12 1 1 9 12 1 8 10 12 1 8 8 10 12 1 1 1 1 1 1 1 1 1 1 1 1 1 1 1 1 1 1 1 7 1 1 1
staticfield java/util/stream/MatchOps$MatchKind ANY Ljava/util/stream/MatchOps$MatchKind; java/util/stream/MatchOps$MatchKind
staticfield java/util/stream/MatchOps$MatchKind ALL Ljava/util/stream/MatchOps$MatchKind; java/util/stream/MatchOps$MatchKind
staticfield java/util/stream/MatchOps$MatchKind NONE Ljava/util/stream/MatchOps$MatchKind; java/util/stream/MatchOps$MatchKind
staticfield java/util/stream/MatchOps$MatchKind $VALUES [Ljava/util/stream/MatchOps$MatchKind; 3 [Ljava/util/stream/MatchOps$MatchKind;
ciInstanceKlass java/util/stream/MatchOps 1 1 147 10 100 12 1 1 1 10 7 12 1 1 1 7 1 9 7 12 1 1 1 18 12 1 1 10 12 1 9 12 1 18 12 1 9 12 1 18 12 1 9 12 1 18 12 1 100 1 10 12 1 100 1 10 12 1 100 1 10 12 1 7 1 10 12 1 7 1 1 1 1 1 1 1 1 1 1 1 1 1 1 1 1 1 1 1 1 1 1 1 1 1 1 1 1 1 1 1 1 1 1 1 1 1 1 1 100 1 100 1 100 1 1 16 1 15 10 12 16 1 15 10 12 15 10 12 15 10 12 15 10 7 12 1 1 1 1 1 1 1 1 1 100 1 100 1 1
ciInstanceKlass java/lang/invoke/BoundMethodHandle$Species_L 1 1 126 10 7 12 1 1 1 9 7 12 1 1 1 9 12 1 1 10 12 1 9 7 12 1 1 1 10 7 12 1 1 1 10 12 1 1 10 7 12 1 1 1 100 1 10 100 12 1 1 1 9 12 1 10 12 1 9 12 1 10 12 1 9 12 1 10 12 1 9 12 1 10 12 1 10 12 1 1 10 12 1 1 1 1 1 1 1 1 1 1 1 1 1 1 1 1 1 1 1 1 1 1 1 1 1 1 1 1 1 1 1 1 1 1 1 1 1 1 1 1 1 1 1 100 1 1
ciInstanceKlass java/util/stream/MatchOps$MatchOp 1 1 108 10 7 12 1 1 1 9 7 12 1 1 1 9 12 1 1 9 12 1 1 9 7 12 1 1 1 9 12 1 11 7 12 1 1 1 7 1 10 7 12 1 1 1 10 12 1 1 10 7 12 1 1 1 100 1 10 12 1 10 12 1 10 12 1 1 10 12 1 100 1 1 1 1 1 1 1 1 1 1 1 1 1 1 1 1 1 1 1 1 1 1 1 1 1 1 1 1 1 100 1 1 1 100 1 1 1 1
ciMethod java/util/stream/MatchOps$MatchOp <init> (Ljava/util/stream/StreamShape;Ljava/util/stream/MatchOps$MatchKind;Ljava/util/function/Supplier;)V 514 0 758 0 -1
ciInstanceKlass  @bci java/util/stream/MatchOps makeRef (Ljava/util/function/Predicate;Ljava/util/stream/MatchOps$MatchKind;)Ljava/util/stream/TerminalOp; 20 <appendix> member <vmtarget> ; 1 1 30 1 7 1 1 1 1 1 1 1 7 1 12 10 12 9 12 9 1 1 1 7 1 1 12 10 1 100 1 1
ciInstanceKlass java/lang/invoke/BoundMethodHandle$Species_LL 1 1 74 1 7 1 7 1 1 1 1 1 1 1 12 9 1 1 1 12 10 12 9 12 9 1 1 12 10 1 1 1 7 1 1 12 10 1 7 1 1 12 10 1 1 1 12 10 1 1 1 12 10 1 1 1 12 10 1 1 1 12 10 1 1 1 12 10 1 1 1 1 1 100 1 1
ciInstanceKlass java/util/zip/ZipFile$Source$Key 1 1 82 10 7 12 1 1 1 9 7 12 1 1 1 9 12 1 1 9 12 1 1 10 7 12 1 1 1 11 7 12 1 1 1 10 7 12 1 1 1 11 12 1 1 10 7 12 1 1 10 10 7 1 10 12 1 1 10 10 10 1 1 1 1 1 1 1 1 1 1 1 1 1 1 1 1 7 1 1 100 1 1 1
ciInstanceKlass java/util/stream/ReduceOps$3 1 1 88 9 7 12 1 1 1 9 12 1 1 9 12 1 1 9 12 1 1 10 7 12 1 1 1 7 1 10 12 1 11 7 12 1 1 1 9 7 12 1 1 1 11 7 12 1 1 1 9 100 12 1 1 1 10 12 1 1 1 1 1 1 1 1 1 1 1 1 1 1 1 1 1 1 1 100 1 12 1 1 1 1 1 1 1 100 1 1
ciMethod java/util/stream/TerminalOp getOpFlags ()I 246 0 1 0 -1
ciMethod java/util/Objects requireNonNull (Ljava/lang/Object;)Ljava/lang/Object; 848 0 349103 0 -1
ciMethod java/util/stream/MatchOps makeRef (Ljava/util/function/Predicate;Ljava/util/stream/MatchOps$MatchKind;)Ljava/util/stream/TerminalOp; 4 0 758 0 0
ciMethod java/util/stream/TerminalOp evaluateParallel (Ljava/util/stream/PipelineHelper;Ljava/util/Spliterator;)Ljava/lang/Object; 0 0 1 0 -1
ciMethod java/util/stream/TerminalOp evaluateSequential (Ljava/util/stream/PipelineHelper;Ljava/util/Spliterator;)Ljava/lang/Object; 0 0 1 0 -1
ciMethod java/util/Collections emptyMap ()Ljava/util/Map; 514 0 21737 0 88
ciMethod java/util/Spliterators$IteratorSpliterator <init> (Ljava/util/Collection;I)V 512 0 1221 0 -1
ciMethod java/util/stream/StreamOpFlag getMask (I)I 514 0 5888 0 0
ciMethod java/util/stream/StreamOpFlag combineOpFlags (II)I 514 0 5888 0 0
ciMethod java/util/stream/StreamOpFlag fromCharacteristics (Ljava/util/Spliterator;)I 514 0 5380 0 152
ciMethod java/util/stream/ReferencePipeline$Head <init> (Ljava/util/Spliterator;IZ)V 514 0 5378 0 0
ciMethod java/util/stream/ReferencePipeline <init> (Ljava/util/stream/AbstractPipeline;I)V 516 0 6802 0 0
ciMethod java/util/stream/ReferencePipeline <init> (Ljava/util/Spliterator;IZ)V 514 0 5378 0 0
ciMethod java/util/stream/AbstractPipeline <init> (Ljava/util/stream/AbstractPipeline;I)V 516 0 5381 0 858
ciMethod java/util/stream/AbstractPipeline <init> (Ljava/util/Spliterator;IZ)V 514 0 5565 0 0
ciMethod java/util/stream/AbstractPipeline evaluate (Ljava/util/stream/TerminalOp;)Ljava/lang/Object; 512 0 4069 0 0
ciMethod java/util/stream/AbstractPipeline getOutputShape ()Ljava/util/stream/StreamShape; 0 0 1 0 -1
ciMethod java/util/stream/PipelineHelper <init> ()V 514 0 10946 0 0
ciMethod java/util/HashMap getNode (Ljava/lang/Object;)Ljava/util/HashMap$Node; 816 30 16391 0 608
ciMethod java/util/HashMap resize ()[Ljava/util/HashMap$Node; 156 640 3161 0 2359
ciMethod java/util/HashMap treeifyBin ([Ljava/util/HashMap$Node;I)V 0 0 1 0 -1
ciMethod java/util/HashMap putVal (ILjava/lang/Object;Ljava/lang/Object;ZZ)Ljava/lang/Object; 810 32 12708 0 2133
ciMethod java/util/HashMap hash (Ljava/lang/Object;)I 1024 0 60481 0 0
ciMethod java/util/function/Function apply (Ljava/lang/Object;)Ljava/lang/Object; 0 0 1 0 -1
ciMethod jdk/internal/misc/Unsafe allocateInstance (Ljava/lang/Class;)Ljava/lang/Object; 256 0 128 0 -1
ciMethod java/util/Arrays copyOfRange ([BII)[B 512 0 6003 0 976
ciMethod java/lang/Math max (II)I 554 0 86019 0 -1
ciMethod java/lang/Math min (II)I 514 0 91798 0 -1
ciMethod java/lang/String toCharArray ()[C 512 0 17427 0 0
ciMethod java/lang/String substring (I)Ljava/lang/String; 180 0 10115 0 0
ciMethod java/lang/String substring (II)Ljava/lang/String; 514 0 12842 0 1396
ciMethod java/lang/String checkBoundsBeginEnd (III)V 520 0 23613 0 0
ciMethod java/lang/String isLatin1 ()Z 770 0 864346 0 88
ciMethod java/lang/String checkBoundsOffCount (III)I 514 0 28579 0 152
ciMethod java/lang/String rangeCheck ([CII)Ljava/lang/Void; 552 0 10535 0 0
ciMethod java/lang/String coder ()B 512 0 831215 0 80
ciMethod java/lang/String <init> ([CII)V 532 0 10535 0 774
ciMethod java/lang/String <init> ([BB)V 512 0 32107 0 93
ciMethod java/lang/String <init> ([CIILjava/lang/Void;)V 524 0 11009 0 606
ciMethod java/util/Map get (Ljava/lang/Object;)Ljava/lang/Object; 0 0 1 0 -1
ciMethod java/util/Map put (Ljava/lang/Object;Ljava/lang/Object;)Ljava/lang/Object; 0 0 1 0 -1
ciMethod java/lang/Object getClass ()Ljava/lang/Class; 256 0 128 0 -1
ciMethod java/lang/Object <init> ()V 926 0 1031140 0 120
ciInstanceKlass  @bci java/util/zip/ZipFile$Source initCEN (ILjava/util/zip/ZipCoder;)V 507 <appendix> argL0 ; 1 1 23 1 7 1 1 1 7 12 10 1 1 1 7 1 7 1 1 12 10 1 100 1 1
instanceKlass java/nio/file/ClosedDirectoryStreamException
instanceKlass java/nio/file/ClosedFileSystemException
instanceKlass org/eclipse/aether/SyncContext$FailedToAcquireLockException
instanceKlass java/nio/channels/OverlappingFileLockException
instanceKlass org/apache/http/conn/ssl/SSLInitializationException
instanceKlass java/util/concurrent/CancellationException
ciInstanceKlass java/lang/IllegalStateException 0 0 35 10 100 12 1 1 1 10 12 1 10 12 1 10 12 1 100 1 1 1 1 5 0 1 1 1 1 1 1 1 1 1 1 1 1
ciInstanceKlass java/lang/AssertionError 0 0 79 10 100 12 1 1 1 10 12 1 10 100 12 1 1 1 10 100 1 100 1 10 12 1 1 10 12 1 10 12 1 10 12 1 10 12 1 10 12 1 10 12 1 10 12 1 1 1 1 5 0 1 1 1 1 1 1 1 1 1 1 100 1 1 1 1 1 1 1 1 1 1 1 1 1 1 1 1 1
ciInstanceKlass java/util/LinkedHashMap$LinkedKeySet 1 1 183 10 7 12 1 1 1 9 7 12 1 1 1 10 7 12 1 1 1 9 12 1 1 9 7 12 1 1 1 10 12 1 7 1 10 12 1 10 12 1 1 10 100 12 1 1 1 10 12 1 1 100 1 10 7 12 1 1 1 7 1 10 12 1 1 10 12 1 1 100 1 10 9 12 1 9 12 1 1 9 100 12 1 1 1 11 100 12 1 1 1 9 12 1 9 12 1 9 12 1 100 1 10 100 1 10 10 12 1 1 9 100 1 9 12 10 12 1 1 10 10 12 100 1 1 1 1 1 1 1 1 1 1 1 1 1 1 1 1 1 1 1 1 1 1 1 1 1 1 1 1 1 1 1 1 1 1 1 1 1 1 1 1 1 1 1 1 1 1 1 1 1 1 1 1 1 1 1 1 1 1 1 1
ciInstanceKlass java/util/stream/Streams$ConcatSpliterator$OfRef 1 1 31 10 7 12 1 1 1 100 1 1 1 1 1 1 1 1 1 1 1 1 1 1 1 1 1 1 100 1 1 1 1
ciInstanceKlass java/util/stream/SortedOps$OfRef 1 1 147 9 7 12 1 1 1 9 7 12 1 1 1 9 12 1 10 7 12 1 1 1 9 7 12 1 1 1 11 7 12 1 1 1 9 12 1 1 9 12 1 10 7 12 1 1 1 9 12 1 1 10 12 1 1 9 12 1 7 1 10 12 1 7 1 10 10 100 12 1 1 1 10 12 1 1 11 100 12 1 1 1 10 100 12 1 1 1 10 100 12 1 1 1 1 1 1 1 1 1 1 1 1 1 1 1 1 1 1 1 1 1 1 1 1 1 1 1 1 1 1 1 1 1 1 1 1 1 1 1 1 1 1 1 1 1 1 1 100 1 1 100 1 1 1 1 1
instanceKlass java/nio/file/DirectoryIteratorException
ciInstanceKlass java/util/ConcurrentModificationException 0 0 34 10 100 12 1 1 1 10 12 1 10 12 1 10 12 1 100 1 1 1 1 5 0 1 1 1 1 1 1 1 1 1 1 1
ciInstanceKlass java/util/Spliterator$OfPrimitive 1 1 56 11 100 12 1 1 1 11 12 1 1 100 1 100 1 1 1 1 1 1 1 1 1 1 1 1 1 1 1 1 1 1 1 1 1 1 1 1 1 1 100 1 8 1 1 12 10 1 1 1 8 1 1 8 1 1
ciInstanceKlass java/util/Spliterator$OfInt 1 1 114 11 100 12 1 1 1 100 1 9 100 12 1 1 1 11 12 1 1 8 1 10 12 1 1 10 100 12 1 1 1 18 12 1 1 11 12 1 1 11 8 1 11 12 1 1 100 1 100 1 1 1 1 1 1 1 1 1 1 1 1 1 1 1 1 1 1 1 1 1 1 1 1 1 1 100 1 1 16 1 15 11 100 12 1 15 10 100 12 1 1 1 1 1 1 100 1 100 1 1 1 100 1 8 1 1 12 10 1 1 1 8 1 1
ciInstanceKlass java/util/stream/Streams$RangeIntSpliterator 1 1 106 10 7 12 1 1 1 10 7 12 1 1 9 12 1 1 9 12 1 9 12 1 10 7 12 1 1 1 11 7 12 1 1 1 100 1 10 12 1 1 10 12 1 1 5 0 10 12 1 1 10 12 1 1 10 12 1 1 100 1 1 1 3 1 3 1 1 1 1 1 1 1 1 1 1 1 1 1 1 1 1 1 1 1 1 1 1 1 1 1 1 1 1 1 1 1 1 1 100 1 1 1 1 100 1 1
instanceKlass java/util/TreeMap$KeySpliterator
ciInstanceKlass java/util/TreeMap$TreeMapSpliterator 1 1 76 10 7 12 1 1 1 9 7 12 1 1 1 9 12 1 1 9 12 1 9 12 1 1 9 12 1 9 12 1 10 7 12 1 1 1 10 12 1 9 12 1 9 12 1 10 12 1 1 1 1 1 1 1 1 1 1 1 1 1 1 1 1 1 1 100 1 1 1 1 1 1 1 1 1 1
ciInstanceKlass java/util/TreeMap$KeySpliterator 1 1 132 10 7 12 1 1 1 9 7 12 1 1 1 10 12 1 1 9 12 1 9 12 1 1 9 12 1 9 12 1 1 9 7 12 1 1 9 7 12 1 1 9 12 1 9 12 1 1 10 12 1 1 9 12 1 10 100 1 10 12 1 11 7 12 1 1 1 9 12 1 9 12 1 100 1 10 10 12 1 1 100 1 9 12 1 1 10 12 1 1 1 1 1 1 1 1 1 1 1 1 1 1 1 1 1 1 1 1 1 1 1 1 1 1 1 1 1 1 1 1 1 1 1 1 1 1 1 1 1 1 1 1
instanceKlass com/sun/tools/javac/util/Log
ciInstanceKlass com/sun/tools/javac/util/AbstractLog 1 1 164 10 7 12 1 1 1 9 7 12 1 1 1 7 1 10 9 12 1 1 9 12 1 1 10 7 12 1 1 1 10 12 1 1 9 12 1 11 7 12 1 1 1 10 12 1 11 12 1 1 10 100 12 1 1 1 10 12 1 1 10 12 1 10 12 1 1 10 12 1 10 12 1 1 10 12 1 1 10 12 1 10 12 1 1 10 12 1 1 100 1 100 1 10 12 1 1 1 1 1 1 1 1 1 1 1 1 1 1 1 100 1 1 1 1 1 1 1 1 1 1 1 1 1 1 1 1 1 1 1 1 1 1 1 1 1 1 1 1 1 1 1 1 1 1 100 1 1 100 1 1 100 1 1 100 1 1 100 1 1 100 1 1 1
ciInstanceKlass com/sun/tools/javac/util/Log 1 1 830 9 7 12 1 1 1 10 7 12 1 1 1 10 12 1 1 18 12 1 1 10 12 1 1 10 12 1 1 10 12 1 9 12 1 7 1 9 12 1 9 100 12 1 1 1 10 12 1 9 12 1 10 12 1 7 1 7 1 10 12 1 9 12 1 1 11 7 12 1 1 9 12 1 9 12 1 9 12 1 9 12 1 10 7 12 1 1 1 10 7 12 1 1 9 12 1 1 9 12 1 9 12 1 9 12 1 7 1 10 12 1 9 12 1 1 9 12 1 10 12 1 9 12 1 1 7 1 10 12 1 9 12 1 1 7 1 10 12 1 9 12 1 1 10 7 12 1 1 9 12 1 1 100 1 8 1 10 12 1 1 9 12 1 1 10 12 1 1 9 12 1 10 12 1 9 12 1 7 1 10 12 1 9 12 1 1 10 7 12 1 1 18 12 1 1 10 12 1 1 9 7 12 1 1 1 10 12 1 1 9 12 1 9 12 1 9 12 1 9 12 1 10 12 1 8 1 10 12 1 9 12 9 12 1 10 12 1 1 9 12 1 8 1 100 1 10 12 1 10 12 1 8 1 10 12 1 8 1 10 100 12 1 1 1 10 100 12 1 1 1 10 12 1 9 12 1 10 12 1 10 100 12 1 1 1 3 100 1 10 7 12 1 1 1 10 12 1 1 10 7 12 1 1 1 9 12 1 1 10 12 1 1 11 12 10 12 1 1 10 12 1 1 9 100 12 1 1 11 12 1 11 100 12 1 1 1 11 100 12 1 1 1 11 12 1 1 10 12 1 10 12 1 1 100 1 10 12 1 1 10 12 1 11 100 12 1 1 1 11 12 10 100 12 1 10 12 1 10 12 1 1 9 100 12 1 1 1 10 12 1 1 10 12 1 1 100 1 10 10 12 1 1 10 12 1 1 10 12 1 10 10 12 1 1 9 12 1 1 11 100 12 1 1 8 1 100 1 10 12 1 1 10 100 12 1 1 9 12 1 1 10 100 12 1 1 10 12 1 1 100 1 8 1 10 12 1 100 1 10 12 1 1 10 12 1 1 10 12 1 1 10 12 1 1 8 1 8 1 10 12 1 8 1 10 10 12 10 12 1 10 12 1 10 12 1 1 10 12 1 1 10 12 10 12 1 100 1 10 8 1 10 12 1 1 10 12 1 9 12 1 1 10 12 1 1 10 12 1 1 10 12 1 11 12 1 9 12 1 11 10 12 1 1 11 12 1 10 12 1 1 10 12 1 1 10 12 1 1 11 100 12 1 1 1 9 100 12 1 1 1 10 100 12 1 1 10 12 1 100 1 10 10 12 1 1 100 1 10 100 1 10 9 100 12 1 1 1 10 12 1 10 12 1 9 12 1 10 100 12 1 10 12 1 10 12 100 1 10 12 1 11 100 12 1 1 8 1 10 12 1 8 1 10 12 1 1 10 12 1 8 1 10 12 1 1 8 1 100 1 10 12 1 10 12 1 7 1 10 1 1 1 1 1 1 1 1 1 1 1 1 1 1 1 1 1 1 1 1 1 1 1 1 1 1 1 1 1 1 1 1 1 1 1 100 1 1 1 1 1 1 1 1 1 1 1 1 1 1 1 1 1 1 1 1 1 100 1 1 1 1 1 1 1 1 1 1 1 1 1 1 1 1 1 1 1 100 1 1 1 1 1 1 1 1 1 1 1 1 1 1 1 1 1 1 1 1 1 1 1 1 1 1 1 1 1 1 1 1 1 1 1 1 1 1 1 1 1 1 1 1 1 100 1 100 1 1 16 1 15 10 12 16 16 15 10 12 16 15 10 7 12 1 1 1 1 1 100 1 1 1 1 1 1 1 1 1 100 1 100 1 1 1 1 1 100 1 100 1 1
staticfield com/sun/tools/javac/util/Log logKey Lcom/sun/tools/javac/util/Context$Key; com/sun/tools/javac/util/Context$Key
staticfield com/sun/tools/javac/util/Log outKey Lcom/sun/tools/javac/util/Context$Key; com/sun/tools/javac/util/Context$Key
staticfield com/sun/tools/javac/util/Log errKey Lcom/sun/tools/javac/util/Context$Key; com/sun/tools/javac/util/Context$Key
ciInstanceKlass com/sun/tools/javac/util/JCDiagnostic$DiagnosticPosition 1 0 19 100 1 100 1 1 1 1 1 1 1 1 1 1 1 100 1 1 1
ciInstanceKlass com/sun/tools/javac/api/DiagnosticFormatter 1 0 39 100 1 100 1 1 1 1 1 1 1 1 1 1 1 1 1 1 1 1 1 1 1 1 1 1 100 1 100 1 100 1 100 1 1 1 1 1 1
instanceKlass com/sun/tools/javac/util/JCDiagnostic$Note
instanceKlass com/sun/tools/javac/util/JCDiagnostic$Fragment
instanceKlass com/sun/tools/javac/util/JCDiagnostic$Error
instanceKlass com/sun/tools/javac/util/JCDiagnostic$Warning
ciInstanceKlass com/sun/tools/javac/util/JCDiagnostic$DiagnosticInfo 1 1 113 10 7 12 1 1 1 9 7 12 1 1 1 9 12 1 1 9 12 1 9 12 1 1 100 1 10 10 12 1 1 8 1 9 100 12 1 1 10 12 1 1 10 12 1 1 10 12 1 1 100 1 10 12 1 100 1 10 100 1 10 12 1 100 1 10 100 1 10 8 1 10 12 1 10 100 12 1 1 1 1 1 1 1 1 1 1 1 1 1 1 1 1 1 1 1 1 1 7 1 1 1 1 100 1 100 1 1 1 1 1 1 1
instanceKlass com/sun/tools/javac/util/JCDiagnostic$LintWarning
ciInstanceKlass com/sun/tools/javac/util/JCDiagnostic$Warning 0 0 39 9 100 12 1 1 1 10 100 12 1 1 1 100 1 1 1 1 1 1 1 1 1 1 1 1 1 1 1 100 1 1 100 1 1 1 1 1 1
ciInstanceKlass com/sun/tools/javac/util/JCDiagnostic$LintWarning 0 0 39 10 100 12 1 1 1 9 100 12 1 1 1 1 1 1 1 1 1 1 1 1 1 1 1 1 1 1 1 100 1 1 1 1 100 1 100 1 1
ciInstanceKlass javax/tools/JavaFileObject 1 0 22 100 1 100 1 100 1 1 1 1 1 1 1 1 1 1 1 1 100 1 1 1
ciInstanceKlass com/sun/tools/javac/util/Assert 1 1 83 10 100 12 1 1 1 10 100 12 1 1 1 10 12 1 10 12 1 10 12 1 11 100 12 1 1 1 100 1 10 12 1 1 10 12 1 10 100 1 1 1 1 1 1 1 1 1 1 1 1 1 1 1 1 1 1 1 1 1 1 1 1 1 1 1 1 1 1 1 1 1 1 1 1 1 1 1 1 1 1 1 1
ciInstanceKlass com/sun/tools/javac/code/Lint$LintCategory 1 1 388 7 1 9 12 1 1 9 12 1 9 12 1 9 12 1 9 12 1 9 12 1 9 12 1 9 12 1 9 12 1 9 12 1 9 12 1 9 12 1 9 12 1 9 12 1 9 12 1 9 12 1 9 12 1 9 12 1 9 12 1 9 12 1 9 12 1 9 12 1 9 12 1 9 12 1 9 12 1 9 12 1 9 12 1 9 12 1 9 12 1 9 12 1 9 12 1 9 12 1 9 12 1 9 12 1 9 12 1 9 12 1 9 12 1 9 12 1 1 10 7 12 1 1 10 7 12 1 1 1 7 1 10 12 1 1 10 12 1 9 12 1 1 9 12 1 1 7 1 10 12 1 10 12 1 1 10 7 12 1 1 1 10 12 1 1 9 12 1 1 18 12 1 1 11 7 12 1 1 1 9 7 12 1 1 1 11 7 12 1 1 1 10 100 12 1 1 1 11 12 1 1 10 12 1 1 10 7 12 1 1 1 11 12 1 1 8 8 1 10 12 1 8 8 1 8 8 1 8 8 1 8 8 1 8 8 1 8 8 1 8 8 1 8 8 1 8 8 1 8 8 1 8 8 1 8 1 8 8 1 8 8 1 8 8 1 8 8 1 8 8 1 8 8 1 8 8 1 8 8 1 8 8 1 8 8 1 8 8 1 8 8 1 8 8 1 8 8 1 8 8 1 8 8 1 8 8 1 8 8 1 8 8 1 8 8 1 8 8 1 8 8 1 8 8 1 8 8 1 8 8 1 10 12 1 1 1 1 1 1 1 1 1 1 1 1 1 1 1 1 1 1 1 1 1 1 1 1 1 1 1 1 1 1 1 1 1 1 16 1 15 10 12 16 15 10 7 12 1 1 1 1 1 100 1 100 1 1
staticfield com/sun/tools/javac/code/Lint$LintCategory AUXILIARYCLASS Lcom/sun/tools/javac/code/Lint$LintCategory; com/sun/tools/javac/code/Lint$LintCategory
staticfield com/sun/tools/javac/code/Lint$LintCategory CAST Lcom/sun/tools/javac/code/Lint$LintCategory; com/sun/tools/javac/code/Lint$LintCategory
staticfield com/sun/tools/javac/code/Lint$LintCategory CLASSFILE Lcom/sun/tools/javac/code/Lint$LintCategory; com/sun/tools/javac/code/Lint$LintCategory
staticfield com/sun/tools/javac/code/Lint$LintCategory DANGLING_DOC_COMMENTS Lcom/sun/tools/javac/code/Lint$LintCategory; com/sun/tools/javac/code/Lint$LintCategory
staticfield com/sun/tools/javac/code/Lint$LintCategory DEPRECATION Lcom/sun/tools/javac/code/Lint$LintCategory; com/sun/tools/javac/code/Lint$LintCategory
staticfield com/sun/tools/javac/code/Lint$LintCategory DEP_ANN Lcom/sun/tools/javac/code/Lint$LintCategory; com/sun/tools/javac/code/Lint$LintCategory
staticfield com/sun/tools/javac/code/Lint$LintCategory DIVZERO Lcom/sun/tools/javac/code/Lint$LintCategory; com/sun/tools/javac/code/Lint$LintCategory
staticfield com/sun/tools/javac/code/Lint$LintCategory EMPTY Lcom/sun/tools/javac/code/Lint$LintCategory; com/sun/tools/javac/code/Lint$LintCategory
staticfield com/sun/tools/javac/code/Lint$LintCategory EXPORTS Lcom/sun/tools/javac/code/Lint$LintCategory; com/sun/tools/javac/code/Lint$LintCategory
staticfield com/sun/tools/javac/code/Lint$LintCategory FALLTHROUGH Lcom/sun/tools/javac/code/Lint$LintCategory; com/sun/tools/javac/code/Lint$LintCategory
staticfield com/sun/tools/javac/code/Lint$LintCategory FINALLY Lcom/sun/tools/javac/code/Lint$LintCategory; com/sun/tools/javac/code/Lint$LintCategory
staticfield com/sun/tools/javac/code/Lint$LintCategory IDENTITY Lcom/sun/tools/javac/code/Lint$LintCategory; com/sun/tools/javac/code/Lint$LintCategory
staticfield com/sun/tools/javac/code/Lint$LintCategory INCUBATING Lcom/sun/tools/javac/code/Lint$LintCategory; com/sun/tools/javac/code/Lint$LintCategory
staticfield com/sun/tools/javac/code/Lint$LintCategory LOSSY_CONVERSIONS Lcom/sun/tools/javac/code/Lint$LintCategory; com/sun/tools/javac/code/Lint$LintCategory
staticfield com/sun/tools/javac/code/Lint$LintCategory MISSING_EXPLICIT_CTOR Lcom/sun/tools/javac/code/Lint$LintCategory; com/sun/tools/javac/code/Lint$LintCategory
staticfield com/sun/tools/javac/code/Lint$LintCategory MODULE Lcom/sun/tools/javac/code/Lint$LintCategory; com/sun/tools/javac/code/Lint$LintCategory
staticfield com/sun/tools/javac/code/Lint$LintCategory OPENS Lcom/sun/tools/javac/code/Lint$LintCategory; com/sun/tools/javac/code/Lint$LintCategory
staticfield com/sun/tools/javac/code/Lint$LintCategory OPTIONS Lcom/sun/tools/javac/code/Lint$LintCategory; com/sun/tools/javac/code/Lint$LintCategory
staticfield com/sun/tools/javac/code/Lint$LintCategory OUTPUT_FILE_CLASH Lcom/sun/tools/javac/code/Lint$LintCategory; com/sun/tools/javac/code/Lint$LintCategory
staticfield com/sun/tools/javac/code/Lint$LintCategory OVERLOADS Lcom/sun/tools/javac/code/Lint$LintCategory; com/sun/tools/javac/code/Lint$LintCategory
staticfield com/sun/tools/javac/code/Lint$LintCategory OVERRIDES Lcom/sun/tools/javac/code/Lint$LintCategory; com/sun/tools/javac/code/Lint$LintCategory
staticfield com/sun/tools/javac/code/Lint$LintCategory PATH Lcom/sun/tools/javac/code/Lint$LintCategory; com/sun/tools/javac/code/Lint$LintCategory
staticfield com/sun/tools/javac/code/Lint$LintCategory PROCESSING Lcom/sun/tools/javac/code/Lint$LintCategory; com/sun/tools/javac/code/Lint$LintCategory
staticfield com/sun/tools/javac/code/Lint$LintCategory RAW Lcom/sun/tools/javac/code/Lint$LintCategory; com/sun/tools/javac/code/Lint$LintCategory
staticfield com/sun/tools/javac/code/Lint$LintCategory REMOVAL Lcom/sun/tools/javac/code/Lint$LintCategory; com/sun/tools/javac/code/Lint$LintCategory
staticfield com/sun/tools/javac/code/Lint$LintCategory REQUIRES_AUTOMATIC Lcom/sun/tools/javac/code/Lint$LintCategory; com/sun/tools/javac/code/Lint$LintCategory
staticfield com/sun/tools/javac/code/Lint$LintCategory REQUIRES_TRANSITIVE_AUTOMATIC Lcom/sun/tools/javac/code/Lint$LintCategory; com/sun/tools/javac/code/Lint$LintCategory
staticfield com/sun/tools/javac/code/Lint$LintCategory SERIAL Lcom/sun/tools/javac/code/Lint$LintCategory; com/sun/tools/javac/code/Lint$LintCategory
staticfield com/sun/tools/javac/code/Lint$LintCategory STATIC Lcom/sun/tools/javac/code/Lint$LintCategory; com/sun/tools/javac/code/Lint$LintCategory
staticfield com/sun/tools/javac/code/Lint$LintCategory STRICTFP Lcom/sun/tools/javac/code/Lint$LintCategory; com/sun/tools/javac/code/Lint$LintCategory
staticfield com/sun/tools/javac/code/Lint$LintCategory TEXT_BLOCKS Lcom/sun/tools/javac/code/Lint$LintCategory; com/sun/tools/javac/code/Lint$LintCategory
staticfield com/sun/tools/javac/code/Lint$LintCategory THIS_ESCAPE Lcom/sun/tools/javac/code/Lint$LintCategory; com/sun/tools/javac/code/Lint$LintCategory
staticfield com/sun/tools/javac/code/Lint$LintCategory TRY Lcom/sun/tools/javac/code/Lint$LintCategory; com/sun/tools/javac/code/Lint$LintCategory
staticfield com/sun/tools/javac/code/Lint$LintCategory UNCHECKED Lcom/sun/tools/javac/code/Lint$LintCategory; com/sun/tools/javac/code/Lint$LintCategory
staticfield com/sun/tools/javac/code/Lint$LintCategory VARARGS Lcom/sun/tools/javac/code/Lint$LintCategory; com/sun/tools/javac/code/Lint$LintCategory
staticfield com/sun/tools/javac/code/Lint$LintCategory PREVIEW Lcom/sun/tools/javac/code/Lint$LintCategory; com/sun/tools/javac/code/Lint$LintCategory
staticfield com/sun/tools/javac/code/Lint$LintCategory RESTRICTED Lcom/sun/tools/javac/code/Lint$LintCategory; com/sun/tools/javac/code/Lint$LintCategory
staticfield com/sun/tools/javac/code/Lint$LintCategory $VALUES [Lcom/sun/tools/javac/code/Lint$LintCategory; 37 [Lcom/sun/tools/javac/code/Lint$LintCategory;
ciInstanceKlass com/sun/tools/javac/util/JCDiagnostic$Factory 1 1 339 9 7 12 1 1 1 10 7 12 1 1 1 10 12 1 1 10 7 12 1 1 1 8 1 10 12 1 10 12 1 1 10 7 12 1 1 18 12 1 1 10 12 1 1 8 1 10 12 1 1 9 12 1 1 9 7 12 1 1 1 11 100 12 1 1 1 10 7 12 1 1 9 12 1 1 7 1 10 12 1 9 12 1 1 9 12 1 10 7 12 1 1 1 10 12 1 1 10 12 1 1 10 12 1 1 10 12 1 1 10 7 12 1 1 1 10 12 1 1 10 12 1 1 10 12 1 10 12 1 1 10 12 1 1 10 12 1 1 10 12 1 1 10 12 1 1 10 12 1 1 10 100 12 1 1 10 12 1 10 12 1 10 12 1 1 10 12 1 10 12 1 100 1 9 12 1 1 9 12 1 1 9 9 12 1 9 12 1 1 11 100 12 1 1 18 12 1 1 11 12 1 1 11 12 1 1 9 100 12 1 1 100 1 9 12 1 100 1 9 12 1 100 1 9 12 1 100 1 7 1 10 1 1 1 1 1 1 1 1 1 1 1 1 1 1 1 1 1 1 1 1 1 1 1 1 1 1 1 1 1 1 1 1 1 1 1 1 1 1 1 1 1 1 1 1 1 1 1 1 1 1 1 1 1 1 1 100 1 1 1 1 1 1 1 1 1 1 1 1 16 1 15 10 12 16 16 15 10 12 15 10 7 12 1 1 1 1 1 1 1 1 100 1 1 1 100 1 1 1 1 1 1 1 100 1 100 1 1
staticfield com/sun/tools/javac/util/JCDiagnostic$Factory diagnosticFactoryKey Lcom/sun/tools/javac/util/Context$Key; com/sun/tools/javac/util/Context$Key
ciInstanceKlass com/sun/tools/javac/util/JCDiagnostic$Fragment 1 1 35 9 7 12 1 1 1 10 7 12 1 1 1 100 1 1 1 1 1 1 1 1 1 1 1 1 1 1 1 7 1 1 1 1 1
instanceKlass com/sun/tools/javac/util/List$1
ciInstanceKlass com/sun/tools/javac/util/List 1 1 443 10 7 12 1 1 1 9 7 12 1 1 1 9 12 1 1 9 12 1 10 7 12 1 1 1 10 12 1 1 10 12 1 1 11 7 12 1 1 1 11 12 1 1 10 7 12 1 1 1 10 12 1 1 10 12 1 7 1 10 10 12 1 10 12 1 1 10 12 1 10 12 1 10 12 1 10 12 1 10 12 1 1 11 7 1 10 12 1 1 10 12 1 10 12 1 1 10 12 1 10 12 1 1 10 12 1 10 12 1 10 12 1 1 10 100 12 1 1 10 12 1 10 100 12 1 1 1 100 1 10 12 1 1 8 1 100 1 10 10 12 1 10 12 1 10 12 1 1 8 1 10 12 1 10 12 1 10 12 1 100 1 11 11 100 12 1 1 10 12 1 10 7 12 1 1 7 1 10 12 1 100 1 10 100 12 1 1 1 10 12 1 8 1 10 12 1 8 1 11 100 1 100 1 10 100 1 10 12 1 10 100 12 1 1 1 11 12 1 1 11 12 1 100 1 10 10 12 1 10 12 1 18 12 1 1 18 12 1 1 18 12 1 18 12 1 7 1 11 7 12 1 1 10 12 1 1 7 1 10 1 1 1 1 1 1 1 1 1 1 1 1 1 1 1 1 1 1 1 1 1 1 1 1 1 1 1 1 1 1 1 1 1 1 1 1 1 1 1 1 1 1 1 1 1 1 1 1 1 1 1 1 1 1 1 1 1 1 1 1 1 1 1 1 1 1 1 1 1 1 1 1 1 1 1 1 1 1 1 1 1 1 1 1 1 1 1 1 1 1 1 1 1 1 1 1 1 1 1 1 1 1 1 1 1 1 1 1 1 1 1 1 1 1 1 1 1 1 1 1 1 1 1 1 1 1 1 1 1 1 1 1 1 1 1 1 1 1 1 1 1 1 1 1 1 1 1 1 1 1 16 15 16 1 16 1 15 10 16 1 16 1 15 10 12 16 16 15 16 15 10 7 12 1 1 1 1 1 100 1 100 1 1
staticfield com/sun/tools/javac/util/List EMPTY_LIST Lcom/sun/tools/javac/util/List; com/sun/tools/javac/util/List$1
ciInstanceKlass com/sun/tools/javac/util/List$1 1 1 36 10 7 12 1 1 1 100 1 10 12 1 100 1 1 1 1 1 1 1 1 1 1 1 1 1 1 1 1 1 1 1 1 1 1 1
ciInstanceKlass com/sun/tools/javac/jvm/PoolConstant 1 1 38 100 1 100 1 1 1 1 1 1 1 1 1 1 1 1 1 1 1 100 1 100 1 100 1 100 1 100 1 100 1 1 1 1 1 1 1 1
instanceKlass com/sun/tools/javac/code/Type
instanceKlass com/sun/tools/javac/code/Symbol
ciInstanceKlass com/sun/tools/javac/code/AnnoConstruct 1 1 251 10 7 12 1 1 1 10 100 12 1 1 1 10 100 12 1 1 1 10 100 12 1 1 1 11 100 12 1 1 1 11 12 1 1 100 1 9 12 1 1 9 100 12 1 1 1 10 100 12 1 1 1 10 100 12 1 1 10 100 12 1 1 1 10 100 12 1 1 1 100 1 10 12 1 100 1 100 1 10 8 1 10 12 1 1 10 12 1 10 10 12 1 10 12 1 1 10 12 1 1 10 12 1 1 100 1 10 12 1 1 10 12 1 1 10 12 1 1 10 100 12 1 1 1 10 12 1 1 100 1 10 10 12 1 10 12 1 1 10 12 1 1 100 1 10 12 1 1 100 1 10 11 12 1 1 9 12 1 1 9 12 1 1 9 100 12 1 1 1 9 100 12 1 10 12 1 1 100 1 9 12 1 1 100 1 1 1 1 1 1 1 1 1 1 1 1 1 1 1 1 1 1 1 1 1 1 1 1 1 1 1 1 1 1 1 1 1 1 1 1 1 1 1 100 1 1 1 1 1 1 1 1 100 1 1 1 1 1 1 1 1 1 100 1 1 100 1 1 1 1
instanceKlass com/sun/tools/javac/comp/Resolve$ResolveError
instanceKlass com/sun/tools/javac/main/JavaCompiler$1
instanceKlass com/sun/tools/javac/code/Symbol$VarSymbol
instanceKlass com/sun/tools/javac/code/Symbol$MethodSymbol
instanceKlass com/sun/tools/javac/code/Symbol$TypeSymbol
ciInstanceKlass com/sun/tools/javac/code/Symbol 1 1 689 100 1 9 7 12 1 1 1 9 12 1 1 10 7 12 1 1 1 10 7 12 1 1 10 12 1 10 12 1 10 12 1 1 11 7 12 1 1 1 11 12 1 1 100 1 9 12 1 1 9 7 12 1 1 1 10 12 1 10 12 1 10 12 1 1 10 12 1 1 10 12 1 10 12 1 10 12 1 10 12 1 10 12 1 10 12 1 1 10 12 1 10 12 1 10 12 1 9 12 1 1 11 7 12 1 1 10 12 1 10 12 1 10 12 1 1 10 12 1 10 12 1 1 10 12 1 10 7 12 1 1 9 12 1 1 9 9 12 1 1 9 12 1 9 12 1 9 12 1 1 100 1 8 1 10 12 1 10 11 100 12 1 1 1 10 7 12 1 1 1 10 10 12 1 1 5 0 9 7 12 1 1 9 12 1 10 12 1 1 9 7 12 1 1 1 10 12 1 1 10 100 12 1 1 1 10 12 1 1 10 12 1 9 12 1 1 9 7 12 1 1 1 9 7 12 1 1 10 12 1 10 12 1 1 10 7 1 100 1 10 12 1 10 12 1 10 12 1 1 10 12 1 10 12 1 5 0 5 0 5 0 5 0 9 100 12 1 1 1 10 12 1 1 10 100 12 1 1 1 5 0 5 0 9 12 1 9 12 1 5 0 5 0 5 0 5 0 5 0 5 0 5 0 5 0 9 7 12 1 1 1 10 12 1 1 10 12 1 10 12 1 1 10 12 1 5 0 5 0 10 100 1 10 12 1 10 10 100 12 1 1 1 9 10 9 12 7 1 100 1 10 8 1 10 12 1 10 12 1 10 10 12 1 1 10 12 1 10 12 1 1 10 12 1 1 8 1 10 12 1 10 12 1 1 10 100 12 1 1 1 11 100 1 10 12 1 1 10 12 1 1 10 12 1 10 12 1 1 9 12 1 10 12 1 10 12 1 5 0 10 12 1 11 12 1 10 12 100 1 9 12 1 1 10 100 12 1 1 1 9 12 1 1 10 12 1 10 12 1 1 7 1 10 10 12 1 10 9 12 1 100 1 10 12 1 10 12 1 10 12 1 10 12 1 10 12 1 10 12 1 100 1 100 1 1 1 1 1 1 1 1 1 1 1 1 1 1 1 1 1 1 1 1 1 1 1 1 1 1 1 1 1 1 1 1 1 1 1 1 1 1 1 1 1 1 1 1 1 1 1 1 1 1 1 1 1 1 1 1 1 1 1 1 1 1 1 1 1 1 1 1 1 1 1 1 1 1 1 1 1 1 1 1 1 1 1 1 1 1 1 1 1 1 1 1 1 1 1 1 1 1 1 1 1 1 1 1 1 1 1 1 1 1 1 1 1 1 1 1 1 1 1 1 100 1 100 1 100 1 100 1 100 1 100 1 100 1 100 1 100 1 100 1 100 1 100 1 100 1 100 1 100 1 100 1 100 1 100 1 100 1 1 100 1 1 1 1 100 1 1 1 1 1 1 1 1 100 1 1 1 1 1 1 1 1 1 1 1 1 1 1 1 1 1 1 100 1 1 1 1 1 100 1 8 1 12 10 1
instanceKlass com/sun/tools/javac/code/Symbol$TypeVariableSymbol
instanceKlass com/sun/tools/javac/code/Symtab$6
instanceKlass com/sun/tools/javac/code/Symbol$ModuleSymbol
instanceKlass com/sun/tools/javac/code/Symbol$PackageSymbol
instanceKlass com/sun/tools/javac/code/Symbol$ClassSymbol
ciInstanceKlass com/sun/tools/javac/code/Symbol$TypeSymbol 1 1 260 100 1 10 7 12 1 1 1 9 12 1 1 9 7 12 1 1 9 7 12 1 1 1 10 12 1 1 9 12 1 9 12 1 1 9 7 12 1 1 1 10 7 12 1 1 1 10 12 1 1 9 7 12 1 1 1 9 7 12 1 1 1 9 7 12 1 1 1 10 12 1 1 10 12 1 9 7 1 10 12 1 1 9 12 1 10 7 12 1 1 1 10 10 12 1 1 10 12 1 1 10 7 12 1 1 1 9 10 12 1 1 10 12 1 1 9 7 12 1 1 1 10 7 12 1 1 1 11 7 12 1 1 1 11 7 12 1 1 1 11 12 1 1 10 10 12 1 1 5 0 9 12 1 1 10 12 1 1 8 1 10 100 12 1 1 1 11 100 12 1 1 1 10 12 1 10 12 1 10 12 1 1 10 12 1 10 12 1 1 1 1 1 1 1 1 1 1 1 1 1 1 1 1 1 1 1 1 1 1 1 1 1 1 1 1 1 1 1 1 1 1 1 1 1 1 1 1 1 1 1 1 1 1 1 1 100 1 1 1 1 1 100 1 1 1 1 100 1 100 1 1 1 100 1 8 1 12 10 1
instanceKlass lombok/javac/Javac$JCNoType
instanceKlass com/sun/tools/javac/comp/DeferredAttr$DeferredType
instanceKlass com/sun/tools/javac/code/Type$BottomType
instanceKlass com/sun/tools/javac/code/Type$PackageType
instanceKlass com/sun/tools/javac/code/Type$JCVoidType
instanceKlass com/sun/tools/javac/code/Type$JCPrimitiveType
instanceKlass com/sun/tools/javac/jvm/ClassReader$ProxyType
instanceKlass com/sun/tools/javac/code/Type$MethodType
instanceKlass com/sun/tools/javac/code/Type$JCNoType
instanceKlass com/sun/tools/javac/code/Type$ArrayType
instanceKlass com/sun/tools/javac/code/Type$ModuleType
instanceKlass com/sun/tools/javac/code/Type$DelegatedType
instanceKlass com/sun/tools/javac/code/Type$ClassType
instanceKlass com/sun/tools/javac/code/Type$WildcardType
instanceKlass com/sun/tools/javac/code/Type$TypeVar
ciInstanceKlass com/sun/tools/javac/code/Type 1 1 625 100 1 100 1 8 1 10 12 1 1 100 1 10 12 1 10 7 12 1 1 1 7 1 18 12 1 1 10 12 1 1 100 1 10 12 1 10 7 12 1 1 1 11 7 12 1 1 1 11 12 1 1 10 12 1 1 10 12 1 1 10 12 1 1 11 7 12 1 1 1 10 7 1 10 7 12 1 1 1 9 12 1 1 9 12 1 1 10 100 12 1 1 10 10 12 1 10 12 1 100 1 10 8 1 10 12 1 10 12 1 10 12 1 1 11 7 12 1 1 7 1 11 12 1 1 11 12 11 10 12 1 10 12 1 1 10 12 1 1 10 12 1 1 10 12 1 11 10 12 1 9 12 1 10 12 1 1 100 1 10 10 12 1 1 10 12 1 18 10 12 1 9 12 1 1 10 12 1 9 12 1 10 12 1 1 10 12 1 8 1 10 12 1 10 12 1 10 12 1 1 10 12 1 9 7 12 1 1 1 8 1 10 100 1 9 12 1 1 9 100 12 1 1 1 10 12 1 1 10 12 1 1 10 12 1 8 1 10 8 1 10 12 1 10 7 1 10 12 1 10 12 1 1 10 10 12 1 10 10 12 1 9 12 1 100 1 9 12 1 1 8 1 10 12 1 10 12 1 1 5 0 5 0 9 12 1 1 5 0 10 12 1 1 10 12 1 10 12 1 1 11 100 12 1 1 9 100 12 1 1 1 7 1 10 9 12 1 1 7 1 10 9 12 1 7 1 10 9 12 1 7 1 10 100 1 100 1 1 1 1 1 1 1 1 1 1 1 1 1 1 1 1 1 1 1 1 1 1 1 1 1 1 1 1 1 1 1 1 1 1 1 1 1 1 1 1 1 1 1 1 1 1 1 1 1 1 1 1 1 1 1 1 1 1 1 1 1 1 1 1 1 1 1 1 1 1 1 1 1 1 1 1 1 1 1 1 1 1 1 1 1 1 1 1 1 1 1 1 1 1 1 1 1 1 1 1 1 1 1 1 1 1 1 1 1 1 1 1 1 1 1 1 1 1 1 1 1 1 1 1 1 1 1 1 1 1 1 1 1 1 1 1 1 1 1 1 1 1 1 1 1 100 1 100 1 100 1 100 1 100 1 100 1 100 1 100 1 100 1 100 1 100 1 100 1 100 1 100 1 100 1 100 1 100 1 100 1 100 1 100 1 100 1 100 1 100 1 100 1 100 1 100 1 100 1 100 1 100 1 100 1 100 1 100 1 100 1 100 1 100 1 100 1 100 1 100 1 100 1 1 16 15 10 12 1 16 1 15 10 12 1 16 1 15 10 7 12 1 1 1 1 100 1 1 1 1 100 1 1 1 1 1 1 1 1 1 1 1 1 1 1 1 1 1 1 1 1 1 1 1 1 100 1 100 1 1 1 1 1 100 1 100 1 1
staticfield com/sun/tools/javac/code/Type noType Lcom/sun/tools/javac/code/Type$JCNoType; com/sun/tools/javac/code/Type$1
staticfield com/sun/tools/javac/code/Type recoveryType Lcom/sun/tools/javac/code/Type$JCNoType; com/sun/tools/javac/code/Type$2
staticfield com/sun/tools/javac/code/Type stuckType Lcom/sun/tools/javac/code/Type$JCNoType; com/sun/tools/javac/code/Type$3
staticfield com/sun/tools/javac/code/Type stripMetadata Lcom/sun/tools/javac/code/Types$TypeMapping; com/sun/tools/javac/code/Type$4
instanceKlass com/sun/tools/javac/code/Type$TypeVar$1
instanceKlass com/sun/tools/javac/code/Type$CapturedType
ciInstanceKlass com/sun/tools/javac/code/Type$TypeVar 1 1 156 10 7 12 1 1 1 10 7 12 1 1 1 9 7 12 1 1 1 9 12 1 1 10 7 12 1 1 1 7 1 10 12 1 9 12 1 1 10 12 1 1 9 12 1 10 12 1 100 1 10 12 1 1 10 12 1 9 7 12 1 1 1 11 100 12 1 1 1 9 100 12 1 1 11 100 12 1 1 1 10 12 1 1 10 12 1 10 12 1 10 12 1 1 100 1 1 1 1 1 1 1 1 1 1 1 1 1 1 1 1 1 1 1 1 1 1 1 1 1 1 1 1 1 1 1 1 1 1 1 1 1 1 1 1 1 1 1 1 1 1 1 1 1 1 1 1 1 100 1 100 1 1 1 1 1
ciInstanceKlass javax/lang/model/AnnotatedConstruct 1 0 17 100 1 100 1 1 1 1 1 1 1 1 1 1 1 1 1
ciInstanceKlass javax/lang/model/element/Element 1 0 39 100 1 100 1 100 1 1 1 1 1 1 1 1 1 1 1 1 1 1 1 1 1 1 1 1 1 1 1 1 1 1 1 1 1 1 1 1 1
ciInstanceKlass javax/lang/model/type/TypeMirror 1 0 30 100 1 100 1 100 1 1 1 1 1 1 1 1 1 1 1 1 1 1 1 1 1 1 1 1 1 1 1 1
ciInstanceKlass javax/lang/model/type/ReferenceType 1 0 9 100 1 100 1 100 1 1 1
ciInstanceKlass javax/lang/model/element/Parameterizable 1 0 13 100 1 100 1 100 1 1 1 1 1 1 1
ciInstanceKlass javax/lang/model/type/DeclaredType 1 0 17 100 1 100 1 100 1 1 1 1 1 1 1 1 1 1 1
ciInstanceKlass javax/lang/model/type/ErrorType 1 0 9 100 1 100 1 100 1 1 1
ciInstanceKlass javax/lang/model/type/NoType 1 0 9 100 1 100 1 100 1 1 1
ciInstanceKlass com/sun/tools/javac/jvm/PoolConstant$LoadableConstant 1 0 74 100 1 100 1 10 100 12 1 1 1 10 12 1 1 10 100 12 1 1 10 100 12 1 1 10 100 12 1 1 100 1 100 1 100 1 1 1 1 1 1 1 1 1 1 1 1 1 1 1 1 1 1 1 1 1 1 1 1 1 1 1 1 1 1 1 100 1 8 1 12 10 1 1
instanceKlass com/sun/tools/javac/api/JavacTrees$4
instanceKlass com/sun/tools/javac/code/Type$ErasedClassType
instanceKlass com/sun/tools/javac/code/Type$ClassType$1
instanceKlass com/sun/tools/javac/code/Type$StructuralTypeMapping$1
instanceKlass com/sun/tools/javac/code/Type$UnionClassType
instanceKlass com/sun/tools/javac/code/Type$IntersectionClassType
instanceKlass com/sun/tools/javac/jvm/ClassReader$1
instanceKlass com/sun/tools/javac/code/Type$ErrorType
ciInstanceKlass com/sun/tools/javac/code/Type$ClassType 1 1 389 100 1 10 7 12 1 1 1 10 7 12 1 1 1 10 7 12 1 1 9 12 1 1 9 12 1 1 9 12 1 1 9 12 1 9 12 1 9 12 1 100 1 7 1 9 12 1 1 10 12 1 9 7 12 1 1 1 11 7 12 1 1 1 7 1 10 12 1 10 12 1 1 100 1 10 12 1 10 12 1 1 10 12 1 1 9 7 12 1 1 1 9 100 12 1 1 1 9 7 12 1 1 10 12 1 1 10 12 1 1 8 1 10 12 1 1 10 12 1 1 10 12 1 1 10 12 1 1 10 100 12 1 1 10 12 1 100 1 10 9 12 1 1 10 12 1 1 9 10 12 1 1 11 100 12 1 1 11 12 1 1 100 1 10 12 1 9 10 12 1 10 12 1 10 12 1 10 8 1 10 10 12 1 10 12 1 1 5 0 10 12 1 8 1 9 12 1 1 9 12 1 9 12 1 8 1 100 1 10 100 12 1 1 1 9 12 1 1 10 12 1 1 10 100 12 1 1 1 10 12 1 10 12 1 1 10 10 12 1 10 12 1 10 12 1 10 12 1 1 10 12 1 10 12 1 10 10 10 12 1 1 10 12 1 10 12 1 10 12 1 10 12 1 10 10 9 9 7 12 1 1 1 9 12 1 11 100 12 1 1 1 10 12 1 1 10 12 1 10 12 1 1 100 1 100 1 100 1 1 1 1 1 1 1 1 1 1 1 1 1 1 1 1 1 1 1 1 1 1 1 1 1 1 1 1 1 1 1 1 1 1 1 1 1 1 1 1 1 1 1 1 1 1 1 1 1 1 1 1 1 1 1 1 1 1 1 1 1 1 1 1 1 1 1 1 1 1 1 100 1 1 100 1 1 1 100 1 1
instanceKlass com/sun/tools/javac/util/JCDiagnostic$MultilineDiagnostic
ciInstanceKlass com/sun/tools/javac/util/JCDiagnostic 0 0 333 100 1 10 12 1 1 9 100 12 1 1 1 8 1 10 100 12 1 1 1 100 1 10 100 12 1 1 1 10 12 1 1 9 12 1 1 100 1 10 100 12 1 1 1 10 12 1 10 12 1 10 100 12 1 1 11 100 12 1 1 1 100 1 100 1 10 9 12 1 9 12 1 1 9 12 1 1 9 12 1 1 9 12 1 1 9 12 1 1 9 12 1 10 100 12 1 1 1 9 12 1 1 11 100 12 1 1 1 10 12 1 1 100 1 9 12 1 1 10 100 12 1 1 1 11 12 1 10 12 1 1 11 12 1 1 10 12 1 10 12 1 10 12 1 9 12 1 1 100 1 10 12 1 10 12 1 10 12 1 9 12 1 1 10 12 1 1 10 100 12 1 1 1 11 100 12 1 1 1 11 12 1 10 12 1 9 100 12 1 1 1 9 12 1 9 12 1 9 12 1 9 12 1 10 12 1 1 11 12 1 11 12 1 9 12 10 9 12 1 11 12 1 11 100 12 1 1 1 10 12 1 100 1 1 1 1 1 1 1 1 1 1 1 1 1 1 1 1 1 1 1 1 1 1 1 1 1 1 1 1 1 1 1 1 1 100 1 1 1 1 1 1 1 1 1 1 1 1 1 1 1 1 1 1 1 1 1 1 1 1 1 1 1 1 1 1 1 100 1 100 1 100 1 100 1 100 1 100 1 100 1 100 1 1 1 1 100 1 1 1 1 1 1 1 1 1 1 1 1 1 1 1
ciInstanceKlass com/sun/tools/javac/resources/CompilerProperties$Fragments 1 1 1454 10 7 12 1 1 1 7 1 8 1 8 1 10 12 1 8 1 8 1 8 1 10 100 12 1 1 1 8 1 8 1 8 1 8 1 8 1 8 1 8 1 8 1 8 1 8 1 8 1 8 1 8 1 8 1 8 1 8 1 8 1 8 1 8 1 8 1 8 1 8 1 8 1 8 1 8 1 8 1 8 1 8 1 8 1 8 1 8 1 8 1 8 1 8 1 8 1 8 1 8 1 8 1 8 1 8 1 8 1 8 1 8 1 8 1 8 1 8 1 8 1 8 1 8 1 8 1 8 1 8 1 8 1 8 1 8 1 8 1 8 1 8 1 8 1 8 1 8 1 8 1 8 1 8 1 8 1 8 1 8 1 8 1 8 1 8 1 8 1 8 1 8 1 8 1 8 1 8 1 8 1 8 1 8 1 8 1 8 1 8 1 8 1 8 1 8 1 8 1 8 1 8 1 8 1 8 1 8 1 8 1 8 1 8 1 8 1 8 1 8 1 8 1 8 1 8 1 8 1 8 1 8 1 8 1 8 1 8 1 8 1 8 1 8 1 8 1 8 1 8 1 8 1 8 1 8 1 8 1 8 1 8 1 8 1 8 1 8 1 8 1 8 1 8 1 8 1 8 1 8 1 8 1 8 1 8 1 8 1 8 1 8 1 8 1 8 1 8 1 8 1 8 1 8 1 8 1 8 1 8 1 8 1 8 1 8 1 8 1 8 1 8 1 8 1 8 1 8 1 8 1 8 1 8 1 8 1 8 1 8 1 8 1 8 1 8 1 8 1 8 1 8 1 8 1 8 1 8 1 8 1 8 1 8 1 8 1 10 100 12 1 1 8 1 8 1 9 7 12 1 1 1 8 1 9 12 1 8 1 9 12 1 8 1 9 12 1 8 1 9 12 1 8 1 9 12 1 8 1 9 12 1 8 1 9 12 1 8 1 9 12 1 8 1 9 12 1 8 1 9 12 1 8 1 9 12 1 8 1 9 12 1 8 1 9 12 1 8 1 9 12 1 8 1 9 12 1 8 1 9 12 1 8 1 9 12 1 8 1 9 12 1 8 1 9 12 1 8 1 9 12 1 8 1 9 12 1 8 1 9 12 1 8 1 9 12 1 8 1 9 12 1 8 1 9 12 1 8 1 9 12 1 8 1 9 12 1 8 1 9 12 1 8 1 9 12 1 8 1 9 12 1 8 1 9 12 1 8 1 9 12 1 8 1 9 12 1 8 1 9 12 1 8 1 9 12 1 8 1 9 12 1 8 1 9 12 1 8 1 9 12 1 8 1 9 12 1 8 1 9 12 1 8 1 9 12 1 8 1 9 12 1 8 1 9 12 1 8 1 9 12 1 8 1 9 12 1 8 1 9 12 1 8 1 9 12 1 8 1 9 12 1 8 1 9 12 1 8 1 9 12 1 8 1 9 12 1 8 1 9 12 1 8 1 9 12 1 8 1 9 12 1 8 1 9 12 1 8 1 9 12 1 8 1 9 12 1 8 1 9 12 1 8 1 9 12 1 8 1 9 12 1 8 1 9 12 1 8 1 9 12 1 8 1 9 12 1 8 1 9 12 1 8 1 9 12 1 8 1 9 12 1 8 1 9 12 1 8 1 9 12 1 8 1 9 12 1 8 1 9 12 1 8 1 9 12 1 8 1 9 12 1 8 1 9 12 1 8 1 9 12 1 8 1 9 12 1 8 1 9 12 1 8 1 9 12 1 8 1 9 12 1 8 1 9 12 1 8 1 9 12 1 8 1 9 12 1 8 1 9 12 1 8 1 9 12 1 8 1 9 12 1 8 1 9 12 1 8 1 9 12 1 8 1 9 12 1 8 1 9 12 1 8 1 9 12 1 8 1 9 12 1 8 1 9 12 1 8 1 9 12 1 8 1 9 12 1 8 1 9 12 1 8 1 9 12 1 8 1 9 12 1 8 1 9 12 1 8 1 9 12 1 8 1 9 12 1 8 1 9 12 1 8 1 9 12 1 8 1 9 12 1 8 1 9 12 1 8 1 9 12 1 8 1 9 12 1 8 1 9 12 1 8 1 9 12 1 8 1 9 12 1 8 1 9 12 1 8 1 9 12 1 8 1 9 12 1 8 1 9 12 1 8 1 9 12 1 8 1 9 12 1 8 1 9 12 1 8 1 9 12 1 8 1 9 12 1 8 1 9 12 1 8 1 9 12 1 8 1 9 12 1 8 1 9 12 1 8 1 9 12 1 8 1 9 12 1 8 1 9 12 1 8 1 9 12 1 8 1 9 12 1 8 1 9 12 1 8 1 9 12 1 8 1 9 12 1 8 1 9 12 1 8 1 9 12 1 8 1 9 12 1 8 1 9 12 1 1 1 1 1 1 1 1 1 1 1 1 1 1 1 1 1 1 1 1 1 1 1 1 1 1 1 1 1 1 1 1 1 1 1 1 1 1 1 1 1 1 1 1 1 1 1 1 1 1 1 1 1 1 1 1 1 1 1 1 1 1 1 1 1 1 1 1 1 1 1 1 1 1 1 1 1 1 1 1 1 1 1 1 1 1 1 1 1 1 1 1 1 1 1 1 1 1 1 1 1 1 1 1 1 1 1 1 1 1 1 1 1 1 1 1 1 1 1 1 1 1 1 1 1 1 1 1 1 1 1 1 1 1 1 1 1 1 1 1 1 1 1 1 1 1 1 1 1 1 1 1 1 1 1 1 1 1 1 1 1 1 1 1 1 1 1 1 1 1 1 1 1 1 1 1 1 1 1 1 1 1 1 1 1 1 1 1 1 1 1 1 1 1 1 1 1 1 1 1 1 1 1 1 1 1 1 1 1 1 1 1 1 1 1 1 1 1 1 1 1 1 1 1 1 1 1 1 1 1 1 1 1 1 1 1 1 1 1 1 1 1 1 1 1 1 1 1 1 1 1 1 1 1 1 1 1 1 1 1 1 1 1 1 1 1 1 1 1 1 1 1 1 1 1 1 1 1 1 1 1 1 1 1 1 1 1 1 1 1 1 1 1 1 1 1 1 1 1 1 1 1 1 1 1 1 1 1 1 1 1 1 1 1 1 1 1 1 1 1 1 1 1 1 1 1 1 1 1 1 1 1 1 1 1 1 1 1 1 1 1 1 1 1 1 1 1 1 1 1 1 1 1 1 1 1 1 1 1 1 1 1 1 1 1 1 1 1 1 1 1 1 1 1 1 1 1 1 1 1 1 1 100 1 1 100 1 1 1 100 1 100 1 1 100 1 100 1 1 100 1 1 100 1 100 1 1
staticfield com/sun/tools/javac/resources/CompilerProperties$Fragments AccessorMethodCantThrowException Lcom/sun/tools/javac/util/JCDiagnostic$Fragment; com/sun/tools/javac/util/JCDiagnostic$Fragment
staticfield com/sun/tools/javac/resources/CompilerProperties$Fragments AccessorMethodMustNotBeGeneric Lcom/sun/tools/javac/util/JCDiagnostic$Fragment; com/sun/tools/javac/util/JCDiagnostic$Fragment
staticfield com/sun/tools/javac/resources/CompilerProperties$Fragments AccessorMethodMustNotBeStatic Lcom/sun/tools/javac/util/JCDiagnostic$Fragment; com/sun/tools/javac/util/JCDiagnostic$Fragment
staticfield com/sun/tools/javac/resources/CompilerProperties$Fragments Anonymous Lcom/sun/tools/javac/util/JCDiagnostic$Fragment; com/sun/tools/javac/util/JCDiagnostic$Fragment
staticfield com/sun/tools/javac/resources/CompilerProperties$Fragments ArgLengthMismatch Lcom/sun/tools/javac/util/JCDiagnostic$Fragment; com/sun/tools/javac/util/JCDiagnostic$Fragment
staticfield com/sun/tools/javac/resources/CompilerProperties$Fragments BadClassSignature Lcom/sun/tools/javac/util/JCDiagnostic$Fragment; com/sun/tools/javac/util/JCDiagnostic$Fragment
staticfield com/sun/tools/javac/resources/CompilerProperties$Fragments BadConstPoolTag Lcom/sun/tools/javac/util/JCDiagnostic$Fragment; com/sun/tools/javac/util/JCDiagnostic$Fragment
staticfield com/sun/tools/javac/resources/CompilerProperties$Fragments BadConstPoolTagAt Lcom/sun/tools/javac/util/JCDiagnostic$Fragment; com/sun/tools/javac/util/JCDiagnostic$Fragment
staticfield com/sun/tools/javac/resources/CompilerProperties$Fragments BadEnclosingClass Lcom/sun/tools/javac/util/JCDiagnostic$Fragment; com/sun/tools/javac/util/JCDiagnostic$Fragment
staticfield com/sun/tools/javac/resources/CompilerProperties$Fragments BadModuleInfoName Lcom/sun/tools/javac/util/JCDiagnostic$Fragment; com/sun/tools/javac/util/JCDiagnostic$Fragment
staticfield com/sun/tools/javac/resources/CompilerProperties$Fragments BadRequiresFlag Lcom/sun/tools/javac/util/JCDiagnostic$Fragment; com/sun/tools/javac/util/JCDiagnostic$Fragment
staticfield com/sun/tools/javac/resources/CompilerProperties$Fragments BadSignature Lcom/sun/tools/javac/util/JCDiagnostic$Fragment; com/sun/tools/javac/util/JCDiagnostic$Fragment
staticfield com/sun/tools/javac/resources/CompilerProperties$Fragments BadTypeAnnotationValue Lcom/sun/tools/javac/util/JCDiagnostic$Fragment; com/sun/tools/javac/util/JCDiagnostic$Fragment
staticfield com/sun/tools/javac/resources/CompilerProperties$Fragments Bound Lcom/sun/tools/javac/util/JCDiagnostic$Fragment; com/sun/tools/javac/util/JCDiagnostic$Fragment
staticfield com/sun/tools/javac/resources/CompilerProperties$Fragments Canonical Lcom/sun/tools/javac/util/JCDiagnostic$Fragment; com/sun/tools/javac/util/JCDiagnostic$Fragment
staticfield com/sun/tools/javac/resources/CompilerProperties$Fragments CanonicalCantHaveReturnStatement Lcom/sun/tools/javac/util/JCDiagnostic$Fragment; com/sun/tools/javac/util/JCDiagnostic$Fragment
staticfield com/sun/tools/javac/resources/CompilerProperties$Fragments CanonicalMustNotContainExplicitConstructorInvocation Lcom/sun/tools/javac/util/JCDiagnostic$Fragment; com/sun/tools/javac/util/JCDiagnostic$Fragment
staticfield com/sun/tools/javac/resources/CompilerProperties$Fragments CanonicalMustNotDeclareTypeVariables Lcom/sun/tools/javac/util/JCDiagnostic$Fragment; com/sun/tools/javac/util/JCDiagnostic$Fragment
staticfield com/sun/tools/javac/resources/CompilerProperties$Fragments CanonicalWithNameMismatch Lcom/sun/tools/javac/util/JCDiagnostic$Fragment; com/sun/tools/javac/util/JCDiagnostic$Fragment
staticfield com/sun/tools/javac/resources/CompilerProperties$Fragments CantResolveModules Lcom/sun/tools/javac/util/JCDiagnostic$Fragment; com/sun/tools/javac/util/JCDiagnostic$Fragment
staticfield com/sun/tools/javac/resources/CompilerProperties$Fragments ClassFileWrongClass Lcom/sun/tools/javac/util/JCDiagnostic$Fragment; com/sun/tools/javac/util/JCDiagnostic$Fragment
staticfield com/sun/tools/javac/resources/CompilerProperties$Fragments Compact Lcom/sun/tools/javac/util/JCDiagnostic$Fragment; com/sun/tools/javac/util/JCDiagnostic$Fragment
staticfield com/sun/tools/javac/resources/CompilerProperties$Fragments ConditionalTargetCantBeVoid Lcom/sun/tools/javac/util/JCDiagnostic$Fragment; com/sun/tools/javac/util/JCDiagnostic$Fragment
staticfield com/sun/tools/javac/resources/CompilerProperties$Fragments DiamondAnonymousMethodsImplicitlyOverride Lcom/sun/tools/javac/util/JCDiagnostic$Fragment; com/sun/tools/javac/util/JCDiagnostic$Fragment
staticfield com/sun/tools/javac/resources/CompilerProperties$Fragments FatalErrCantClose Lcom/sun/tools/javac/util/JCDiagnostic$Fragment; com/sun/tools/javac/util/JCDiagnostic$Fragment
staticfield com/sun/tools/javac/resources/CompilerProperties$Fragments FeatureCaseNull Lcom/sun/tools/javac/util/JCDiagnostic$Fragment; com/sun/tools/javac/util/JCDiagnostic$Fragment
staticfield com/sun/tools/javac/resources/CompilerProperties$Fragments FeatureDeconstructionPatterns Lcom/sun/tools/javac/util/JCDiagnostic$Fragment; com/sun/tools/javac/util/JCDiagnostic$Fragment
staticfield com/sun/tools/javac/resources/CompilerProperties$Fragments FeatureDiamondAndAnonClass Lcom/sun/tools/javac/util/JCDiagnostic$Fragment; com/sun/tools/javac/util/JCDiagnostic$Fragment
staticfield com/sun/tools/javac/resources/CompilerProperties$Fragments FeatureFlexibleConstructors Lcom/sun/tools/javac/util/JCDiagnostic$Fragment; com/sun/tools/javac/util/JCDiagnostic$Fragment
staticfield com/sun/tools/javac/resources/CompilerProperties$Fragments FeatureImplicitClasses Lcom/sun/tools/javac/util/JCDiagnostic$Fragment; com/sun/tools/javac/util/JCDiagnostic$Fragment
staticfield com/sun/tools/javac/resources/CompilerProperties$Fragments FeatureJavaBaseTransitive Lcom/sun/tools/javac/util/JCDiagnostic$Fragment; com/sun/tools/javac/util/JCDiagnostic$Fragment
staticfield com/sun/tools/javac/resources/CompilerProperties$Fragments FeatureModuleImports Lcom/sun/tools/javac/util/JCDiagnostic$Fragment; com/sun/tools/javac/util/JCDiagnostic$Fragment
staticfield com/sun/tools/javac/resources/CompilerProperties$Fragments FeatureModules Lcom/sun/tools/javac/util/JCDiagnostic$Fragment; com/sun/tools/javac/util/JCDiagnostic$Fragment
staticfield com/sun/tools/javac/resources/CompilerProperties$Fragments FeatureMultipleCaseLabels Lcom/sun/tools/javac/util/JCDiagnostic$Fragment; com/sun/tools/javac/util/JCDiagnostic$Fragment
staticfield com/sun/tools/javac/resources/CompilerProperties$Fragments FeaturePatternMatchingInstanceof Lcom/sun/tools/javac/util/JCDiagnostic$Fragment; com/sun/tools/javac/util/JCDiagnostic$Fragment
staticfield com/sun/tools/javac/resources/CompilerProperties$Fragments FeaturePatternSwitch Lcom/sun/tools/javac/util/JCDiagnostic$Fragment; com/sun/tools/javac/util/JCDiagnostic$Fragment
staticfield com/sun/tools/javac/resources/CompilerProperties$Fragments FeaturePrimitivePatterns Lcom/sun/tools/javac/util/JCDiagnostic$Fragment; com/sun/tools/javac/util/JCDiagnostic$Fragment
staticfield com/sun/tools/javac/resources/CompilerProperties$Fragments FeaturePrivateIntfMethods Lcom/sun/tools/javac/util/JCDiagnostic$Fragment; com/sun/tools/javac/util/JCDiagnostic$Fragment
staticfield com/sun/tools/javac/resources/CompilerProperties$Fragments FeatureRecords Lcom/sun/tools/javac/util/JCDiagnostic$Fragment; com/sun/tools/javac/util/JCDiagnostic$Fragment
staticfield com/sun/tools/javac/resources/CompilerProperties$Fragments FeatureReifiableTypesInstanceof Lcom/sun/tools/javac/util/JCDiagnostic$Fragment; com/sun/tools/javac/util/JCDiagnostic$Fragment
staticfield com/sun/tools/javac/resources/CompilerProperties$Fragments FeatureSealedClasses Lcom/sun/tools/javac/util/JCDiagnostic$Fragment; com/sun/tools/javac/util/JCDiagnostic$Fragment
staticfield com/sun/tools/javac/resources/CompilerProperties$Fragments FeatureSwitchExpressions Lcom/sun/tools/javac/util/JCDiagnostic$Fragment; com/sun/tools/javac/util/JCDiagnostic$Fragment
staticfield com/sun/tools/javac/resources/CompilerProperties$Fragments FeatureSwitchRules Lcom/sun/tools/javac/util/JCDiagnostic$Fragment; com/sun/tools/javac/util/JCDiagnostic$Fragment
staticfield com/sun/tools/javac/resources/CompilerProperties$Fragments FeatureTextBlocks Lcom/sun/tools/javac/util/JCDiagnostic$Fragment; com/sun/tools/javac/util/JCDiagnostic$Fragment
staticfield com/sun/tools/javac/resources/CompilerProperties$Fragments FeatureUnconditionalPatternsInInstanceof Lcom/sun/tools/javac/util/JCDiagnostic$Fragment; com/sun/tools/javac/util/JCDiagnostic$Fragment
staticfield com/sun/tools/javac/resources/CompilerProperties$Fragments FeatureUnnamedVariables Lcom/sun/tools/javac/util/JCDiagnostic$Fragment; com/sun/tools/javac/util/JCDiagnostic$Fragment
staticfield com/sun/tools/javac/resources/CompilerProperties$Fragments FeatureVarInTryWithResources Lcom/sun/tools/javac/util/JCDiagnostic$Fragment; com/sun/tools/javac/util/JCDiagnostic$Fragment
staticfield com/sun/tools/javac/resources/CompilerProperties$Fragments FeatureVarSyntaxInImplicitLambda Lcom/sun/tools/javac/util/JCDiagnostic$Fragment; com/sun/tools/javac/util/JCDiagnostic$Fragment
staticfield com/sun/tools/javac/resources/CompilerProperties$Fragments FileDoesNotContainModule Lcom/sun/tools/javac/util/JCDiagnostic$Fragment; com/sun/tools/javac/util/JCDiagnostic$Fragment
staticfield com/sun/tools/javac/resources/CompilerProperties$Fragments Guard Lcom/sun/tools/javac/util/JCDiagnostic$Fragment; com/sun/tools/javac/util/JCDiagnostic$Fragment
staticfield com/sun/tools/javac/resources/CompilerProperties$Fragments IllegalFlagCombo Lcom/sun/tools/javac/util/JCDiagnostic$Fragment; com/sun/tools/javac/util/JCDiagnostic$Fragment
staticfield com/sun/tools/javac/resources/CompilerProperties$Fragments IllegalStartOfClassFile Lcom/sun/tools/javac/util/JCDiagnostic$Fragment; com/sun/tools/javac/util/JCDiagnostic$Fragment
staticfield com/sun/tools/javac/resources/CompilerProperties$Fragments ImplicitAndExplicitNotAllowed Lcom/sun/tools/javac/util/JCDiagnostic$Fragment; com/sun/tools/javac/util/JCDiagnostic$Fragment
staticfield com/sun/tools/javac/resources/CompilerProperties$Fragments IncompatibleArgTypesInLambda Lcom/sun/tools/javac/util/JCDiagnostic$Fragment; com/sun/tools/javac/util/JCDiagnostic$Fragment
staticfield com/sun/tools/javac/resources/CompilerProperties$Fragments IncompatibleArgTypesInMref Lcom/sun/tools/javac/util/JCDiagnostic$Fragment; com/sun/tools/javac/util/JCDiagnostic$Fragment
staticfield com/sun/tools/javac/resources/CompilerProperties$Fragments InnerCls Lcom/sun/tools/javac/util/JCDiagnostic$Fragment; com/sun/tools/javac/util/JCDiagnostic$Fragment
staticfield com/sun/tools/javac/resources/CompilerProperties$Fragments KindnameAnnotation Lcom/sun/tools/javac/util/JCDiagnostic$Fragment; com/sun/tools/javac/util/JCDiagnostic$Fragment
staticfield com/sun/tools/javac/resources/CompilerProperties$Fragments KindnameClass Lcom/sun/tools/javac/util/JCDiagnostic$Fragment; com/sun/tools/javac/util/JCDiagnostic$Fragment
staticfield com/sun/tools/javac/resources/CompilerProperties$Fragments KindnameConstructor Lcom/sun/tools/javac/util/JCDiagnostic$Fragment; com/sun/tools/javac/util/JCDiagnostic$Fragment
staticfield com/sun/tools/javac/resources/CompilerProperties$Fragments KindnameEnum Lcom/sun/tools/javac/util/JCDiagnostic$Fragment; com/sun/tools/javac/util/JCDiagnostic$Fragment
staticfield com/sun/tools/javac/resources/CompilerProperties$Fragments KindnameInstanceInit Lcom/sun/tools/javac/util/JCDiagnostic$Fragment; com/sun/tools/javac/util/JCDiagnostic$Fragment
staticfield com/sun/tools/javac/resources/CompilerProperties$Fragments KindnameInterface Lcom/sun/tools/javac/util/JCDiagnostic$Fragment; com/sun/tools/javac/util/JCDiagnostic$Fragment
staticfield com/sun/tools/javac/resources/CompilerProperties$Fragments KindnameMethod Lcom/sun/tools/javac/util/JCDiagnostic$Fragment; com/sun/tools/javac/util/JCDiagnostic$Fragment
staticfield com/sun/tools/javac/resources/CompilerProperties$Fragments KindnameModule Lcom/sun/tools/javac/util/JCDiagnostic$Fragment; com/sun/tools/javac/util/JCDiagnostic$Fragment
staticfield com/sun/tools/javac/resources/CompilerProperties$Fragments KindnamePackage Lcom/sun/tools/javac/util/JCDiagnostic$Fragment; com/sun/tools/javac/util/JCDiagnostic$Fragment
staticfield com/sun/tools/javac/resources/CompilerProperties$Fragments KindnameRecord Lcom/sun/tools/javac/util/JCDiagnostic$Fragment; com/sun/tools/javac/util/JCDiagnostic$Fragment
staticfield com/sun/tools/javac/resources/CompilerProperties$Fragments KindnameRecordComponent Lcom/sun/tools/javac/util/JCDiagnostic$Fragment; com/sun/tools/javac/util/JCDiagnostic$Fragment
staticfield com/sun/tools/javac/resources/CompilerProperties$Fragments KindnameStatic Lcom/sun/tools/javac/util/JCDiagnostic$Fragment; com/sun/tools/javac/util/JCDiagnostic$Fragment
staticfield com/sun/tools/javac/resources/CompilerProperties$Fragments KindnameStaticInit Lcom/sun/tools/javac/util/JCDiagnostic$Fragment; com/sun/tools/javac/util/JCDiagnostic$Fragment
staticfield com/sun/tools/javac/resources/CompilerProperties$Fragments KindnameTypeVariable Lcom/sun/tools/javac/util/JCDiagnostic$Fragment; com/sun/tools/javac/util/JCDiagnostic$Fragment
staticfield com/sun/tools/javac/resources/CompilerProperties$Fragments KindnameTypeVariableBound Lcom/sun/tools/javac/util/JCDiagnostic$Fragment; com/sun/tools/javac/util/JCDiagnostic$Fragment
staticfield com/sun/tools/javac/resources/CompilerProperties$Fragments KindnameValue Lcom/sun/tools/javac/util/JCDiagnostic$Fragment; com/sun/tools/javac/util/JCDiagnostic$Fragment
staticfield com/sun/tools/javac/resources/CompilerProperties$Fragments KindnameVariable Lcom/sun/tools/javac/util/JCDiagnostic$Fragment; com/sun/tools/javac/util/JCDiagnostic$Fragment
staticfield com/sun/tools/javac/resources/CompilerProperties$Fragments Lambda Lcom/sun/tools/javac/util/JCDiagnostic$Fragment; com/sun/tools/javac/util/JCDiagnostic$Fragment
staticfield com/sun/tools/javac/resources/CompilerProperties$Fragments Local Lcom/sun/tools/javac/util/JCDiagnostic$Fragment; com/sun/tools/javac/util/JCDiagnostic$Fragment
staticfield com/sun/tools/javac/resources/CompilerProperties$Fragments LocalArrayMissingTarget Lcom/sun/tools/javac/util/JCDiagnostic$Fragment; com/sun/tools/javac/util/JCDiagnostic$Fragment
staticfield com/sun/tools/javac/resources/CompilerProperties$Fragments LocalCantInferNull Lcom/sun/tools/javac/util/JCDiagnostic$Fragment; com/sun/tools/javac/util/JCDiagnostic$Fragment
staticfield com/sun/tools/javac/resources/CompilerProperties$Fragments LocalCantInferVoid Lcom/sun/tools/javac/util/JCDiagnostic$Fragment; com/sun/tools/javac/util/JCDiagnostic$Fragment
staticfield com/sun/tools/javac/resources/CompilerProperties$Fragments LocalLambdaMissingTarget Lcom/sun/tools/javac/util/JCDiagnostic$Fragment; com/sun/tools/javac/util/JCDiagnostic$Fragment
staticfield com/sun/tools/javac/resources/CompilerProperties$Fragments LocalMissingInit Lcom/sun/tools/javac/util/JCDiagnostic$Fragment; com/sun/tools/javac/util/JCDiagnostic$Fragment
staticfield com/sun/tools/javac/resources/CompilerProperties$Fragments LocalMrefMissingTarget Lcom/sun/tools/javac/util/JCDiagnostic$Fragment; com/sun/tools/javac/util/JCDiagnostic$Fragment
staticfield com/sun/tools/javac/resources/CompilerProperties$Fragments LocalSelfRef Lcom/sun/tools/javac/util/JCDiagnostic$Fragment; com/sun/tools/javac/util/JCDiagnostic$Fragment
staticfield com/sun/tools/javac/resources/CompilerProperties$Fragments LocnModule_path Lcom/sun/tools/javac/util/JCDiagnostic$Fragment; com/sun/tools/javac/util/JCDiagnostic$Fragment
staticfield com/sun/tools/javac/resources/CompilerProperties$Fragments LocnModule_source_path Lcom/sun/tools/javac/util/JCDiagnostic$Fragment; com/sun/tools/javac/util/JCDiagnostic$Fragment
staticfield com/sun/tools/javac/resources/CompilerProperties$Fragments LocnSystem_modules Lcom/sun/tools/javac/util/JCDiagnostic$Fragment; com/sun/tools/javac/util/JCDiagnostic$Fragment
staticfield com/sun/tools/javac/resources/CompilerProperties$Fragments LocnUpgrade_module_path Lcom/sun/tools/javac/util/JCDiagnostic$Fragment; com/sun/tools/javac/util/JCDiagnostic$Fragment
staticfield com/sun/tools/javac/resources/CompilerProperties$Fragments MalformedVarargMethod Lcom/sun/tools/javac/util/JCDiagnostic$Fragment; com/sun/tools/javac/util/JCDiagnostic$Fragment
staticfield com/sun/tools/javac/resources/CompilerProperties$Fragments MethodMustBePublic Lcom/sun/tools/javac/util/JCDiagnostic$Fragment; com/sun/tools/javac/util/JCDiagnostic$Fragment
staticfield com/sun/tools/javac/resources/CompilerProperties$Fragments ModuleInfoDefinitionExpected Lcom/sun/tools/javac/util/JCDiagnostic$Fragment; com/sun/tools/javac/util/JCDiagnostic$Fragment
staticfield com/sun/tools/javac/resources/CompilerProperties$Fragments ModuleInfoInvalidSuperClass Lcom/sun/tools/javac/util/JCDiagnostic$Fragment; com/sun/tools/javac/util/JCDiagnostic$Fragment
staticfield com/sun/tools/javac/resources/CompilerProperties$Fragments MrefInferAndExplicitParams Lcom/sun/tools/javac/util/JCDiagnostic$Fragment; com/sun/tools/javac/util/JCDiagnostic$Fragment
staticfield com/sun/tools/javac/resources/CompilerProperties$Fragments MustNotBeSameClass Lcom/sun/tools/javac/util/JCDiagnostic$Fragment; com/sun/tools/javac/util/JCDiagnostic$Fragment
staticfield com/sun/tools/javac/resources/CompilerProperties$Fragments NoArgs Lcom/sun/tools/javac/util/JCDiagnostic$Fragment; com/sun/tools/javac/util/JCDiagnostic$Fragment
staticfield com/sun/tools/javac/resources/CompilerProperties$Fragments NonStatic Lcom/sun/tools/javac/util/JCDiagnostic$Fragment; com/sun/tools/javac/util/JCDiagnostic$Fragment
staticfield com/sun/tools/javac/resources/CompilerProperties$Fragments ResumeAbort Lcom/sun/tools/javac/util/JCDiagnostic$Fragment; com/sun/tools/javac/util/JCDiagnostic$Fragment
staticfield com/sun/tools/javac/resources/CompilerProperties$Fragments SourceUnavailable Lcom/sun/tools/javac/util/JCDiagnostic$Fragment; com/sun/tools/javac/util/JCDiagnostic$Fragment
staticfield com/sun/tools/javac/resources/CompilerProperties$Fragments StatExprExpected Lcom/sun/tools/javac/util/JCDiagnostic$Fragment; com/sun/tools/javac/util/JCDiagnostic$Fragment
staticfield com/sun/tools/javac/resources/CompilerProperties$Fragments Static Lcom/sun/tools/javac/util/JCDiagnostic$Fragment; com/sun/tools/javac/util/JCDiagnostic$Fragment
staticfield com/sun/tools/javac/resources/CompilerProperties$Fragments StaticMrefWithTargs Lcom/sun/tools/javac/util/JCDiagnostic$Fragment; com/sun/tools/javac/util/JCDiagnostic$Fragment
staticfield com/sun/tools/javac/resources/CompilerProperties$Fragments SwitchExpressionTargetCantBeVoid Lcom/sun/tools/javac/util/JCDiagnostic$Fragment; com/sun/tools/javac/util/JCDiagnostic$Fragment
staticfield com/sun/tools/javac/resources/CompilerProperties$Fragments TokenBadSymbol Lcom/sun/tools/javac/util/JCDiagnostic$Fragment; com/sun/tools/javac/util/JCDiagnostic$Fragment
staticfield com/sun/tools/javac/resources/CompilerProperties$Fragments TokenCharacter Lcom/sun/tools/javac/util/JCDiagnostic$Fragment; com/sun/tools/javac/util/JCDiagnostic$Fragment
staticfield com/sun/tools/javac/resources/CompilerProperties$Fragments TokenDouble Lcom/sun/tools/javac/util/JCDiagnostic$Fragment; com/sun/tools/javac/util/JCDiagnostic$Fragment
staticfield com/sun/tools/javac/resources/CompilerProperties$Fragments TokenEndOfInput Lcom/sun/tools/javac/util/JCDiagnostic$Fragment; com/sun/tools/javac/util/JCDiagnostic$Fragment
staticfield com/sun/tools/javac/resources/CompilerProperties$Fragments TokenFloat Lcom/sun/tools/javac/util/JCDiagnostic$Fragment; com/sun/tools/javac/util/JCDiagnostic$Fragment
staticfield com/sun/tools/javac/resources/CompilerProperties$Fragments TokenIdentifier Lcom/sun/tools/javac/util/JCDiagnostic$Fragment; com/sun/tools/javac/util/JCDiagnostic$Fragment
staticfield com/sun/tools/javac/resources/CompilerProperties$Fragments TokenInteger Lcom/sun/tools/javac/util/JCDiagnostic$Fragment; com/sun/tools/javac/util/JCDiagnostic$Fragment
staticfield com/sun/tools/javac/resources/CompilerProperties$Fragments TokenLongInteger Lcom/sun/tools/javac/util/JCDiagnostic$Fragment; com/sun/tools/javac/util/JCDiagnostic$Fragment
staticfield com/sun/tools/javac/resources/CompilerProperties$Fragments TokenString Lcom/sun/tools/javac/util/JCDiagnostic$Fragment; com/sun/tools/javac/util/JCDiagnostic$Fragment
staticfield com/sun/tools/javac/resources/CompilerProperties$Fragments TypeCaptureof1 Lcom/sun/tools/javac/util/JCDiagnostic$Fragment; com/sun/tools/javac/util/JCDiagnostic$Fragment
staticfield com/sun/tools/javac/resources/CompilerProperties$Fragments TypeMustBeIdenticalToCorrespondingRecordComponentType Lcom/sun/tools/javac/util/JCDiagnostic$Fragment; com/sun/tools/javac/util/JCDiagnostic$Fragment
staticfield com/sun/tools/javac/resources/CompilerProperties$Fragments TypeNone Lcom/sun/tools/javac/util/JCDiagnostic$Fragment; com/sun/tools/javac/util/JCDiagnostic$Fragment
staticfield com/sun/tools/javac/resources/CompilerProperties$Fragments TypeNull Lcom/sun/tools/javac/util/JCDiagnostic$Fragment; com/sun/tools/javac/util/JCDiagnostic$Fragment
staticfield com/sun/tools/javac/resources/CompilerProperties$Fragments TypeReqArrayOrIterable Lcom/sun/tools/javac/util/JCDiagnostic$Fragment; com/sun/tools/javac/util/JCDiagnostic$Fragment
staticfield com/sun/tools/javac/resources/CompilerProperties$Fragments TypeReqClass Lcom/sun/tools/javac/util/JCDiagnostic$Fragment; com/sun/tools/javac/util/JCDiagnostic$Fragment
staticfield com/sun/tools/javac/resources/CompilerProperties$Fragments TypeReqClassArray Lcom/sun/tools/javac/util/JCDiagnostic$Fragment; com/sun/tools/javac/util/JCDiagnostic$Fragment
staticfield com/sun/tools/javac/resources/CompilerProperties$Fragments TypeReqExact Lcom/sun/tools/javac/util/JCDiagnostic$Fragment; com/sun/tools/javac/util/JCDiagnostic$Fragment
staticfield com/sun/tools/javac/resources/CompilerProperties$Fragments TypeReqRef Lcom/sun/tools/javac/util/JCDiagnostic$Fragment; com/sun/tools/javac/util/JCDiagnostic$Fragment
staticfield com/sun/tools/javac/resources/CompilerProperties$Fragments UnableToAccessFile Lcom/sun/tools/javac/util/JCDiagnostic$Fragment; com/sun/tools/javac/util/JCDiagnostic$Fragment
staticfield com/sun/tools/javac/resources/CompilerProperties$Fragments Unbound Lcom/sun/tools/javac/util/JCDiagnostic$Fragment; com/sun/tools/javac/util/JCDiagnostic$Fragment
staticfield com/sun/tools/javac/resources/CompilerProperties$Fragments UncheckedAssign Lcom/sun/tools/javac/util/JCDiagnostic$Fragment; com/sun/tools/javac/util/JCDiagnostic$Fragment
staticfield com/sun/tools/javac/resources/CompilerProperties$Fragments UncheckedCastToType Lcom/sun/tools/javac/util/JCDiagnostic$Fragment; com/sun/tools/javac/util/JCDiagnostic$Fragment
staticfield com/sun/tools/javac/resources/CompilerProperties$Fragments UndeclTypeVar Lcom/sun/tools/javac/util/JCDiagnostic$Fragment; com/sun/tools/javac/util/JCDiagnostic$Fragment
staticfield com/sun/tools/javac/resources/CompilerProperties$Fragments UnexpectedConstPoolTagAt Lcom/sun/tools/javac/util/JCDiagnostic$Fragment; com/sun/tools/javac/util/JCDiagnostic$Fragment
staticfield com/sun/tools/javac/resources/CompilerProperties$Fragments UnexpectedRetVal Lcom/sun/tools/javac/util/JCDiagnostic$Fragment; com/sun/tools/javac/util/JCDiagnostic$Fragment
staticfield com/sun/tools/javac/resources/CompilerProperties$Fragments UnicodeStrNotSupported Lcom/sun/tools/javac/util/JCDiagnostic$Fragment; com/sun/tools/javac/util/JCDiagnostic$Fragment
staticfield com/sun/tools/javac/resources/CompilerProperties$Fragments UnnamedModule Lcom/sun/tools/javac/util/JCDiagnostic$Fragment; com/sun/tools/javac/util/JCDiagnostic$Fragment
staticfield com/sun/tools/javac/resources/CompilerProperties$Fragments UnnamedPackage Lcom/sun/tools/javac/util/JCDiagnostic$Fragment; com/sun/tools/javac/util/JCDiagnostic$Fragment
staticfield com/sun/tools/javac/resources/CompilerProperties$Fragments UserSelectedCompletionFailure Lcom/sun/tools/javac/util/JCDiagnostic$Fragment; com/sun/tools/javac/util/JCDiagnostic$Fragment
staticfield com/sun/tools/javac/resources/CompilerProperties$Fragments VarAndExplicitNotAllowed Lcom/sun/tools/javac/util/JCDiagnostic$Fragment; com/sun/tools/javac/util/JCDiagnostic$Fragment
staticfield com/sun/tools/javac/resources/CompilerProperties$Fragments VarAndImplicitNotAllowed Lcom/sun/tools/javac/util/JCDiagnostic$Fragment; com/sun/tools/javac/util/JCDiagnostic$Fragment
staticfield com/sun/tools/javac/resources/CompilerProperties$Fragments VersionNotAvailable Lcom/sun/tools/javac/util/JCDiagnostic$Fragment; com/sun/tools/javac/util/JCDiagnostic$Fragment
staticfield com/sun/tools/javac/resources/CompilerProperties$Fragments WhereDescriptionCaptured Lcom/sun/tools/javac/util/JCDiagnostic$Fragment; com/sun/tools/javac/util/JCDiagnostic$Fragment
staticfield com/sun/tools/javac/resources/CompilerProperties$Fragments WrongVersion Lcom/sun/tools/javac/util/JCDiagnostic$Fragment; com/sun/tools/javac/util/JCDiagnostic$Fragment
ciInstanceKlass com/sun/tools/javac/util/JCDiagnostic$DiagnosticType 1 1 78 7 1 9 12 1 1 9 12 1 9 12 1 9 12 1 9 12 1 1 10 100 12 1 1 10 7 12 1 1 1 10 12 1 1 9 12 1 1 8 8 1 10 12 1 8 8 1 8 8 1 8 8 1 10 12 1 1 1 1 1 1 1 1 1 1 1 1 1 1 1 1 1 1 100 1 1 1
staticfield com/sun/tools/javac/util/JCDiagnostic$DiagnosticType FRAGMENT Lcom/sun/tools/javac/util/JCDiagnostic$DiagnosticType; com/sun/tools/javac/util/JCDiagnostic$DiagnosticType
staticfield com/sun/tools/javac/util/JCDiagnostic$DiagnosticType NOTE Lcom/sun/tools/javac/util/JCDiagnostic$DiagnosticType; com/sun/tools/javac/util/JCDiagnostic$DiagnosticType
staticfield com/sun/tools/javac/util/JCDiagnostic$DiagnosticType WARNING Lcom/sun/tools/javac/util/JCDiagnostic$DiagnosticType; com/sun/tools/javac/util/JCDiagnostic$DiagnosticType
staticfield com/sun/tools/javac/util/JCDiagnostic$DiagnosticType ERROR Lcom/sun/tools/javac/util/JCDiagnostic$DiagnosticType; com/sun/tools/javac/util/JCDiagnostic$DiagnosticType
staticfield com/sun/tools/javac/util/JCDiagnostic$DiagnosticType $VALUES [Lcom/sun/tools/javac/util/JCDiagnostic$DiagnosticType; 4 [Lcom/sun/tools/javac/util/JCDiagnostic$DiagnosticType;
ciInstanceKlass  @bci com/sun/tools/javac/platform/JDKPlatformProvider$PlatformDescriptionImpl getFileManager ()Ljavax/tools/JavaFileManager; 542 <appendix> argL0 ; 1 1 23 1 7 1 1 1 7 12 10 1 1 1 7 1 7 1 1 12 10 1 100 1 1
ciInstanceKlass javax/lang/model/element/QualifiedNameable 1 0 11 100 1 100 1 100 1 1 1 1 1
ciInstanceKlass javax/lang/model/element/TypeElement 1 1 73 11 100 12 1 1 1 100 1 100 1 100 1 100 1 100 1 1 1 1 1 1 1 1 1 1 1 1 1 1 1 1 1 1 1 1 1 1 1 1 1 1 1 1 1 100 1 8 1 1 12 10 1 1 1 8 1 1 1 8 1 1 1 8 1 1 1 8 1 1 1 8 1
ciInstanceKlass com/sun/tools/javac/code/DeferredCompletionFailureHandler 1 1 124 9 7 12 1 1 1 10 7 12 1 1 1 10 12 1 1 10 7 12 1 1 7 1 10 12 1 9 12 1 1 7 1 10 9 12 1 7 1 10 9 12 1 9 12 1 10 12 1 1 11 7 12 1 1 11 12 1 11 12 1 1 11 12 1 1 11 12 1 1 100 1 7 1 10 1 1 1 1 1 1 1 1 1 1 1 1 1 1 1 1 1 1 1 1 1 1 1 1 1 1 1 1 1 100 1 100 1 1 1 1 100 1 100 1 1 100 1 1 100 1 1 1 1
staticfield com/sun/tools/javac/code/DeferredCompletionFailureHandler deferredCompletionFailureHandlerKey Lcom/sun/tools/javac/util/Context$Key; com/sun/tools/javac/util/Context$Key
ciInstanceKlass com/sun/tools/javac/code/Symbol$Completer 1 1 35 7 1 10 12 1 1 9 7 12 1 1 1 100 1 1 1 1 100 1 1 1 1 1 1 1 1 1 1 1 100 1 1 1 1
staticfield com/sun/tools/javac/code/Symbol$Completer NULL_COMPLETER Lcom/sun/tools/javac/code/Symbol$Completer; com/sun/tools/javac/code/Symbol$Completer$1
instanceKlass com/sun/tools/javac/code/ClassFinder$BadEnclosingMethodAttr
ciInstanceKlass com/sun/tools/javac/code/ClassFinder$BadClassFile 0 0 105 18 12 1 1 10 100 12 1 1 1 11 100 12 1 1 1 9 100 12 1 1 1 8 1 8 1 100 1 10 100 12 1 1 1 10 100 12 1 1 1 1 1 1 5 0 1 1 1 1 1 1 1 1 1 1 1 1 1 1 1 1 1 1 1 100 1 1 1 1 1 100 1 1 16 1 15 10 12 16 1 15 10 100 12 1 1 1 1 100 1 1 100 1 1 1 1 100 1 1 100 1 100 1 1
ciInstanceKlass com/sun/tools/javac/code/Symbol$ClassSymbol 1 1 725 100 1 9 7 12 1 1 1 10 7 12 1 1 1 10 7 12 1 1 1 9 7 12 1 1 1 9 12 1 1 9 12 1 1 10 12 1 1 9 12 1 1 10 12 1 9 12 1 9 12 1 1 9 12 1 10 7 12 1 1 1 9 12 1 1 7 1 10 12 1 9 12 1 1 7 1 9 7 12 1 1 1 10 12 1 10 12 1 9 12 1 1 9 12 1 1 10 7 12 1 1 1 100 1 10 12 1 18 12 1 1 11 100 12 1 1 1 10 100 12 1 1 1 11 7 12 1 1 1 11 12 1 1 11 100 12 1 1 1 11 12 1 1 9 12 1 1 10 100 12 1 1 1 11 12 1 10 7 1 11 12 10 12 1 1 10 12 1 9 12 1 1 10 12 1 10 12 1 9 12 1 10 12 1 1 10 7 12 1 1 1 10 12 1 10 12 1 9 12 1 10 100 12 1 1 8 1 10 100 12 1 1 1 10 12 1 10 12 1 10 10 12 1 100 1 10 12 1 1 10 12 1 1 5 0 9 100 12 1 1 1 10 12 1 1 10 12 1 1 10 12 1 9 12 1 1 10 12 1 1 9 12 1 10 12 1 9 12 1 1 10 7 1 9 12 1 1 10 7 12 1 1 1 5 0 7 1 10 12 1 10 12 1 9 12 1 9 12 1 10 12 1 1 9 12 1 10 12 1 10 12 1 10 12 1 10 12 1 10 12 1 1 10 12 1 1 10 12 1 10 5 0 9 7 12 1 1 1 9 12 1 5 0 9 12 1 5 0 9 12 1 9 12 5 0 10 12 1 1 9 9 100 1 100 1 10 9 12 1 1 9 12 1 10 12 1 10 10 12 1 10 12 1 10 12 1 9 12 1 9 12 1 9 12 1 9 100 12 1 1 1 9 12 1 9 12 1 9 12 1 9 12 1 10 12 1 1 100 1 10 100 12 1 1 1 10 11 7 12 1 1 1 11 100 12 1 1 1 9 12 1 1 10 100 12 1 1 1 9 12 1 1 9 100 12 1 1 5 0 10 12 1 1 5 0 9 10 12 1 1 9 12 1 1 9 12 1 9 12 1 10 12 1 9 12 1 1 10 12 1 1 10 12 1 11 12 1 1 18 11 7 12 1 1 1 10 12 1 1 11 12 1 1 10 10 12 1 1 10 12 1 10 12 1 10 12 1 10 12 1 10 12 1 10 12 1 9 100 1 1 1 1 1 1 1 1 1 1 1 1 1 1 1 1 1 1 1 1 1 1 1 1 1 1 1 1 1 1 1 1 1 1 1 1 1 1 1 1 1 1 1 1 1 1 1 1 1 1 100 1 1 1 1 1 1 1 1 1 100 1 1 1 1 1 1 1 1 1 1 1 1 1 1 1 1 1 1 1 1 1 1 1 1 1 1 1 1 1 100 1 1 1 1 1 1 1 1 1 1 1 1 1 1 1 1 1 1 1 1 1 1 1 1 1 1 1 1 1 1 1 1 1 16 15 10 12 1 16 1 15 10 12 16 15 10 7 12 1 1 1 1 100 1 1 1 1 100 1 100 1 1 100 1 1 1 100 1 1 1 1 1 1 1 1 100 1 100 1 1 100 1 1 1 100 1 1 100 1 1 100 1 100 1 1
ciInstanceKlass javax/lang/model/element/PackageElement 1 0 24 100 1 100 1 100 1 100 1 1 1 1 1 1 1 1 1 1 1 1 1 1 1 1
ciInstanceKlass javax/lang/model/element/ModuleElement 1 0 53 100 1 100 1 100 1 100 1 1 1 1 1 1 1 1 1 1 1 1 1 1 1 1 1 1 1 1 100 1 100 1 100 1 100 1 100 1 100 1 100 1 100 1 1 1 1 1 1 1 1 1 1
ciInstanceKlass javax/lang/model/element/Name 1 0 32 100 1 100 1 100 1 1 1 1 1 1 1 1 1 1 100 1 8 1 1 12 10 1 1 8 1 1 1 8 1 1
instanceKlass com/sun/tools/javac/code/Symtab$7
instanceKlass com/sun/tools/javac/code/Symbol$RootPackageSymbol
ciInstanceKlass com/sun/tools/javac/code/Symbol$PackageSymbol 1 1 200 100 1 9 7 12 1 1 1 10 7 12 1 1 1 9 7 12 1 1 1 10 12 1 1 9 12 1 1 10 12 1 7 1 10 12 1 9 12 1 1 10 100 12 1 1 1 9 12 1 10 12 1 1 9 12 1 1 10 12 1 1 100 1 9 12 1 1 9 12 1 1 10 100 1 10 12 1 10 12 1 1 9 12 1 1 9 100 1 10 12 1 10 12 1 1 5 0 9 100 12 1 1 1 9 12 1 1 10 100 12 1 1 11 100 12 1 1 1 11 100 12 1 1 1 10 12 1 1 10 12 1 1 100 1 1 1 1 1 1 1 1 1 1 1 1 1 1 1 1 1 1 1 1 1 1 1 1 1 1 1 1 1 1 1 1 1 1 1 1 1 1 1 1 1 1 100 1 1 100 1 1 1 1 100 1 100 1 1 100 1 1 1 1 1 100 1 100 1 1
instanceKlass com/sun/tools/javac/code/Type$3
instanceKlass com/sun/tools/javac/code/Type$2
instanceKlass com/sun/tools/javac/code/Type$1
ciInstanceKlass com/sun/tools/javac/code/Type$JCNoType 1 1 71 10 7 12 1 1 1 10 7 12 1 1 1 9 7 12 1 1 1 9 100 12 1 1 11 100 12 1 1 1 10 12 1 100 1 100 1 1 1 1 1 1 1 1 1 1 1 1 1 1 1 1 1 1 1 1 1 1 1 1 1 1 1 1 1 100 1 100 1 1 1
instanceKlass com/sun/tools/javac/code/Symtab$5
instanceKlass com/sun/tools/javac/code/Symtab$4
instanceKlass com/sun/tools/javac/code/Symtab$3
ciInstanceKlass com/sun/tools/javac/code/Symbol$ModuleSymbol 1 1 376 7 1 10 12 1 1 7 1 100 1 5 0 10 12 1 10 12 1 1 9 12 1 1 9 12 1 10 7 12 1 1 1 9 12 1 1 9 12 1 1 9 7 12 1 1 1 10 7 12 1 1 10 7 12 1 1 1 9 12 1 1 9 7 12 1 1 1 9 12 1 7 1 10 7 12 1 1 1 9 12 1 1 7 1 9 12 1 10 7 12 1 1 1 7 1 10 12 1 9 12 1 1 100 1 9 12 1 10 100 12 1 1 1 9 12 1 1 11 100 12 1 1 1 10 100 12 1 1 1 9 12 1 1 10 12 1 9 100 12 1 1 1 10 12 1 1 10 12 1 9 12 1 10 100 12 1 1 1 11 12 1 1 8 1 8 1 10 100 12 1 1 1 11 100 12 1 1 1 10 12 1 1 11 100 12 1 1 11 12 1 1 100 1 10 12 1 1 18 12 1 1 10 12 1 1 10 12 1 1 9 12 1 9 12 1 9 12 1 9 12 1 9 12 1 1 10 12 1 10 12 1 1 10 12 1 9 12 1 9 12 1 100 1 1 1 1 1 1 1 1 1 1 1 1 1 1 1 1 1 1 1 1 1 1 1 1 1 1 1 1 1 1 1 1 1 1 1 1 1 1 1 1 1 1 1 1 1 1 1 1 1 1 1 1 1 1 1 1 1 1 1 1 1 1 1 1 1 1 1 1 1 1 1 1 16 15 10 12 16 15 10 100 12 1 1 1 1 1 1 100 1 1 100 1 1 1 1 1 1 100 1 1 100 1 100 1 1 100 1 100 1 1 100 1 1 100 1 1 100 1 1 100 1 1 100 1 1 100 1 1 100 1 100 1 1
ciInstanceKlass com/sun/tools/javac/code/Symbol$Completer$1 1 1 30 10 7 12 1 1 1 100 1 100 1 1 1 1 1 1 1 1 1 1 1 1 1 1 1 1 100 1 1 1
ciInstanceKlass com/sun/tools/javac/util/Names 1 1 760 9 7 12 1 1 1 10 7 12 1 1 1 10 12 1 1 10 12 1 1 10 7 12 1 1 10 7 12 1 1 1 10 12 1 1 9 12 1 1 8 1 10 12 1 1 9 12 1 1 8 1 9 12 1 8 1 9 12 1 8 1 9 12 1 8 1 9 12 1 8 1 9 12 1 8 1 9 12 1 8 1 9 12 1 8 1 9 12 1 8 1 9 12 8 1 9 12 8 1 9 12 8 1 9 12 8 1 9 12 8 1 9 12 8 1 9 12 8 1 9 12 8 1 9 12 8 1 9 12 8 1 9 12 1 8 1 9 12 8 1 9 12 8 1 9 12 8 1 9 12 1 8 1 9 12 8 1 9 12 1 8 1 9 12 8 1 9 12 1 8 1 9 12 8 1 9 12 8 1 9 12 1 8 1 9 12 8 1 9 12 8 1 9 12 1 8 1 9 12 8 1 9 12 8 1 9 12 8 1 9 12 8 1 9 12 8 1 9 12 8 9 12 1 8 1 9 12 8 1 9 12 8 1 9 12 8 1 9 12 8 1 9 12 8 1 9 12 8 1 9 12 8 1 9 12 8 1 9 12 8 1 9 12 8 1 9 12 8 1 9 12 8 1 9 12 8 1 9 12 8 1 9 12 1 8 1 9 12 1 8 1 9 12 1 8 1 9 12 1 8 1 9 12 1 8 1 9 12 1 8 1 9 12 8 1 9 12 8 1 9 12 8 1 9 12 8 1 9 12 1 8 1 9 12 1 8 1 9 12 1 8 1 9 12 1 8 1 9 12 1 8 1 9 12 8 1 9 12 8 1 9 12 8 1 9 12 8 1 9 12 8 1 9 12 8 1 9 12 8 1 9 12 8 1 9 12 8 1 9 12 8 1 9 12 8 1 9 12 8 1 9 12 8 1 9 12 8 1 9 12 8 1 9 12 8 1 9 12 8 1 9 12 8 1 9 12 8 1 9 12 8 1 9 12 8 1 9 12 8 1 9 12 8 1 9 12 8 1 9 12 8 1 9 12 8 1 9 12 8 1 9 12 8 1 9 12 8 1 9 12 8 1 9 12 8 1 9 12 8 1 9 12 8 1 9 12 8 1 9 12 8 1 9 12 8 1 9 12 8 1 9 12 8 1 9 12 8 1 9 12 8 1 9 12 8 1 9 12 8 1 9 12 8 1 9 12 8 1 9 12 8 1 9 12 8 1 9 12 8 1 9 12 8 1 9 12 8 1 9 12 8 1 9 12 8 1 9 12 8 1 9 12 8 1 9 12 8 1 9 12 1 8 1 9 12 1 8 1 9 12 8 1 9 12 8 1 9 12 1 8 1 9 12 8 1 9 12 8 1 9 12 8 1 9 12 8 1 9 12 8 1 9 12 8 1 9 12 8 1 9 12 8 1 9 12 8 1 9 12 8 1 9 12 8 1 9 12 8 1 9 12 8 1 9 12 8 1 9 12 8 1 9 12 8 1 9 12 1 8 1 10 12 1 1 10 12 1 1 8 1 10 12 1 1 8 1 10 12 1 1 10 100 12 1 1 1 10 100 12 1 1 10 7 12 1 1 10 7 12 1 1 10 12 1 1 10 10 12 1 1 10 12 1 9 100 12 1 1 1 100 1 100 1 10 12 1 7 1 10 1 1 1 1 1 1 1 1 1 1 1 1 1 1 1 1 1 1 1 1 1 1 1 1 100 1 1 100 1 1
staticfield com/sun/tools/javac/util/Names namesKey Lcom/sun/tools/javac/util/Context$Key; com/sun/tools/javac/util/Context$Key
instanceKlass com/sun/tools/javac/util/StringNameTable
instanceKlass com/sun/tools/javac/util/Utf8NameTable
ciInstanceKlass com/sun/tools/javac/util/Name$Table 1 1 61 10 7 12 1 1 1 9 7 12 1 1 1 10 7 12 1 1 1 10 12 1 1 9 100 12 1 1 1 10 12 1 1 1 1 1 1 1 1 1 1 1 1 1 1 1 1 1 100 1 1 1 1 1 100 1 1 1 100 1 1
instanceKlass com/sun/tools/javac/util/SharedNameTable
instanceKlass com/sun/tools/javac/util/UnsharedNameTable
ciInstanceKlass com/sun/tools/javac/util/Utf8NameTable 1 1 41 10 7 12 1 1 1 100 1 1 1 1 1 1 1 1 1 1 1 1 1 1 1 1 1 1 1 1 1 1 1 1 1 1 100 1 1 100 1 1 1
ciInstanceKlass com/sun/tools/javac/util/UnsharedNameTable 1 1 153 7 1 10 12 1 1 10 7 1 9 12 1 1 10 7 12 1 1 1 100 1 10 12 1 9 12 1 1 7 1 3 10 12 1 10 7 12 1 1 1 10 12 1 1 9 7 12 1 1 1 10 12 1 1 10 12 1 1 10 12 1 1 7 1 9 12 1 1 8 1 10 7 12 1 1 1 10 12 1 1 9 12 1 1 10 12 1 1 10 7 12 1 1 1 9 12 1 10 12 1 10 12 1 8 1 10 12 1 1 1 1 1 1 1 1 1 1 1 1 1 100 1 1 1 1 1 1 1 1 1 1 1 1 1 100 1 1 1 1 1 1 1 1 100 1 1 1 1 1 1 1 1
ciInstanceKlass com/sun/tools/javac/util/InvalidUtfException 0 0 28 10 100 12 1 1 1 9 100 12 1 1 1 1 1 1 5 0 1 1 1 1 1 1 1 1 1 1
instanceKlass com/sun/tools/javac/util/Utf8NameTable$NameImpl
ciInstanceKlass com/sun/tools/javac/util/Name 1 1 165 10 7 12 1 1 1 9 7 12 1 1 1 100 1 10 12 1 1 10 7 12 1 1 1 10 12 1 1 10 12 1 1 11 100 1 10 12 1 1 10 12 1 1 10 12 1 1 10 12 1 1 100 1 10 10 12 1 1 10 10 7 12 1 1 1 10 12 1 10 10 12 1 1 10 12 1 1 10 12 1 1 10 12 1 10 12 1 10 12 1 1 10 12 1 1 11 7 12 1 1 1 10 12 1 100 1 100 1 100 1 1 1 1 1 1 1 1 1 1 1 1 1 1 1 1 1 1 1 1 1 1 1 1 1 1 1 1 1 1 1 1 1 1 1 1 1 1 1 1 1 1 1 1 1 1 1 1 1 1 1 1 1 1 1
instanceKlass com/sun/tools/javac/util/UnsharedNameTable$NameImpl
ciInstanceKlass com/sun/tools/javac/util/Utf8NameTable$NameImpl 1 1 144 10 7 12 1 1 1 7 1 10 12 1 1 10 12 1 1 10 12 1 10 12 1 10 7 12 1 1 1 9 7 12 1 1 1 10 12 1 1 100 1 100 1 8 1 10 12 1 10 12 1 1 9 12 1 1 10 7 12 1 1 1 10 7 12 1 1 1 10 7 12 1 1 1 10 1 1 1 1 1 1 1 1 1 1 1 1 1 1 1 1 1 1 1 1 1 1 1 1 1 1 1 1 1 1 1 100 1 1 1 1 1 1 1 1 1 1 1 1 1 1 1 1 1 1 1 1 1 1 1 1 1 1 1 1 1 1 1 100 1 1 1 1 1
ciInstanceKlass com/sun/tools/javac/util/UnsharedNameTable$NameImpl 1 1 40 10 7 12 1 1 1 9 7 12 1 1 1 9 12 1 1 1 1 1 1 1 1 1 1 1 1 1 1 1 1 1 1 1 100 1 1 100 1 1
ciInstanceKlass com/sun/tools/javac/util/UnsharedNameTable$HashEntry 1 1 30 10 7 12 1 1 1 100 1 1 1 1 1 1 1 1 1 1 1 1 1 1 1 100 1 1 1 100 1 1
ciInstanceKlass com/sun/tools/javac/util/Convert 1 1 303 10 100 12 1 1 1 10 7 12 1 1 1 10 7 12 1 1 1 3 10 7 12 1 1 1 100 1 10 10 100 12 1 1 1 5 0 10 7 12 1 1 1 10 7 12 1 1 1 100 1 10 12 1 10 12 1 10 12 1 10 100 12 1 1 1 10 12 1 10 12 1 1 10 12 1 10 12 1 100 1 10 10 12 1 1 10 12 1 1 10 12 1 1 10 12 1 1 10 12 1 1 8 1 8 1 8 1 8 1 8 1 8 1 8 1 8 1 8 1 8 1 10 12 1 1 10 12 1 1 8 1 10 12 1 10 12 1 1 10 12 1 1 8 1 10 12 1 1 10 12 1 10 7 12 1 1 1 10 12 1 1 10 12 1 1 10 12 1 10 7 12 1 1 1 10 12 1 8 1 10 7 12 1 1 1 10 12 1 1 10 10 12 1 10 12 1 1 9 12 1 1 9 100 12 1 1 1 10 100 12 1 1 1 10 12 1 1 1 1 1 1 1 1 1 1 1 1 1 1 1 1 1 1 1 100 1 1 1 1 1 1 1 1 1 1 1 1 1 1 1 1 1 1 1 1 1 1 1 1 1 1 1 1 1 1 1 1 1 1 1 1 1 1 1 1 1 1 1 1 1 1 1 1 1 1 1 1 1 1 1 1 1 1 1 1 1 1 1 1 1 1 1
instanceKlass com/sun/tools/javac/code/Scope$ScopeImpl
ciInstanceKlass com/sun/tools/javac/code/Scope$WriteableScope 1 1 40 10 7 12 1 1 1 9 100 12 1 1 1 10 12 1 1 10 12 1 7 1 10 1 1 1 1 1 1 1 1 1 1 1 1 1 1 1 1 1
instanceKlass com/sun/tools/javac/code/Scope$ErrorScope
ciInstanceKlass com/sun/tools/javac/code/Scope$ScopeImpl 1 1 327 10 7 12 1 1 1 9 7 12 1 1 1 9 12 1 9 12 1 1 10 7 12 1 1 1 9 12 1 1 9 12 1 10 12 1 7 1 9 12 1 1 10 12 1 100 1 10 12 1 10 100 12 1 1 1 11 100 12 1 1 1 9 12 1 1 9 12 1 11 12 1 9 12 1 10 7 12 1 1 9 12 1 9 12 1 1 9 7 12 1 1 1 10 12 1 1 10 12 1 9 12 1 10 12 1 10 12 1 9 12 1 1 10 7 12 1 1 1 18 12 1 1 10 12 1 1 9 12 1 10 12 1 10 12 1 9 12 1 1 10 12 1 10 12 1 9 7 12 1 1 1 11 7 12 1 10 7 12 1 1 1 9 100 12 1 1 1 10 12 1 1 11 100 12 1 1 1 11 100 12 1 1 1 18 12 1 18 12 1 100 1 10 8 1 10 12 1 1 8 1 8 1 10 12 1 8 1 10 12 1 1 7 1 10 12 1 7 1 10 12 1 1 1 3 1 1 1 1 1 1 1 1 1 1 1 1 1 1 1 1 1 1 1 1 1 1 1 1 1 1 1 1 1 1 1 1 1 1 1 1 1 1 1 1 1 1 1 1 1 1 1 1 1 1 1 1 1 1 1 1 1 1 1 1 1 1 1 1 1 1 1 16 15 10 12 16 16 15 10 12 15 10 12 15 10 7 12 1 1 1 1 1 1 1 1 100 1 100 1 1 1 100 1 100 1 1
staticfield com/sun/tools/javac/code/Scope$ScopeImpl sentinel Lcom/sun/tools/javac/code/Scope$Entry; com/sun/tools/javac/code/Scope$Entry
ciInstanceKlass com/sun/tools/javac/jvm/ClassReader 1 1 2435 100 1 100 1 9 7 12 1 1 1 10 7 12 1 1 1 10 12 1 1 10 7 12 1 1 10 7 12 1 1 1 9 12 1 1 9 12 1 9 12 1 1 9 12 1 1 9 12 1 1 7 1 3 10 12 1 9 12 1 1 7 1 10 9 12 1 1 9 12 1 1 9 12 1 1 9 12 1 1 9 7 12 1 1 1 10 7 12 1 1 1 9 12 1 9 12 1 9 12 1 10 12 1 9 12 1 7 1 10 9 12 1 1 9 12 1 9 12 1 9 12 1 9 12 1 10 12 1 1 10 7 12 1 1 1 9 12 1 1 10 7 12 1 1 9 12 1 1 10 7 12 1 1 9 12 1 1 10 7 12 1 1 9 12 1 1 7 1 10 12 1 9 12 1 1 100 1 8 1 10 12 1 10 7 12 1 1 9 12 1 1 10 7 12 1 1 9 12 1 1 10 7 12 1 1 9 12 1 1 10 7 12 1 1 9 7 12 1 1 1 10 12 1 1 9 12 1 10 7 12 1 1 10 7 12 1 1 9 12 1 1 9 7 12 1 1 1 10 12 1 1 9 12 1 9 12 1 9 12 1 9 12 1 9 12 1 9 12 1 9 12 1 9 12 1 9 12 1 10 7 12 1 1 9 12 1 1 9 12 1 1 10 7 12 1 1 1 9 12 1 1 10 7 12 1 1 9 12 1 1 10 12 1 9 7 12 1 1 1 5 0 5 0 9 12 1 1 9 12 1 10 7 12 1 1 1 9 7 12 1 1 10 12 1 1 10 12 1 1 10 12 1 1 10 12 1 100 1 10 12 1 1 10 12 1 100 1 10 100 12 1 1 1 10 9 12 1 10 12 1 1 100 1 10 12 1 1 10 12 1 1 10 12 1 10 12 1 1 10 12 1 1 7 1 10 12 1 1 10 12 1 1 9 12 1 11 7 12 1 1 1 7 1 10 12 1 9 7 1 10 12 1 9 100 1 10 12 1 9 7 1 10 12 1 9 9 12 1 9 12 1 9 12 1 10 12 1 1 9 7 12 1 1 1 10 12 1 1 10 12 1 1 7 1 9 7 12 1 1 1 9 12 1 1 10 12 1 9 12 1 1 9 12 1 9 12 1 9 12 1 1 9 12 1 9 12 1 9 12 1 9 12 1 9 12 1 10 12 1 8 1 10 12 1 9 12 1 9 12 1 1 9 12 1 7 1 9 12 1 10 12 1 10 12 1 1 10 12 1 1 10 12 1 1 9 12 1 1 9 7 12 1 1 1 10 12 1 1 9 12 1 9 7 1 5 0 9 12 1 7 1 10 12 1 9 12 1 10 12 1 10 12 1 7 1 10 12 1 10 12 1 10 12 1 1 8 1 10 12 1 1 8 1 10 12 1 1 10 12 1 1 7 1 10 12 1 9 12 1 9 9 12 1 10 12 1 7 1 10 12 1 10 9 7 12 1 1 1 10 100 12 1 1 1 100 1 10 100 12 1 1 7 1 10 10 12 1 1 10 12 1 1 8 1 10 12 1 8 1 10 12 10 12 1 1 10 12 1 7 1 9 12 1 10 12 1 9 10 12 1 1 10 12 1 1 9 8 1 9 12 1 10 12 1 1 10 12 1 10 100 12 1 1 1 10 12 1 1 10 12 1 7 1 7 1 9 12 1 9 7 12 1 1 1 10 12 1 7 1 9 12 1 10 7 1 9 12 1 10 7 1 9 12 1 10 7 1 9 12 1 10 7 1 9 12 1 10 7 1 9 12 1 10 7 1 9 12 1 10 7 1 9 12 1 9 12 1 10 7 1 9 12 1 10 7 1 9 12 1 10 7 1 9 12 1 10 7 1 9 12 1 10 7 1 9 12 1 10 7 1 9 12 1 10 7 1 9 12 1 10 7 1 9 12 1 10 7 1 9 12 1 10 7 1 9 12 1 10 7 1 9 12 1 9 12 1 10 7 1 9 12 1 10 7 1 9 12 1 10 7 1 9 12 1 9 12 1 10 7 1 9 12 1 10 7 1 9 12 1 9 12 1 10 7 1 9 12 1 9 12 1 10 9 11 7 12 1 1 9 12 1 10 12 1 10 12 1 9 12 1 1 10 12 1 1 10 7 12 1 1 1 10 7 12 1 1 1 18 12 1 1 10 12 1 1 100 1 9 12 1 1 9 7 12 1 1 8 1 10 12 1 1 10 12 1 1 10 12 1 1 9 12 1 10 12 1 1 9 9 10 9 12 1 9 12 1 10 12 1 1 9 7 1 10 12 1 1 9 5 0 10 12 1 1 7 1 10 10 12 1 1 11 7 12 1 1 11 12 1 1 9 10 12 1 10 12 1 8 1 10 10 12 1 10 12 1 10 12 1 1 10 12 1 1 9 10 12 1 1 9 10 100 12 1 1 1 11 100 1 9 9 12 1 10 12 1 1 9 12 1 5 0 10 12 1 10 12 1 10 12 1 10 12 1 10 10 12 10 10 12 1 10 12 1 1 10 12 1 1 10 12 1 11 12 10 12 1 1 10 12 1 1 10 12 1 10 12 1 1 10 12 1 10 12 1 1 7 1 9 10 12 1 1 9 12 1 5 0 9 12 1 9 12 1 9 12 7 1 9 12 1 9 12 9 12 1 7 1 9 9 12 7 1 10 12 1 9 5 0 9 12 1 5 0 9 12 1 5 0 10 12 1 1 9 12 1 10 7 12 1 1 1 5 0 9 12 1 5 0 9 12 1 9 12 1 9 12 1 9 12 1 1 9 12 1 9 12 1 9 12 1 5 0 9 12 1 5 0 9 12 1 9 12 1 9 12 1 9 12 1 7 1 10 12 1 10 12 1 1 9 12 1 1 7 1 10 100 12 1 1 1 10 12 1 1 10 10 12 1 10 12 1 1 100 1 10 10 12 1 1 9 12 1 1 7 1 10 12 1 10 12 1 1 9 7 12 1 1 100 1 10 12 1 10 12 1 10 12 1 10 12 1 10 12 1 10 12 1 1 100 1 10 12 1 10 12 1 10 100 12 1 1 1 8 1 8 1 10 12 1 1 10 12 1 1 10 12 1 1 9 100 12 1 1 1 10 12 1 10 12 1 10 100 12 1 1 1 9 12 1 10 12 1 10 12 1 10 12 1 10 12 1 9 12 1 9 12 1 9 12 1 10 12 1 10 12 1 10 12 1 10 12 1 10 12 1 1 10 12 1 10 12 1 1 10 12 1 10 12 1 10 12 1 10 12 1 10 12 1 10 12 1 10 12 1 10 12 1 10 12 1 10 12 1 10 12 1 8 1 8 1 10 12 1 100 1 10 12 1 1 11 7 12 1 1 10 12 1 10 12 1 9 12 1 7 1 10 12 1 7 1 10 12 7 1 10 12 8 1 10 12 1 8 1 100 1 10 10 12 1 1 100 1 10 12 1 1 10 12 1 1 10 100 12 1 1 1 10 12 1 1 10 12 1 1 7 1 10 12 1 10 12 1 8 1 10 12 1 8 10 12 1 10 12 1 5 0 9 12 1 10 12 1 9 12 1 9 12 1 9 12 1 9 12 1 5 0 5 0 5 0 8 1 8 1 10 12 10 12 1 10 12 1 9 100 12 1 1 1 10 12 1 1 10 12 1 1 10 10 12 1 1 9 5 0 10 12 1 1 10 12 1 1 10 12 1 1 8 1 5 0 10 12 1 9 12 1 5 0 8 1 9 12 1 9 12 1 9 12 1 8 1 10 12 1 1 10 7 12 1 1 1 9 12 1 10 100 12 1 1 1 10 9 10 12 1 1 9 12 1 10 12 1 9 12 1 10 12 1 9 12 1 9 12 1 9 12 1 10 12 1 3 10 12 1 10 12 1 9 10 12 1 10 100 12 1 1 1 10 12 1 10 12 5 0 18 5 0 8 1 11 10 12 1 11 12 1 8 1 7 1 10 10 12 1 9 12 10 12 1 10 12 1 10 12 1 10 12 1 10 9 12 10 12 1 5 0 9 12 1 9 12 1 10 12 1 1 9 7 12 1 1 8 1 8 1 9 12 1 8 1 10 12 1 10 12 1 1 10 12 1 5 0 8 1 9 12 1 18 12 1 9 12 1 10 12 1 1 10 12 1 1 10 12 1 1 10 12 1 10 12 1 100 1 9 10 12 1 1 9 12 1 1 10 18 12 1 1 10 12 1 10 12 1 1 18 9 12 1 10 12 1 9 12 1 3 8 1 10 12 1 1 3 9 12 1 10 12 1 10 12 1 1 8 1 9 12 1 9 12 1 9 12 1 10 12 1 10 12 1 1 9 12 1 10 12 1 1 10 12 1 10 12 1 1 10 12 1 10 12 1 11 12 1 10 12 1 11 7 12 1 1 1 10 12 1 1 10 7 12 1 1 7 1 10 12 1 1 10 12 1 10 12 1 1 10 12 1 10 12 1 5 0 7 1 7 1 10 12 1 10 12 1 10 12 1 1 10 12 1 1 10 12 1 7 1 10 12 1 9 12 1 1 9 12 1 9 12 1 100 1 100 1 8 1 10 100 1 100 1 8 1 5 0 5 0 5 0 5 0 5 0 5 0 5 0 5 0 7 1 10 1 1 1 1 1 1 1 1 1 1 1 1 1 1 1 1 1 1 1 1 1 1 1 1 1 1 1 1 1 1 1 1 1 1 1 1 1 1 1 100 1 1 1 1 1 100 1 1 1 1 1 100 1 1 1 1 1 100 1 1 1 1 1 100 1 1 1 1 1 1 1 1 1 1 1 1 1 1 1 1 1 1 1 1 1 1 1 1 1 1 1 1 1 1 1 1 1 1 1 1 100 1 1 1 1 1 1 1 1 1 1 1 1 1 1 1 1 1 1 1 1 1 1 1 1 1 1 1 1 1 1 1 1 1 1 1 1 1 1 1 1 1 1 1 1 1 1 1 1 1 1 1 1 1 1 1 1 1 1 1 1 1 1 1 100 1 1 1 1 1 1 1 1 1 1 1 1 1 1 1 1 1 1 1 1 1 1 1 1 1 1 1 1 1 1 1 1 1 1 1 1 1 1 1 1 1 1 1 1 1 1 100 1 1 1 1 1 1 1 1 1 1 1 1 1 1 1 1 1 1 1 1 1 1 1 1 1 1 1 1 1 1 1 1 1 1 1 1 1 1 1 1 1 1 100 1 100 1 100 1 100 1 100 1 100 1 1 16 15 10 12 1 1 16 15 16 15 10 12 16 16 15 10 12 16 15 16 15 10 7 12 1 1 1 1 1 1 100 1 1 1 1 1 1 100 1 1 100 1 1 1 100 1 1 1 1 1 100 1 1 1 1 100 1 1 1 100 1 1 100 1 1 1 1 1 1 1 1 1 100 1 1 1 1 100 1 1 100 1 1 1 1 100 1 1 1 1 1 100 1 1 1 1 1 1 1 1 1 1 1 1 1 100 1 1 1 1 1 1 1 1 1 100 1 1 1 100 1 1 1 1 1 1 1 1 100 1 1 100 1 100 1 1
staticfield com/sun/tools/javac/jvm/ClassReader classReaderKey Lcom/sun/tools/javac/util/Context$Key; com/sun/tools/javac/util/Context$Key
ciInstanceKlass com/sun/tools/javac/jvm/ClassReader$1 1 1 159 9 7 12 1 1 1 9 12 1 1 10 7 12 1 1 1 9 12 1 1 10 7 12 1 1 1 9 12 1 1 9 12 1 9 12 1 1 10 7 12 1 1 1 9 12 1 1 10 7 12 1 1 1 9 12 1 1 10 10 12 1 1 10 7 12 1 1 1 9 100 12 1 1 1 10 100 12 1 1 1 10 12 1 1 10 12 1 1 100 1 10 12 9 7 1 9 9 12 1 10 12 1 1 10 12 1 9 12 1 1 10 12 1 9 12 1 10 12 1 10 10 1 1 1 1 1 1 1 1 1 1 1 1 1 1 1 1 1 1 1 1 1 1 1 1 1 12 1 1 1 100 1 1 1 1 100 1 1
instanceKlass com/sun/tools/javac/code/Types$SimpleVisitor
instanceKlass com/sun/tools/javac/code/Types$MapVisitor
ciInstanceKlass com/sun/tools/javac/code/Types$DefaultTypeVisitor 1 1 122 10 7 12 1 1 1 10 7 12 1 1 1 10 7 12 1 1 1 100 1 1 1 1 1 1 1 1 1 1 1 1 1 1 1 1 1 1 1 1 1 1 1 1 1 1 1 1 1 1 1 1 1 1 1 1 1 1 1 1 1 1 1 1 1 1 1 1 1 1 1 1 1 1 1 1 1 1 1 1 1 1 1 1 100 1 1 1 1 100 1 1 100 1 1 100 1 1 100 1 1 100 1 1 100 1 1 100 1 1 100 1 1 100 1 1 100 1 1 100 1 1
ciInstanceKlass com/sun/tools/javac/code/TypeTag 1 1 260 100 1 7 1 9 12 1 1 9 12 1 9 12 1 9 12 1 9 12 1 9 12 1 9 12 1 9 12 1 9 12 1 9 12 1 9 12 1 9 12 1 9 12 1 9 12 1 9 12 1 9 12 1 9 12 1 9 12 1 9 12 1 9 12 1 9 12 1 9 12 1 9 12 1 9 12 1 9 12 1 1 10 7 12 1 1 10 7 12 1 1 1 10 12 1 1 10 12 1 9 12 1 1 9 12 1 9 12 1 1 10 12 1 1 9 100 12 1 1 1 9 12 1 9 12 1 9 12 1 9 12 1 9 12 1 9 12 1 9 12 1 100 1 100 1 10 12 1 8 1 10 12 1 1 10 12 1 10 12 1 1 10 12 1 9 100 12 1 1 9 12 9 12 9 12 9 12 9 12 9 12 9 12 9 12 8 1 100 1 100 1 3 100 1 10 8 8 8 8 8 8 8 8 8 10 8 8 8 8 8 8 8 8 8 8 8 8 8 8 8 10 12 1 1 1 1 1 1 1 1 1 1 1 1 1 1 1 1 1 1 1 1 1 1 1 1 1 1 1 1 1 1 1 1 1 1 100 1 1
staticfield com/sun/tools/javac/code/TypeTag BYTE Lcom/sun/tools/javac/code/TypeTag; com/sun/tools/javac/code/TypeTag
staticfield com/sun/tools/javac/code/TypeTag CHAR Lcom/sun/tools/javac/code/TypeTag; com/sun/tools/javac/code/TypeTag
staticfield com/sun/tools/javac/code/TypeTag SHORT Lcom/sun/tools/javac/code/TypeTag; com/sun/tools/javac/code/TypeTag
staticfield com/sun/tools/javac/code/TypeTag LONG Lcom/sun/tools/javac/code/TypeTag; com/sun/tools/javac/code/TypeTag
staticfield com/sun/tools/javac/code/TypeTag FLOAT Lcom/sun/tools/javac/code/TypeTag; com/sun/tools/javac/code/TypeTag
staticfield com/sun/tools/javac/code/TypeTag INT Lcom/sun/tools/javac/code/TypeTag; com/sun/tools/javac/code/TypeTag
staticfield com/sun/tools/javac/code/TypeTag DOUBLE Lcom/sun/tools/javac/code/TypeTag; com/sun/tools/javac/code/TypeTag
staticfield com/sun/tools/javac/code/TypeTag BOOLEAN Lcom/sun/tools/javac/code/TypeTag; com/sun/tools/javac/code/TypeTag
staticfield com/sun/tools/javac/code/TypeTag VOID Lcom/sun/tools/javac/code/TypeTag; com/sun/tools/javac/code/TypeTag
staticfield com/sun/tools/javac/code/TypeTag CLASS Lcom/sun/tools/javac/code/TypeTag; com/sun/tools/javac/code/TypeTag
staticfield com/sun/tools/javac/code/TypeTag ARRAY Lcom/sun/tools/javac/code/TypeTag; com/sun/tools/javac/code/TypeTag
staticfield com/sun/tools/javac/code/TypeTag METHOD Lcom/sun/tools/javac/code/TypeTag; com/sun/tools/javac/code/TypeTag
staticfield com/sun/tools/javac/code/TypeTag PACKAGE Lcom/sun/tools/javac/code/TypeTag; com/sun/tools/javac/code/TypeTag
staticfield com/sun/tools/javac/code/TypeTag MODULE Lcom/sun/tools/javac/code/TypeTag; com/sun/tools/javac/code/TypeTag
staticfield com/sun/tools/javac/code/TypeTag TYPEVAR Lcom/sun/tools/javac/code/TypeTag; com/sun/tools/javac/code/TypeTag
staticfield com/sun/tools/javac/code/TypeTag WILDCARD Lcom/sun/tools/javac/code/TypeTag; com/sun/tools/javac/code/TypeTag
staticfield com/sun/tools/javac/code/TypeTag FORALL Lcom/sun/tools/javac/code/TypeTag; com/sun/tools/javac/code/TypeTag
staticfield com/sun/tools/javac/code/TypeTag DEFERRED Lcom/sun/tools/javac/code/TypeTag; com/sun/tools/javac/code/TypeTag
staticfield com/sun/tools/javac/code/TypeTag BOT Lcom/sun/tools/javac/code/TypeTag; com/sun/tools/javac/code/TypeTag
staticfield com/sun/tools/javac/code/TypeTag NONE Lcom/sun/tools/javac/code/TypeTag; com/sun/tools/javac/code/TypeTag
staticfield com/sun/tools/javac/code/TypeTag ERROR Lcom/sun/tools/javac/code/TypeTag; com/sun/tools/javac/code/TypeTag
staticfield com/sun/tools/javac/code/TypeTag UNDETVAR Lcom/sun/tools/javac/code/TypeTag; com/sun/tools/javac/code/TypeTag
staticfield com/sun/tools/javac/code/TypeTag UNINITIALIZED_THIS Lcom/sun/tools/javac/code/TypeTag; com/sun/tools/javac/code/TypeTag
staticfield com/sun/tools/javac/code/TypeTag UNINITIALIZED_OBJECT Lcom/sun/tools/javac/code/TypeTag; com/sun/tools/javac/code/TypeTag
staticfield com/sun/tools/javac/code/TypeTag $VALUES [Lcom/sun/tools/javac/code/TypeTag; 24 [Lcom/sun/tools/javac/code/TypeTag;
ciInstanceKlass com/sun/tools/javac/code/Symtab 1 1 1465 100 1 9 7 12 1 1 1 10 7 12 1 1 1 10 12 1 1 9 12 1 1 100 1 10 12 1 18 12 1 1 11 7 12 1 1 1 7 1 9 7 12 1 1 1 9 12 1 1 10 12 1 1 10 7 12 1 1 1 7 1 9 12 1 1 10 7 12 1 1 1 9 12 1 1 10 12 1 10 12 1 1 10 12 1 9 12 1 1 7 1 10 12 1 8 1 10 12 1 1 10 12 1 1 9 12 1 1 10 12 1 1 9 12 1 1 9 7 12 1 1 1 7 1 10 12 1 9 7 1 10 12 1 10 12 1 1 7 1 9 9 7 12 1 1 5 0 9 12 1 1 9 12 1 10 7 12 1 1 1 9 12 1 1 10 7 12 1 1 1 9 12 1 1 9 12 1 9 12 1 9 12 1 9 12 1 10 7 1 7 1 9 12 1 1 10 12 1 9 12 1 1 9 12 1 9 12 1 9 12 1 9 12 1 9 12 1 9 12 1 9 12 1 9 12 1 9 12 1 9 12 1 9 12 1 9 12 1 9 12 1 9 12 1 7 1 10 9 12 1 7 1 10 9 12 1 1 10 12 1 7 1 7 1 10 9 12 1 9 12 1 7 1 10 9 12 1 10 12 1 1 10 12 1 1 10 7 12 1 1 9 12 1 1 10 7 12 1 1 10 7 12 1 1 7 1 9 12 1 1 10 12 1 1 10 12 1 7 1 10 12 1 9 12 1 10 12 1 1 10 7 12 1 1 9 7 12 1 1 1 10 12 1 1 9 12 10 12 1 1 9 7 1 10 7 12 1 1 1 9 12 1 7 1 10 9 12 1 9 12 1 9 12 1 10 12 1 1 7 1 10 9 12 1 7 1 9 7 12 1 1 1 9 12 1 1 10 12 1 9 12 1 5 0 9 12 1 9 12 1 1 7 1 10 12 1 9 12 1 8 1 9 12 1 9 12 1 8 1 8 1 10 12 1 8 1 8 1 8 1 8 1 8 1 8 1 8 1 8 1 8 1 8 1 8 1 8 1 8 1 8 1 8 1 8 1 8 1 5 0 9 12 1 10 12 1 9 12 1 9 12 1 9 12 1 7 1 10 12 1 9 12 1 9 12 1 9 12 1 10 7 12 1 1 10 12 1 1 9 12 1 9 7 1 9 10 12 1 10 7 12 1 1 10 9 12 1 8 1 10 12 1 9 12 1 8 1 9 12 1 8 1 9 12 1 8 1 9 12 1 8 1 9 12 1 8 1 9 12 1 8 1 9 12 1 8 1 9 12 1 8 1 9 12 1 8 1 9 12 1 8 1 9 12 1 8 1 9 12 1 8 1 9 12 1 8 1 9 12 1 8 1 9 12 1 8 1 9 12 1 8 1 9 12 1 8 1 9 12 1 8 1 9 12 1 8 1 9 12 1 8 1 9 12 1 8 1 9 12 1 8 1 9 12 1 8 1 9 12 1 8 1 9 12 1 8 1 9 12 1 8 1 9 12 1 8 1 9 12 1 8 1 9 12 1 8 1 8 1 9 12 1 9 12 1 9 12 1 7 1 5 0 9 12 1 7 1 10 12 1 10 9 12 1 1 8 1 9 12 1 8 1 9 12 1 8 1 9 12 1 8 1 9 12 1 8 1 9 12 1 8 1 9 12 1 8 1 9 12 1 8 1 9 12 1 8 1 9 12 1 8 1 9 12 1 8 1 9 12 1 8 1 9 12 1 8 1 9 12 1 8 1 9 12 1 8 1 9 12 1 8 1 9 12 1 8 1 9 12 1 8 1 9 12 1 8 1 9 12 1 9 12 1 10 12 1 9 12 1 8 1 9 12 1 8 1 9 12 1 8 1 9 12 1 8 1 9 12 1 8 1 9 12 1 8 1 9 12 1 8 1 10 12 9 12 1 8 1 9 12 1 8 1 9 12 1 8 1 9 12 1 8 1 9 12 1 8 1 9 12 1 8 1 9 12 1 8 1 9 12 1 8 1 9 12 1 8 1 9 12 1 9 12 1 9 12 1 8 1 9 12 1 8 1 9 12 1 8 1 9 12 1 8 1 9 12 1 8 1 9 12 1 8 1 9 12 1 8 1 9 12 1 8 1 9 12 1 8 1 9 12 1 8 1 9 12 1 10 12 1 1 10 12 1 8 1 9 12 1 8 1 9 12 1 5 0 9 12 1 10 12 1 1 10 12 1 5 0 9 12 1 10 9 12 1 1 10 9 12 1 9 12 1 10 7 12 1 1 1 18 12 1 1 10 7 12 1 1 10 12 1 1 10 12 1 10 12 1 1 10 12 1 1 9 12 1 9 12 1 1 9 12 1 9 12 1 9 7 1 9 12 1 5 0 10 10 12 1 10 12 1 9 12 1 18 12 1 10 12 1 11 12 1 1 11 12 10 12 1 1 10 12 1 10 12 1 1 10 12 10 12 1 10 12 1 9 12 1 10 12 1 1 18 12 1 11 7 12 1 1 1 18 12 1 1 11 12 1 1 9 11 12 10 9 12 1 11 12 18 12 1 1 9 12 1 18 10 7 12 1 1 1 10 12 9 12 1 10 12 1 18 12 1 10 12 1 1 10 12 1 9 10 12 1 1 18 7 1 10 18 12 1 9 5 0 9 12 1 10 12 1 18 11 12 1 1 11 7 12 1 1 11 7 12 1 1 11 12 1 1 7 1 11 12 1 10 10 11 12 1 11 12 1 1 11 12 8 1 10 12 1 18 10 100 12 1 1 1 11 100 1 9 7 12 1 1 9 12 1 9 12 1 10 100 12 1 1 1 10 12 1 10 12 1 1 100 1 10 12 1 10 12 1 1 10 12 1 5 0 9 12 1 7 1 10 1 1 1 1 1 1 1 1 1 1 1 1 1 1 1 1 1 1 1 1 1 1 1 1 1 1 1 1 1 1 1 1 1 1 1 1 100 1 1 1 1 1 1 1 1 1 1 1 1 1 1 1 1 1 1 1 1 1 1 1 1 1 1 1 1 1 1 1 1 1 1 1 1 1 1 1 1 1 1 1 1 1 1 1 1 1 1 1 1 1 1 1 1 1 1 1 1 1 1 1 1 1 1 1 1 1 1 1 16 15 10 12 16 1 16 15 16 15 10 16 15 10 12 16 16 1 15 10 12 16 16 15 10 12 15 10 12 16 15 10 12 15 10 12 15 10 12 15 10 12 15 10 12 16 15 10 7 12 1 1 1 1 1 1 1 1 1 1 1 1 1 100 1 1 1 1 1 1 1 100 1 1 100 1 1 1 1 1 1 1 100 1 1 1 100 1 100 1 1
staticfield com/sun/tools/javac/code/Symtab symtabKey Lcom/sun/tools/javac/util/Context$Key; com/sun/tools/javac/util/Context$Key
staticfield com/sun/tools/javac/code/Symtab EMPTY Ljava/util/Map; java/util/HashMap
ciInstanceKlass com/sun/tools/javac/code/Symbol$RootPackageSymbol 1 1 35 10 7 12 1 1 1 9 7 12 1 1 1 9 12 1 1 1 1 1 1 1 1 1 1 1 1 1 1 1 100 1 1 1 1
ciInstanceKlass com/sun/tools/javac/code/Symtab$4 1 1 110 10 7 12 1 1 1 9 7 12 1 1 1 10 7 12 1 1 1 10 7 12 1 1 1 9 12 1 1 9 12 1 9 12 1 9 12 1 7 1 9 7 12 1 1 1 9 7 12 1 1 1 10 7 12 1 1 1 10 12 1 10 12 1 9 12 1 9 12 1 1 8 1 100 1 10 100 12 1 1 1 1 1 1 1 1 1 1 1 1 1 1 1 1 1 1 1 1 1 12 1 1 1 100 1 1 100 1 1 1
ciInstanceKlass com/sun/tools/javac/code/Type$1 1 1 26 10 7 12 1 1 1 8 1 100 1 1 1 1 1 1 1 1 1 1 1 100 1 1 1 1
instanceKlass com/sun/tools/javac/code/Types$TypeProjection
instanceKlass com/sun/tools/javac/code/Types$20
instanceKlass com/sun/tools/javac/code/Types$11
instanceKlass com/sun/tools/javac/code/Types$9
instanceKlass com/sun/tools/javac/comp/DeferredAttr$3
instanceKlass com/sun/tools/javac/code/Type$StructuralTypeMapping
ciInstanceKlass com/sun/tools/javac/code/Types$TypeMapping 1 1 99 10 7 12 1 1 1 10 7 12 1 1 1 18 12 1 1 10 7 12 1 1 1 10 12 1 1 100 1 10 12 1 1 10 12 10 12 1 100 1 1 1 1 1 1 1 1 1 1 1 1 1 1 1 1 1 1 1 1 1 1 1 1 1 1 1 1 1 1 1 7 1 1 16 15 10 12 16 15 10 7 12 1 1 1 1 1 1 100 1 1 100 1 1 100 1 100 1 1
ciInstanceKlass com/sun/tools/javac/code/Kinds$Kind 1 1 241 7 1 9 12 1 1 9 12 1 9 12 1 9 12 1 9 12 1 9 12 1 9 12 1 9 12 1 9 12 1 9 12 1 9 12 1 9 12 1 9 12 1 9 12 1 9 12 1 9 12 1 9 12 1 9 12 1 1 10 7 12 1 1 10 7 12 1 1 1 10 12 1 1 10 12 1 9 12 1 1 9 12 1 1 9 12 1 9 12 1 1 10 7 12 1 1 1 9 7 12 1 1 9 12 1 9 12 1 10 12 1 1 100 1 100 1 10 12 1 8 1 10 12 1 1 10 12 1 10 12 1 1 10 12 1 8 9 12 10 12 1 8 9 7 12 1 1 9 12 10 12 1 8 9 12 1 9 12 8 9 12 9 12 8 9 12 1 9 12 8 9 12 8 9 12 8 9 12 1 9 12 8 10 12 1 8 8 8 8 10 12 1 8 8 8 8 10 12 1 1 1 1 1 1 1 1 1 1 1 1 1 1 1 1 1 1 1 1 1 1 1 1 1 1 1 1 1 1 1 1 1 1 1 100 1 1 1 1 1 1
staticfield com/sun/tools/javac/code/Kinds$Kind NIL Lcom/sun/tools/javac/code/Kinds$Kind; com/sun/tools/javac/code/Kinds$Kind
staticfield com/sun/tools/javac/code/Kinds$Kind PCK Lcom/sun/tools/javac/code/Kinds$Kind; com/sun/tools/javac/code/Kinds$Kind
staticfield com/sun/tools/javac/code/Kinds$Kind TYP Lcom/sun/tools/javac/code/Kinds$Kind; com/sun/tools/javac/code/Kinds$Kind
staticfield com/sun/tools/javac/code/Kinds$Kind VAR Lcom/sun/tools/javac/code/Kinds$Kind; com/sun/tools/javac/code/Kinds$Kind
staticfield com/sun/tools/javac/code/Kinds$Kind MTH Lcom/sun/tools/javac/code/Kinds$Kind; com/sun/tools/javac/code/Kinds$Kind
staticfield com/sun/tools/javac/code/Kinds$Kind POLY Lcom/sun/tools/javac/code/Kinds$Kind; com/sun/tools/javac/code/Kinds$Kind
staticfield com/sun/tools/javac/code/Kinds$Kind MDL Lcom/sun/tools/javac/code/Kinds$Kind; com/sun/tools/javac/code/Kinds$Kind
staticfield com/sun/tools/javac/code/Kinds$Kind ERR Lcom/sun/tools/javac/code/Kinds$Kind; com/sun/tools/javac/code/Kinds$Kind
staticfield com/sun/tools/javac/code/Kinds$Kind AMBIGUOUS Lcom/sun/tools/javac/code/Kinds$Kind; com/sun/tools/javac/code/Kinds$Kind
staticfield com/sun/tools/javac/code/Kinds$Kind HIDDEN Lcom/sun/tools/javac/code/Kinds$Kind; com/sun/tools/javac/code/Kinds$Kind
staticfield com/sun/tools/javac/code/Kinds$Kind STATICERR Lcom/sun/tools/javac/code/Kinds$Kind; com/sun/tools/javac/code/Kinds$Kind
staticfield com/sun/tools/javac/code/Kinds$Kind BAD_RESTRICTED_TYPE Lcom/sun/tools/javac/code/Kinds$Kind; com/sun/tools/javac/code/Kinds$Kind
staticfield com/sun/tools/javac/code/Kinds$Kind ABSENT_VAR Lcom/sun/tools/javac/code/Kinds$Kind; com/sun/tools/javac/code/Kinds$Kind
staticfield com/sun/tools/javac/code/Kinds$Kind WRONG_MTHS Lcom/sun/tools/javac/code/Kinds$Kind; com/sun/tools/javac/code/Kinds$Kind
staticfield com/sun/tools/javac/code/Kinds$Kind WRONG_MTH Lcom/sun/tools/javac/code/Kinds$Kind; com/sun/tools/javac/code/Kinds$Kind
staticfield com/sun/tools/javac/code/Kinds$Kind ABSENT_MTH Lcom/sun/tools/javac/code/Kinds$Kind; com/sun/tools/javac/code/Kinds$Kind
staticfield com/sun/tools/javac/code/Kinds$Kind ABSENT_TYP Lcom/sun/tools/javac/code/Kinds$Kind; com/sun/tools/javac/code/Kinds$Kind
staticfield com/sun/tools/javac/code/Kinds$Kind $VALUES [Lcom/sun/tools/javac/code/Kinds$Kind; 17 [Lcom/sun/tools/javac/code/Kinds$Kind;
ciInstanceKlass com/sun/tools/javac/code/Kinds$KindSelector 1 1 127 10 7 12 1 1 1 9 7 12 1 1 1 10 12 1 100 1 10 100 12 1 1 1 9 12 1 1 9 12 1 9 12 1 10 12 1 1 9 12 9 12 1 9 12 1 9 12 1 9 12 1 9 12 1 9 12 1 9 12 1 9 12 1 9 12 1 9 12 1 9 12 1 9 12 1 10 12 1 1 9 12 1 9 12 1 9 12 1 9 12 1 9 12 1 1 1 1 1 1 1 1 1 1 1 100 1 1 1 1 1 1 1 1 1 1 1 1 1 1 1 1 100 1 1 1 1
staticfield com/sun/tools/javac/code/Kinds$KindSelector NIL Lcom/sun/tools/javac/code/Kinds$KindSelector; com/sun/tools/javac/code/Kinds$KindSelector
staticfield com/sun/tools/javac/code/Kinds$KindSelector PCK Lcom/sun/tools/javac/code/Kinds$KindSelector; com/sun/tools/javac/code/Kinds$KindSelector
staticfield com/sun/tools/javac/code/Kinds$KindSelector TYP Lcom/sun/tools/javac/code/Kinds$KindSelector; com/sun/tools/javac/code/Kinds$KindSelector
staticfield com/sun/tools/javac/code/Kinds$KindSelector VAR Lcom/sun/tools/javac/code/Kinds$KindSelector; com/sun/tools/javac/code/Kinds$KindSelector
staticfield com/sun/tools/javac/code/Kinds$KindSelector VAL Lcom/sun/tools/javac/code/Kinds$KindSelector; com/sun/tools/javac/code/Kinds$KindSelector
staticfield com/sun/tools/javac/code/Kinds$KindSelector MTH Lcom/sun/tools/javac/code/Kinds$KindSelector; com/sun/tools/javac/code/Kinds$KindSelector
staticfield com/sun/tools/javac/code/Kinds$KindSelector POLY Lcom/sun/tools/javac/code/Kinds$KindSelector; com/sun/tools/javac/code/Kinds$KindSelector
staticfield com/sun/tools/javac/code/Kinds$KindSelector MDL Lcom/sun/tools/javac/code/Kinds$KindSelector; com/sun/tools/javac/code/Kinds$KindSelector
staticfield com/sun/tools/javac/code/Kinds$KindSelector ERR Lcom/sun/tools/javac/code/Kinds$KindSelector; com/sun/tools/javac/code/Kinds$KindSelector
staticfield com/sun/tools/javac/code/Kinds$KindSelector ASG Lcom/sun/tools/javac/code/Kinds$KindSelector; com/sun/tools/javac/code/Kinds$KindSelector
staticfield com/sun/tools/javac/code/Kinds$KindSelector TYP_PCK Lcom/sun/tools/javac/code/Kinds$KindSelector; com/sun/tools/javac/code/Kinds$KindSelector
staticfield com/sun/tools/javac/code/Kinds$KindSelector VAL_MTH Lcom/sun/tools/javac/code/Kinds$KindSelector; com/sun/tools/javac/code/Kinds$KindSelector
staticfield com/sun/tools/javac/code/Kinds$KindSelector VAL_POLY Lcom/sun/tools/javac/code/Kinds$KindSelector; com/sun/tools/javac/code/Kinds$KindSelector
staticfield com/sun/tools/javac/code/Kinds$KindSelector VAL_TYP Lcom/sun/tools/javac/code/Kinds$KindSelector; com/sun/tools/javac/code/Kinds$KindSelector
staticfield com/sun/tools/javac/code/Kinds$KindSelector VAL_TYP_PCK Lcom/sun/tools/javac/code/Kinds$KindSelector; com/sun/tools/javac/code/Kinds$KindSelector
ciInstanceKlass com/sun/tools/javac/util/Convert$Validation 1 1 74 7 1 9 12 1 1 9 12 1 9 12 1 9 12 1 1 10 100 12 1 1 10 7 12 1 1 1 10 12 1 1 9 12 1 1 9 12 1 9 12 1 8 10 12 1 8 8 10 12 1 1 1 1 1 1 1 1 1 1 1 1 1 1 1 1 1 1 1 1 100 1 1 1
staticfield com/sun/tools/javac/util/Convert$Validation NONE Lcom/sun/tools/javac/util/Convert$Validation; com/sun/tools/javac/util/Convert$Validation
staticfield com/sun/tools/javac/util/Convert$Validation PREJDK14 Lcom/sun/tools/javac/util/Convert$Validation; com/sun/tools/javac/util/Convert$Validation
staticfield com/sun/tools/javac/util/Convert$Validation STRICT Lcom/sun/tools/javac/util/Convert$Validation; com/sun/tools/javac/util/Convert$Validation
staticfield com/sun/tools/javac/util/Convert$Validation $VALUES [Lcom/sun/tools/javac/util/Convert$Validation; 3 [Lcom/sun/tools/javac/util/Convert$Validation;
instanceKlass com/sun/tools/javac/comp/Annotate$AnnotationTypeMetadata$1
ciInstanceKlass com/sun/tools/javac/comp/Annotate$AnnotationTypeMetadata 1 1 218 100 1 10 7 12 1 1 1 9 7 12 1 1 1 9 12 1 1 10 7 12 1 1 1 10 12 1 11 7 12 1 1 10 12 1 9 12 1 1 10 7 12 1 1 1 9 12 1 7 1 10 10 12 1 1 9 7 12 1 1 1 10 7 12 1 1 1 11 7 12 1 1 1 11 7 12 1 1 11 12 1 1 7 1 9 12 1 1 9 7 12 1 1 9 12 1 1 9 7 12 1 1 1 9 7 12 1 1 1 9 7 12 1 1 10 12 1 1 5 0 7 1 11 7 12 1 1 1 10 12 1 1 11 9 12 1 1 100 1 10 8 1 10 12 1 1 10 12 1 10 12 1 1 9 12 1 1 7 1 10 12 1 1 1 1 1 1 1 1 1 1 1 1 1 1 1 1 1 1 1 1 1 1 1 1 1 1 1 1 1 1 1 1 1 1 1 1 100 1 1 1 1 1 100 1 100 1 1 100 1 1 1 100 1 1 1 1
staticfield com/sun/tools/javac/comp/Annotate$AnnotationTypeMetadata NOT_AN_ANNOTATION_TYPE Lcom/sun/tools/javac/comp/Annotate$AnnotationTypeMetadata; com/sun/tools/javac/comp/Annotate$AnnotationTypeMetadata$1
ciInstanceKlass com/sun/tools/javac/comp/Annotate$AnnotationTypeMetadata$1 1 1 63 10 7 12 1 1 1 8 1 100 1 10 12 1 100 1 1 1 1 1 1 1 1 1 1 1 1 1 1 1 1 1 1 1 1 1 1 1 1 1 1 1 1 100 1 1 1 100 1 100 1 1 100 1 1 100 1 1 100 1 100 1 1
ciInstanceKlass  @bci com/sun/tools/javac/code/Symtab enterModule (Lcom/sun/tools/javac/util/Name;)Lcom/sun/tools/javac/code/Symbol$ModuleSymbol; 37 <appendix> member <vmtarget> ; 1 1 25 1 7 1 1 1 1 1 7 1 12 10 12 9 1 1 1 7 1 12 10 1 100 1 1
ciInstanceKlass com/sun/tools/javac/code/Types 1 1 2277 100 1 9 7 12 1 1 1 10 7 12 1 1 1 10 12 1 1 10 7 12 1 1 10 7 12 1 1 1 9 12 1 1 7 1 10 12 1 9 12 1 1 7 1 10 9 12 1 1 7 1 10 9 12 1 1 7 1 10 9 12 1 1 7 1 10 9 12 1 1 7 1 10 9 12 1 7 1 10 9 12 1 7 1 10 9 12 1 7 1 10 9 12 1 7 1 10 9 12 1 1 7 1 10 9 12 1 7 1 10 9 12 1 7 1 10 9 12 1 7 1 10 9 12 1 7 1 10 9 12 1 7 1 10 9 12 1 7 1 10 9 12 1 7 1 10 9 12 1 7 1 10 9 12 1 1 7 1 10 9 12 1 7 1 10 9 12 1 1 7 1 10 9 12 1 1 7 1 10 9 12 1 1 7 1 10 12 1 9 12 1 9 12 1 7 1 10 9 12 1 1 7 1 10 9 12 1 7 1 10 9 12 1 9 12 1 18 12 1 1 9 12 1 1 7 1 10 9 12 1 1 10 12 1 1 10 7 12 1 1 1 9 12 1 1 10 7 12 1 1 9 12 1 1 10 7 12 1 1 10 7 12 1 1 9 12 1 1 10 7 12 1 1 9 12 1 1 8 1 10 12 1 1 9 12 1 1 10 7 12 1 1 9 12 1 1 10 7 12 1 1 9 12 1 1 7 1 10 12 1 9 12 1 1 10 7 12 1 1 8 1 10 12 1 1 9 7 12 1 1 1 10 12 1 9 12 1 1 9 7 12 1 1 1 10 7 12 1 1 1 100 1 10 12 1 1 9 12 1 1 9 12 1 1 10 7 12 1 1 1 9 12 1 10 12 1 1 9 12 1 10 12 1 10 12 1 10 12 1 9 12 1 10 12 1 10 12 1 10 12 1 10 10 12 1 100 1 10 12 1 9 100 12 1 1 1 10 12 1 1 100 1 10 10 12 1 1 10 12 1 1 10 7 12 1 1 7 1 10 12 1 10 7 1 9 12 1 10 12 1 10 12 1 1 9 12 1 10 12 1 10 12 1 10 12 1 1 9 100 1 10 12 1 10 12 1 10 12 1 10 100 12 1 1 1 9 12 1 1 10 12 1 10 12 1 1 100 1 10 12 1 10 12 1 10 12 1 1 18 12 1 11 100 12 1 1 1 9 7 1 100 1 10 10 12 1 1 11 100 12 1 1 11 12 1 1 9 12 1 1 10 12 1 1 10 12 1 1 9 7 12 1 1 1 9 12 1 1 10 100 12 1 1 1 10 12 1 1 8 1 10 7 12 1 1 1 9 12 1 10 12 1 10 12 1 1 9 12 1 9 100 12 1 1 1 9 100 12 1 1 1 10 12 1 1 10 12 1 9 100 12 1 1 1 9 12 1 10 100 12 1 1 1 9 12 1 1 7 1 10 7 12 1 1 1 9 12 1 10 12 1 10 12 1 7 1 9 12 1 1 10 12 1 9 12 1 10 12 1 10 12 1 10 12 1 1 9 12 1 9 12 1 1 9 12 1 1 10 12 1 1 10 12 1 1 10 12 1 1 10 7 12 1 1 1 11 100 1 10 12 1 1 10 10 12 1 10 12 1 10 12 10 12 1 1 9 10 12 1 1 9 12 1 11 100 12 1 1 1 9 100 12 1 1 1 10 12 1 1 10 12 10 12 1 1 10 12 1 1 9 12 1 7 1 9 12 1 10 12 10 12 1 10 12 1 10 12 1 10 12 1 9 100 12 1 1 1 10 12 1 1 10 12 1 9 12 1 10 12 1 1 10 10 12 1 9 12 1 10 12 1 10 12 1 10 12 1 10 12 1 10 12 10 12 1 9 12 1 10 7 1 10 12 1 100 1 9 12 1 9 100 12 1 1 1 10 12 1 1 9 10 12 1 9 12 1 1 5 0 9 9 12 1 9 12 1 10 12 1 9 12 1 10 12 10 12 1 100 1 9 12 1 1 10 12 1 1 10 12 1 10 12 10 12 1 1 9 12 9 12 1 9 100 12 1 1 1 10 100 12 1 1 1 10 12 1 100 1 10 10 12 1 1 10 12 10 12 1 10 12 1 10 12 1 1 100 1 9 9 12 1 9 12 1 100 1 10 8 1 10 12 1 1 10 12 1 1 10 9 12 1 10 12 1 9 10 12 1 9 5 0 10 12 1 9 12 1 10 12 1 10 12 1 100 1 10 12 1 10 12 1 1 10 12 1 10 12 9 12 1 10 12 1 1 10 7 1 10 12 1 10 12 1 10 12 1 1 5 0 9 12 1 10 9 12 1 9 12 1 10 100 1 10 12 1 10 12 9 12 1 11 7 12 1 1 10 12 1 11 12 1 10 12 1 10 12 1 10 12 10 12 1 1 10 12 1 1 9 12 1 1 9 12 1 10 5 0 10 12 1 10 12 10 12 1 1 10 12 1 5 0 10 12 1 1 10 100 12 1 1 9 12 1 10 100 12 1 1 1 10 12 10 12 1 10 12 1 10 12 1 10 12 1 10 12 1 10 12 1 1 10 12 1 100 1 10 12 1 1 10 12 1 10 12 1 10 18 12 1 10 12 1 1 7 1 10 7 12 1 1 10 12 1 10 12 1 1 100 1 9 12 1 1 10 100 12 1 1 1 10 12 1 1 10 5 0 10 9 100 12 1 1 1 10 100 12 1 1 1 9 9 12 1 5 0 10 12 1 1 10 12 1 1 10 100 1 10 12 1 10 12 1 100 1 10 12 1 10 12 1 10 10 12 1 10 12 1 10 12 1 10 12 1 10 12 1 100 1 10 12 1 10 12 1 10 12 1 10 12 1 9 10 9 12 1 9 12 1 10 12 1 1 7 1 9 12 1 10 10 12 1 10 12 1 9 9 10 12 1 1 9 12 1 10 12 1 1 100 1 10 10 100 12 1 1 1 10 12 1 10 12 1 10 12 1 1 10 12 1 8 1 10 12 1 8 1 10 12 1 1 8 1 10 12 1 10 12 1 1 10 12 1 18 12 1 18 12 1 18 12 1 1 18 12 1 100 1 11 100 12 1 1 11 7 12 1 1 10 12 1 1 10 12 1 10 12 1 10 10 12 1 10 12 1 10 100 1 10 12 1 11 100 1 10 12 1 1 9 12 1 9 12 1 10 12 1 11 12 1 9 12 1 10 12 1 10 10 12 1 10 12 1 11 10 12 1 10 10 12 1 1 10 12 1 1 100 1 9 12 1 10 12 10 12 1 10 12 1 10 12 10 12 1 1 10 12 9 12 9 12 1 9 12 1 10 12 1 10 12 1 1 10 12 10 12 1 10 12 1 10 12 10 12 1 1 9 12 1 1 10 7 1 100 1 9 12 1 10 10 12 1 10 12 1 10 12 1 9 12 1 1 9 12 1 1 10 12 1 1 9 12 1 10 12 1 10 10 10 12 1 1 10 12 1 10 12 1 10 9 12 1 10 12 1 10 12 1 10 10 10 12 1 10 12 1 10 12 1 1 10 12 1 10 12 1 5 0 10 12 10 12 10 12 1 10 12 100 1 10 12 1 10 12 1 1 10 12 1 100 1 10 12 1 100 1 10 12 1 10 10 12 1 9 12 1 10 12 1 10 12 1 9 12 1 9 12 1 9 12 1 9 12 1 9 12 1 9 100 1 10 12 1 1 9 100 12 1 1 9 12 1 10 12 1 1 9 12 1 10 12 1 1 100 1 9 12 1 9 100 1 9 12 1 9 12 9 12 9 12 1 9 12 11 100 12 1 1 9 12 1 9 12 1 1 9 12 1 9 12 1 9 12 1 9 12 1 100 1 9 8 1 10 12 1 9 12 1 1 10 100 12 1 1 11 9 9 12 100 1 10 12 1 8 1 7 1 10 7 1 10 10 7 1 10 1 1 1 1 1 1 1 1 1 1 1 1 1 1 1 1 1 1 1 1 1 1 1 1 1 1 1 1 1 1 1 1 1 1 1 1 1 1 1 1 1 1 1 1 1 1 1 1 1 1 1 1 1 1 1 1 1 1 1 1 1 1 1 1 1 1 1 1 1 1 1 1 1 1 1 100 1 1 1 1 1 1 1 1 1 1 1 1 1 1 1 1 1 1 1 1 1 1 1 1 1 1 1 1 1 1 1 1 1 1 1 1 100 1 1 1 1 1 1 1 1 1 1 1 1 1 1 1 1 1 1 1 1 1 1 1 1 1 1 1 1 1 1 1 1 1 1 1 1 1 1 1 1 1 1 1 1 1 1 1 1 1 1 1 1 100 1 1 1 1 1 1 1 1 1 1 1 1 1 1 1 1 1 1 1 1 1 1 1 1 100 1 1 1 1 1 1 1 1 1 1 1 1 1 1 1 1 1 1 1 1 1 1 1 1 1 1 1 1 1 1 1 1 1 1 1 1 1 1 1 1 1 1 1 1 1 1 1 1 1 1 1 1 1 1 1 1 1 1 1 1 1 1 1 1 1 1 1 1 1 1 1 1 1 1 1 1 1 1 1 1 1 1 1 1 1 1 1 1 1 1 1 1 1 1 1 1 100 1 1 1 1 1 1 1 1 1 1 1 1 1 1 1 1 1 1 1 1 1 1 1 1 1 1 1 1 1 1 1 1 1 1 1 1 1 1 1 1 1 1 1 1 1 1 1 1 1 1 1 1 1 1 1 1 1 1 1 1 1 1 1 100 1 1 1 1 1 1 1 1 1 1 1 1 1 1 100 1 100 1 100 1 100 1 100 1 100 1 100 1 100 1 100 1 100 1 100 1 100 1 100 1 100 1 100 1 100 1 100 1 100 1 100 1 100 1 100 1 100 1 1 16 15 10 12 16 16 15 10 12 16 16 15 10 12 16 15 10 12 16 1 16 1 15 10 12 16 1 16 15 10 12 1 16 1 16 15 10 12 16 1 15 10 7 12 1 1 1 1 1 1 1 1 1 1 1 1 1 1 1 100 1 1 100 1 1 1 1 1 1 1 1 1 1 1 1 1 1 1 1 100 1 1 1 1 1 100 1 1 1 1 1 100 1 1 1 1 1 1 1 1 1 1 1 1 100 1 1 1 1 1 1 100 1 1 1 1 1 1 1 1 1 100 1 1 100 1 1 1 1 1 1 1 1 1 1 1 100 1 100 1 1
staticfield com/sun/tools/javac/code/Types typesKey Lcom/sun/tools/javac/util/Context$Key; com/sun/tools/javac/util/Context$Key
staticfield com/sun/tools/javac/code/Types newInstanceFun Lcom/sun/tools/javac/code/Types$TypeMapping; com/sun/tools/javac/code/Types$20
staticfield com/sun/tools/javac/code/Types hashCodeVisitor Lcom/sun/tools/javac/code/Types$HashCodeVisitor; com/sun/tools/javac/code/Types$HashCodeVisitor
staticfield com/sun/tools/javac/code/Types hashCodeStrictVisitor Lcom/sun/tools/javac/code/Types$HashCodeVisitor; com/sun/tools/javac/code/Types$24
ciInstanceKlass com/sun/tools/javac/code/Types$14 1 1 177 10 7 12 1 1 1 9 7 12 1 1 1 10 7 12 1 1 1 10 7 12 1 1 1 10 7 12 1 1 1 9 100 12 1 1 1 10 12 1 1 10 100 12 1 1 1 100 1 100 1 100 1 10 12 1 1 100 1 10 12 1 1 10 12 1 10 12 1 10 12 1 1 10 100 12 1 1 1 10 7 12 1 1 10 12 1 1 9 7 12 1 1 1 10 7 12 1 1 100 1 10 12 1 1 9 10 10 12 1 10 100 12 1 1 10 12 1 1 10 12 1 1 10 12 1 1 10 12 1 1 1 1 1 1 1 1 1 1 1 1 1 1 1 1 1 1 1 1 1 1 1 1 1 1 1 1 1 1 1 1 1 1 1 1 100 1 1 1 100 1 1 1 1 100 1 1
ciInstanceKlass  @bci com/sun/tools/javac/code/Symtab enterPackage (Lcom/sun/tools/javac/code/Symbol$ModuleSymbol;Lcom/sun/tools/javac/util/Name;)Lcom/sun/tools/javac/code/Symbol$PackageSymbol; 29 <appendix> member <vmtarget> ; 1 1 26 1 7 1 1 1 1 1 7 1 12 10 12 9 1 1 1 100 1 1 12 10 1 100 1 1
ciInstanceKlass  @bci com/sun/tools/javac/code/Symtab getClass (Lcom/sun/tools/javac/code/Symbol$ModuleSymbol;Lcom/sun/tools/javac/util/Name;)Lcom/sun/tools/javac/code/Symbol$ClassSymbol; 7 <appendix> member <vmtarget> ; 1 1 26 1 7 1 1 1 1 1 7 1 12 10 12 9 1 1 1 100 1 1 12 10 1 100 1 1
ciInstanceKlass  @bci com/sun/tools/javac/code/Symtab doEnterClass (Lcom/sun/tools/javac/code/Symbol$ModuleSymbol;Lcom/sun/tools/javac/code/Symbol$ClassSymbol;)V 8 <appendix> argL0 ; 1 1 23 1 7 1 1 1 7 12 10 1 1 1 7 1 7 1 1 12 10 1 100 1 1
instanceKlass com/sun/tools/javac/util/DiagnosticSource$1
ciInstanceKlass com/sun/tools/javac/util/DiagnosticSource 1 1 163 100 1 10 7 12 1 1 1 9 7 12 1 1 1 9 12 1 1 10 12 1 1 9 12 1 1 9 12 1 1 9 12 1 9 12 1 11 12 1 1 100 1 10 12 1 9 12 1 1 100 1 8 1 10 12 1 100 1 9 12 1 1 10 100 12 1 1 1 100 10 12 1 1 100 1 8 1 10 100 12 1 1 1 11 100 12 1 1 1 100 1 10 100 12 1 1 1 10 12 1 1 11 100 12 1 1 1 10 12 1 1 10 12 1 7 1 10 9 12 1 1 1 1 1 1 1 1 1 1 1 1 1 1 1 100 1 1 1 1 1 1 1 1 1 1 1 1 1 1 1 1 1 1 1 1 1 1 1 1 1 1 1
staticfield com/sun/tools/javac/util/DiagnosticSource NO_SOURCE Lcom/sun/tools/javac/util/DiagnosticSource; com/sun/tools/javac/util/DiagnosticSource$1
ciInstanceKlass  @bci com/sun/tools/javac/comp/Modules completeModule (Lcom/sun/tools/javac/code/Symbol$ModuleSymbol;)V 10 <appendix> member <vmtarget> ; 1 1 30 1 7 1 1 1 1 1 1 1 7 1 12 10 12 9 12 9 1 1 1 7 1 1 12 10 1 100 1 1
ciInstanceKlass  @bci com/sun/tools/javac/code/Symtab lookupPackage (Lcom/sun/tools/javac/code/Symbol$ModuleSymbol;Lcom/sun/tools/javac/util/Name;Z)Lcom/sun/tools/javac/code/Symbol$PackageSymbol; 101 <appendix> argL0 ; 1 1 23 1 7 1 1 1 7 12 10 1 1 1 7 1 7 1 1 12 10 1 100 1 1
ciInstanceKlass  @bci com/sun/tools/javac/code/Symtab lookupPackage (Lcom/sun/tools/javac/code/Symbol$ModuleSymbol;Lcom/sun/tools/javac/util/Name;Z)Lcom/sun/tools/javac/code/Symbol$PackageSymbol; 112 <appendix> member <vmtarget> ; 1 1 28 1 7 1 1 1 1 1 7 1 12 10 12 9 1 1 1 7 1 7 1 1 12 10 1 100 1 1
ciMethodData java/lang/String isLatin1 ()Z 2 863970 orig 80 0 0 0 0 0 0 0 0 0 0 0 0 0 0 0 0 0 0 0 0 0 0 0 0 0 0 0 0 0 0 0 0 0 0 0 0 0 0 0 0 0 0 0 0 0 0 0 0 0 0 0 0 0 0 0 0 0 0 0 0 0 0 0 0 0 0 0 0 0 0 0 0 0 0 0 0 0 0 0 0 data 18 0x30007 0x0 0x58 0xd2ee2 0xa0007 0xa2 0x38 0xd2e40 0xe0003 0xd2e40 0x18 0x0 0x0 0x0 0x0 0x9 0x1 0x0 oops 0 methods 0
ciMethodData java/lang/Object <init> ()V 2 1030677 orig 80 1 0 0 0 0 0 0 0 0 0 0 0 0 0 0 0 0 0 0 0 0 0 0 0 0 0 0 0 0 0 0 0 0 0 0 0 0 0 0 0 0 0 0 0 0 0 0 0 0 0 0 0 0 0 0 0 0 0 0 0 0 0 0 0 0 0 0 0 0 0 0 0 0 0 0 0 0 0 0 0 data 4 0x0 0x9 0x1 0x0 oops 0 methods 0
ciMethodData java/util/HashMap hash (Ljava/lang/Object;)I 2 59969 orig 80 1 0 0 0 1 0 0 0 0 0 0 0 0 0 0 0 0 0 0 0 0 0 0 0 0 0 0 0 0 0 0 0 0 0 0 0 0 0 0 4 0 0 0 0 0 0 0 0 0 0 0 0 0 0 0 0 0 0 0 0 0 0 0 0 0 0 0 0 0 0 0 0 0 0 0 0 0 0 0 0 data 22 0x8000000600010007 0xe844 0x38 0x202 0x50003 0x202 0x48 0x90005 0x648c 0x20bcaf8c3f8 0x824f 0x20bcaf8da20 0x169 0x0 0x0 0x0 0x0 0x0 0x0 0x9 0x1 0xffffffffffffffff oops 2 9 java/lang/String 11 java/lang/Module methods 0
ciMethodData java/util/HashMap putVal (ILjava/lang/Object;Ljava/lang/Object;ZZ)Ljava/lang/Object; 2 12303 orig 80 2 0 0 0 2 0 0 0 0 0 0 0 0 0 0 0 0 0 0 0 6 0 0 5 0 0 0 0 0 0 0 0 0 0 0 0 0 0 0 0 0 0 0 0 0 0 0 0 0 0 0 0 0 0 0 0 0 0 0 0 0 0 0 0 0 0 0 0 0 0 0 0 0 0 0 0 0 0 0 0 data 185 0x70007 0x7e4 0x40 0x282b 0x100007 0x282b 0x50 0x0 0x140005 0xc8 0x20bd2313590 0x1ce 0x20bd0ca9f00 0x54e 0x2c0007 0xc87 0x98 0x2388 0x380005 0x32 0x20bd2313590 0x13a7 0x20bd0ca9f00 0xfaf 0x3b0004 0x0 0x20bd23137b0 0x13d9 0x20bd2318998 0xfaf 0x3c0003 0x2388 0x3d0 0x450007 0xc14 0xc8 0x73 0x510007 0x19 0x90 0x5a 0x550007 0x0 0x88 0x5a 0x5b0005 0xd 0x20bcaf8f178 0x13 0x20bcaf8c3f8 0x3a 0x5e0007 0xd 0x38 0x4d 0x650003 0x66 0x278 0x6a0004 0x0 0x20bd23137b0 0x912 0x20bd2318998 0x30f 0x6d0007 0xc21 0x98 0x0 0x720004 0x0 0x0 0x0 0x0 0x0 0x7b0005 0x0 0x0 0x0 0x0 0x0 0x800003 0x0 0x1b0 0x8e0007 0x322 0xb8 0xc10 0x980005 0x1b 0x20bd2313590 0x8ef 0x20bd0ca9f00 0x306 0xa20007 0xc10 0x148 0x0 0xa90005 0x0 0x0 0x0 0x0 0x0 0xac0003 0x0 0xf8 0xb50007 0x2df 0xc8 0x43 0xc10007 0x1 0xc0 0x42 0xc50007 0x0 0x88 0x42 0xffffffff00cb0005 0x32 0x20bcaf8f178 0x3 0x20bcaf8c3f8 0x18 0xce0007 0x32 0x38 0x1b 0xd10003 0x1b 0x30 0xdb0003 0x311 0xfffffffffffffe80 0xe00007 0xc10 0x90 0x82 0xec0007 0x82 0x40 0x0 0xf10007 0x0 0x20 0x0 0xfd0005 0x0 0x20bd0ca9f00 0x32 0x20bd2313590 0x50 0x11c0007 0x2ee3 0x50 0xb5 0x1200005 0xc 0x20bd2313590 0x54 0x20bd0ca9f00 0x55 0x1270005 0x4d 0x20bd2313590 0x1c96 0x20bd0ca9f00 0x12b5 0x0 0x0 0x0 0x0 0x0 0x0 0x0 0x0 0x0 0x9 0x6 0x0 0x0 0x0 0x0 0x0 0x0 oops 20 10 java/util/HashMap 12 java/util/LinkedHashMap 20 java/util/HashMap 22 java/util/LinkedHashMap 26 java/util/HashMap$Node 28 java/util/LinkedHashMap$Entry 47 java/net/URL 49 java/lang/String 60 java/util/HashMap$Node 62 java/util/LinkedHashMap$Entry 89 java/util/HashMap 91 java/util/LinkedHashMap 120 java/net/URL 122 java/lang/String 148 java/util/LinkedHashMap 150 java/util/HashMap 158 java/util/HashMap 160 java/util/LinkedHashMap 164 java/util/HashMap 166 java/util/LinkedHashMap methods 0
ciMethodData java/util/HashMap resize ()[Ljava/util/HashMap$Node; 2 3083 orig 80 0 0 0 0 0 0 0 0 0 0 0 0 0 0 0 0 0 0 0 0 0 0 0 0 0 0 0 0 0 0 0 0 0 0 0 0 0 0 0 0 0 0 0 0 0 0 0 0 0 0 0 0 0 0 0 0 0 0 0 0 0 0 0 0 0 0 0 0 0 0 0 0 0 0 0 0 0 0 0 0 data 164 0x60007 0xdb 0x38 0xb30 0xa0003 0xb30 0x18 0x190007 0xb30 0x98 0xdb 0x1f0007 0xdb 0x20 0x0 0x320007 0x0 0x90 0xdb 0x380007 0x10 0x70 0xcb 0x400003 0xcb 0x50 0x440007 0x632 0x38 0x4fe 0x4a0003 0x4fe 0x18 0x570007 0x6fd 0x78 0x50e 0x680007 0x0 0x58 0x50e 0x700007 0x0 0x38 0x50e 0x760003 0x50e 0x18 0x910007 0xb30 0x340 0xdb 0x9a0007 0xdb 0x320 0x2743 0xa40007 0x119f 0x2e8 0x15a4 0xab0104 0x0 0x0 0x0 0x0 0x0 0xb10007 0x6d8 0x68 0xecc 0xc20004 0x0 0x20bd23137b0 0x98b 0x20bd2318998 0x541 0xc30003 0xecc 0x248 0xc80004 0x0 0x20bd23137b0 0x4af 0x20bd2318998 0x229 0xcb0007 0x6d8 0x98 0x0 0xd00004 0x0 0x0 0x0 0x0 0x0 0xd90005 0x0 0x0 0x0 0x0 0x0 0xdc0003 0x0 0x180 0xf90007 0x7ca 0x70 0x7af 0xfe0007 0x25e 0x38 0x551 0x1050003 0x551 0x18 0x1130003 0x7af 0x50 0x1180007 0x26b 0x38 0x55f 0x11f0003 0x55f 0x18 0x1320007 0x8a1 0xffffffffffffff58 0x6d8 0x1370007 0x187 0x50 0x551 0x1460004 0x0 0x20bd23137b0 0x38e 0x20bd2318998 0x1c3 0x1490007 0x179 0x50 0x55f 0x15a0004 0x0 0x20bd23137b0 0x3b3 0x20bd2318998 0x1ac 0x15e0003 0x2743 0xfffffffffffffcf8 0x0 0x0 0x0 0x0 0x0 0x0 0x0 0x0 0x0 0x9 0x1 0x0 oops 8 72 java/util/HashMap$Node 74 java/util/LinkedHashMap$Entry 81 java/util/HashMap$Node 83 java/util/LinkedHashMap$Entry 135 java/util/HashMap$Node 137 java/util/LinkedHashMap$Entry 145 java/util/HashMap$Node 147 java/util/LinkedHashMap$Entry methods 0
ciMethodData java/util/HashMap newNode (ILjava/lang/Object;Ljava/lang/Object;Ljava/util/HashMap$Node;)Ljava/util/HashMap$Node; 2 6145 orig 80 0 0 0 0 0 0 0 0 0 0 0 0 0 0 0 0 0 0 0 0 0 0 0 0 0 0 0 0 0 0 0 0 0 0 0 0 0 0 0 0 0 0 0 0 0 0 0 0 0 0 0 0 0 0 0 0 0 0 0 0 0 0 0 0 0 0 0 0 0 0 0 0 0 0 0 0 0 0 0 0 data 11 0x90002 0x1801 0x0 0x0 0x9 0x5 0x0 0x0 0x0 0x0 0x0 oops 0 methods 0
ciMethodData java/util/HashMap afterNodeAccess (Ljava/util/HashMap$Node;)V 2 1252 orig 80 0 0 0 0 0 0 0 0 0 0 0 0 0 0 0 0 0 0 0 0 0 0 0 0 0 0 0 0 0 0 0 0 0 0 0 0 0 0 0 0 0 0 0 0 0 0 0 0 0 0 0 0 0 0 0 0 0 0 0 0 0 0 0 0 0 0 0 0 0 0 0 0 0 0 0 0 0 0 0 0 data 5 0x0 0x9 0x2 0x0 0x0 oops 0 methods 0
ciMethodData java/util/HashMap afterNodeInsertion (Z)V 2 1089 orig 80 0 0 0 0 0 0 0 0 0 0 0 0 0 0 0 0 0 0 0 0 0 0 0 0 0 0 0 0 0 0 0 0 0 0 0 0 0 0 0 0 0 0 0 0 0 0 0 0 0 0 0 0 0 0 0 0 0 0 0 0 0 0 0 0 0 0 0 0 0 0 0 0 0 0 0 0 0 0 0 0 data 5 0x0 0x9 0x2 0x0 0x0 oops 0 methods 0
ciMethodData java/util/HashMap$Node <init> (ILjava/lang/Object;Ljava/lang/Object;Ljava/util/HashMap$Node;)V 2 11499 orig 80 0 0 0 0 0 0 0 0 0 0 0 0 0 0 0 0 0 0 0 0 0 0 0 0 0 0 0 0 0 0 0 0 0 0 0 0 0 0 0 0 0 0 0 0 0 0 0 0 0 0 0 0 0 0 0 0 0 0 0 0 0 0 0 0 0 0 0 0 0 0 0 0 0 0 0 0 0 0 0 0 data 13 0x10002 0x2cec 0x0 0x0 0x0 0x0 0x9 0x5 0xe 0x0 0x0 0x0 0x0 oops 0 methods 0
ciMethodData java/util/HashMap put (Ljava/lang/Object;Ljava/lang/Object;)Ljava/lang/Object; 2 18495 orig 80 3 0 0 0 0 0 0 0 0 0 0 0 0 0 0 0 0 0 0 0 0 0 0 0 0 0 0 0 0 0 0 0 0 0 0 0 0 0 0 0 0 0 0 0 0 0 0 0 0 0 0 0 0 0 0 0 0 0 0 0 0 0 0 0 0 0 0 0 0 0 0 0 0 0 0 0 0 0 0 0 data 19 0x20002 0x4840 0x90005 0x648 0x20bd2313590 0x24b3 0x20bd0ca9f00 0x1d46 0x0 0x0 0x0 0x0 0x0 0x0 0x9 0x3 0xffffffffffffffff 0xffffffffffffffff 0xffffffffffffffff oops 2 4 java/util/HashMap 6 java/util/LinkedHashMap methods 0
ciMethodData java/util/HashMap getNode (Ljava/lang/Object;)Ljava/util/HashMap$Node; 2 15983 orig 80 2 0 0 0 1 0 0 0 0 0 0 0 0 0 0 0 0 0 0 0 0 0 0 6 0 0 0 0 0 0 0 0 0 0 0 0 0 0 0 0 0 0 0 0 0 0 0 0 0 0 0 0 0 0 0 0 0 0 0 0 0 0 0 0 0 0 0 0 0 0 0 0 0 0 0 0 0 0 0 0 data 98 0x60007 0x159 0x2c0 0x3d16 0xe0007 0x0 0x2a0 0x3d16 0x170002 0x3d16 0x210007 0x2254 0x270 0x1ac4 0x2a0007 0x568 0xb0 0x155c 0x350007 0x14dc 0x90 0x80 0x390007 0x63 0x70 0x1d 0x3f0005 0x7 0x20bcaf8c3f8 0x14 0x20bd23188f0 0x2 0x420007 0x0 0x20 0x1d 0x4e0007 0x43c 0x1a0 0x18f 0x520004 0x0 0x20bd23137b0 0x156 0x20bd2318998 0x39 0x550007 0x18f 0x80 0x0 0x590004 0x0 0x0 0x0 0x0 0x0 0x5f0005 0x0 0x0 0x0 0x0 0x0 0x6a0007 0x1a9 0xb0 0x6a 0x760007 0x57 0x90 0x13 0x7a0007 0x0 0x70 0x13 0x8000000700800005 0x13 0x20bcaf8c3f8 0x5 0x20bd23188f0 0x1 0x830007 0x0 0x20 0x19 0x910007 0x84 0xffffffffffffff50 0x125 0x0 0x0 0x0 0x0 0x0 0x0 0x9 0x2 0x0 0xffffffffffffffff oops 6 28 java/lang/String 30 java/util/zip/ZipFile$Source$Key 42 java/util/HashMap$Node 44 java/util/LinkedHashMap$Entry 76 java/lang/String 78 java/util/zip/ZipFile$Source$Key methods 0
ciMethodData java/util/HashMap get (Ljava/lang/Object;)Ljava/lang/Object; 2 20257 orig 80 2 0 0 0 0 0 0 0 0 0 0 0 0 0 0 0 0 0 0 0 0 0 0 0 0 0 0 0 0 0 0 0 0 0 0 0 0 0 0 0 0 0 0 0 0 0 0 0 0 0 0 0 0 0 0 0 0 0 0 0 0 0 0 0 0 0 0 0 0 0 0 0 0 0 0 0 0 0 0 0 data 23 0x20005 0x230 0x20bd2313590 0x4cf2 0x0 0x0 0x70007 0x1a01 0x38 0x3523 0xb0003 0x3523 0x18 0x0 0x0 0x0 0x0 0x0 0x0 0x9 0x2 0x0 0x0 oops 1 2 java/util/HashMap methods 0
ciMethodData java/util/Objects requireNonNull (Ljava/lang/Object;)Ljava/lang/Object; 2 348679 orig 80 0 0 0 0 0 0 0 0 0 0 0 0 0 0 0 0 0 0 0 0 0 0 0 0 0 0 0 0 0 0 0 0 0 0 0 0 0 0 0 0 0 0 0 0 0 0 0 0 0 0 0 0 0 0 0 0 0 0 0 0 0 0 0 0 0 0 0 0 0 0 0 0 0 0 0 0 0 0 0 0 data 15 0x10007 0x55207 0x30 0x0 0x80002 0x0 0x0 0x0 0x0 0x0 0x0 0x0 0x9 0x1 0x0 oops 0 methods 0
ciMethodData java/lang/String coder ()B 2 830959 orig 80 0 0 0 0 0 0 0 0 0 0 0 0 0 0 0 0 0 0 0 0 0 0 0 0 0 0 0 0 0 0 0 0 0 0 0 0 0 0 0 0 0 0 0 0 0 0 0 0 0 0 0 0 0 0 0 0 0 0 0 0 0 0 0 0 0 0 0 0 0 0 0 0 0 0 0 0 0 0 0 0 data 14 0x30007 0x0 0x38 0xcadef 0xa0003 0xcadee 0x18 0x0 0x0 0x0 0x0 0x9 0x1 0x0 oops 0 methods 0
ciMethodData java/lang/String length ()I 2 689336 orig 80 0 0 0 0 0 0 0 0 0 0 0 0 0 0 0 0 0 0 0 0 0 0 0 0 0 0 0 0 0 0 0 0 0 0 0 0 0 0 0 0 0 0 0 0 0 0 0 0 0 0 0 0 0 0 0 0 0 0 0 0 0 0 0 0 0 0 0 0 0 0 0 0 0 0 0 0 0 0 0 0 data 15 0x60005 0x0 0x20bcaf8c3f8 0xa84b8 0x0 0x0 0x0 0x0 0x0 0x0 0x0 0x0 0x9 0x1 0xffffffffffffffff oops 1 2 java/lang/String methods 0
ciMethodData java/util/Arrays copyOfRange ([BII)[B 2 5747 orig 80 0 0 0 0 0 0 0 0 0 0 0 0 0 0 0 0 0 0 0 0 0 0 0 0 0 0 0 0 0 0 0 0 0 0 0 0 0 0 0 0 0 0 0 0 0 0 0 0 0 0 0 0 0 0 0 0 0 0 0 0 0 0 0 0 0 0 0 0 0 0 0 0 0 0 0 0 0 0 0 0 data 67 0x10007 0x958 0xa0 0xd1b 0x70007 0xa1f 0x80 0x2fc 0xb0005 0x0 0x20bcafa2e80 0x4 0x0 0x0 0xe0004 0x0 0x20bcafa2e80 0x4 0x0 0x0 0x170007 0x1377 0x100 0x0 0x220002 0x0 0x260005 0x0 0x0 0x0 0x0 0x0 0x2c0005 0x0 0x0 0x0 0x0 0x0 0x300005 0x0 0x0 0x0 0x0 0x0 0x330005 0x0 0x0 0x0 0x0 0x0 0x360002 0x0 0x490002 0x1377 0x4c0002 0x1377 0x0 0x0 0x0 0x0 0x0 0x0 0x9 0x3 0xffffffffffffffff 0x0 0x0 oops 2 10 [B 16 [B methods 0
ciMethodData java/lang/String <init> ([BB)V 2 31851 orig 80 0 0 0 0 0 0 0 0 0 0 0 0 0 0 0 0 0 0 0 0 0 0 0 0 0 0 0 0 0 0 0 0 0 0 0 0 0 0 0 0 0 0 0 0 0 0 0 0 0 0 0 0 0 0 0 0 0 0 0 0 0 0 0 0 0 0 0 0 0 0 0 0 0 0 0 0 0 0 0 0 data 11 0x10002 0x7c6b 0x0 0x0 0x0 0x0 0x9 0x3 0xc 0x0 0x0 oops 0 methods 0
ciMethodData java/util/AbstractCollection <init> ()V 2 146446 orig 80 0 0 0 0 0 0 0 0 0 0 0 0 0 0 0 0 0 0 0 0 0 0 0 0 0 0 0 0 0 0 0 0 0 0 0 0 0 0 0 0 0 0 0 0 0 0 0 0 0 0 0 0 0 0 0 0 0 0 0 0 0 0 0 0 0 0 0 0 0 0 0 0 0 0 0 0 0 0 0 0 data 7 0x10002 0x23c0e 0x0 0x0 0x9 0x1 0x0 oops 0 methods 0
ciMethodData jdk/internal/util/Preconditions checkFromToIndex (IIILjava/util/function/BiFunction;)I 2 31797 orig 80 0 0 0 0 0 0 0 0 0 0 0 0 0 0 0 0 0 0 0 0 0 0 0 0 0 0 0 0 0 0 0 0 0 0 0 0 0 0 0 0 0 0 0 0 0 0 0 0 0 0 0 0 0 0 0 0 0 0 0 0 0 0 0 0 0 0 0 0 0 0 0 0 0 0 0 0 0 0 0 0 data 26 0x10007 0x0 0x60 0x7c35 0x60007 0x0 0x40 0x7c35 0xb0007 0x7c35 0x30 0x0 0x120002 0x0 0x0 0x0 0x0 0x0 0x0 0x0 0x9 0x4 0x0 0x0 0x0 0x0 oops 0 methods 0
ciMethodData java/lang/String checkBoundsBeginEnd (III)V 2 23353 orig 80 0 0 0 0 0 0 0 0 0 0 0 0 0 0 0 0 0 0 0 0 0 0 0 0 0 0 0 0 0 0 0 0 0 0 0 0 0 0 0 0 0 0 0 0 0 0 0 0 0 0 0 0 0 0 0 0 0 0 0 0 0 0 0 0 0 0 0 0 0 0 0 0 0 0 0 0 0 0 0 0 data 13 0x60002 0x5b39 0x0 0x0 0x0 0x0 0x0 0x0 0x9 0x3 0x0 0x0 0x0 oops 0 methods 0
ciMethodData jdk/internal/util/Preconditions checkFromIndexSize (IIILjava/util/function/BiFunction;)I 2 58521 orig 80 0 0 0 0 0 0 0 0 0 0 0 0 0 0 0 0 0 0 0 0 0 0 0 0 0 0 0 0 0 0 0 0 0 0 0 0 0 0 0 0 0 0 0 0 0 0 0 0 0 0 0 0 0 0 0 0 0 0 0 0 0 0 0 0 0 0 0 0 0 0 0 0 0 0 0 0 0 0 0 0 data 22 0x50007 0x0 0x40 0xe499 0xc0007 0xe499 0x30 0x0 0x130002 0x0 0x0 0x0 0x0 0x0 0x0 0x0 0x9 0x4 0x0 0x0 0x0 0x0 oops 0 methods 0
ciMethodData java/lang/String substring (II)Ljava/lang/String; 2 12585 orig 80 1 0 0 0 0 0 0 0 0 0 0 0 0 0 0 0 0 0 0 0 0 0 0 0 0 0 0 0 0 0 0 0 0 0 0 0 0 0 0 1 0 0 0 0 0 0 0 0 0 0 0 0 0 0 0 0 0 0 0 0 0 0 0 0 0 0 0 0 0 0 0 0 0 0 0 0 0 0 0 0 data 44 0x10005 0x4d 0x20bcaf8c3f8 0x30dc 0x0 0x0 0x80002 0x3129 0xc0007 0x1f16 0x40 0x1213 0x110007 0xc20 0x20 0x5f3 0x1c0005 0x3c 0x20bcaf8c3f8 0x2afa 0x0 0x0 0x80000006001f0007 0x2 0x48 0x2b35 0x290002 0x2b35 0x2c0003 0x2b35 0x28 0x360002 0x2 0x0 0x0 0x0 0x0 0x0 0x0 0x9 0x3 0xffffffffffffffff 0x0 0x0 oops 2 2 java/lang/String 18 java/lang/String methods 0
ciMethodData java/lang/StringLatin1 newString ([BII)Ljava/lang/String; 2 6155 orig 80 0 0 0 0 0 0 0 0 0 0 0 0 0 0 0 0 0 0 0 0 0 0 0 0 0 0 0 0 0 0 0 0 0 0 0 0 0 0 0 0 0 0 0 0 0 0 0 0 0 0 0 0 0 0 0 0 0 0 0 0 0 0 0 0 0 0 0 0 0 0 0 0 0 0 0 0 0 0 0 0 data 19 0x10007 0x1704 0x20 0x107 0x100002 0x1704 0x140002 0x1704 0x0 0x0 0x0 0x0 0x0 0x0 0x9 0x3 0xffffffffffffffff 0x0 0x0 oops 0 methods 0
ciMethodData java/lang/StringUTF16 newString ([BII)Ljava/lang/String; 1 2 orig 80 0 0 0 0 0 0 0 0 0 0 0 0 0 0 0 0 0 0 0 0 0 0 0 0 0 0 0 0 0 0 0 0 0 0 0 0 0 0 0 0 0 0 0 0 0 0 0 0 0 0 0 0 0 0 0 0 0 0 0 0 0 0 0 0 0 0 0 0 0 0 0 0 0 0 0 0 0 0 0 0 data 29 0x10007 0x2 0x20 0x0 0xb0007 0x0 0x50 0x2 0x110002 0x2 0x170002 0x2 0x230002 0x2 0x360002 0x0 0x3a0002 0x0 0x0 0x0 0x0 0x0 0x0 0x0 0x9 0x3 0xffffffffffffffff 0x0 0x0 oops 0 methods 0
ciMethodData java/lang/String checkBoundsOffCount (III)I 2 28322 orig 80 0 0 0 0 0 0 0 0 0 0 0 0 0 0 0 0 0 0 0 0 0 0 0 0 0 0 0 0 0 0 0 0 0 0 0 0 0 0 0 0 0 0 0 0 0 0 0 0 0 0 0 0 0 0 0 0 0 0 0 0 0 0 0 0 0 0 0 0 0 0 0 0 0 0 0 0 0 0 0 0 data 13 0x60002 0x6ea2 0x0 0x0 0x0 0x0 0x0 0x0 0x9 0x3 0x0 0x0 0x0 oops 0 methods 0
ciMethodData java/lang/StringUTF16 compress ([CII)[B 2 10924 orig 80 0 0 0 0 0 0 0 0 0 0 0 0 0 0 0 0 0 0 0 0 0 0 0 0 0 0 0 0 0 0 0 0 0 0 0 0 0 0 0 1 0 0 0 0 0 0 0 0 0 0 0 0 0 0 0 0 0 0 0 0 0 0 0 0 0 0 0 0 0 0 0 0 0 0 0 0 0 0 0 0 data 31 0x90002 0x2aac 0x8000000600110007 0x2aac 0x90 0x1 0x170002 0x1 0x200002 0x1 0x260007 0x1 0x50 0x0 0x2f0002 0x0 0x330007 0x0 0x20 0x0 0x0 0x0 0x0 0x0 0x0 0x0 0x9 0x3 0x0 0x0 0x0 oops 0 methods 0
ciMethodData java/lang/StringUTF16 coderFromArrayLen ([BI)B 2 10667 orig 80 0 0 0 0 0 0 0 0 0 0 0 0 0 0 0 0 0 0 0 0 0 0 0 0 0 0 0 0 0 0 0 0 0 0 0 0 0 0 0 0 0 0 0 0 0 0 0 0 0 0 0 0 0 0 0 0 0 0 0 0 0 0 0 0 0 0 0 0 0 0 0 0 0 0 0 0 0 0 0 0 data 7 0x0 0x0 0x0 0x9 0x2 0x0 0x0 oops 0 methods 0
ciMethodData java/lang/ref/Reference <init> (Ljava/lang/Object;Ljava/lang/ref/ReferenceQueue;)V 2 16111 orig 80 0 0 0 0 0 0 0 0 0 0 0 0 0 0 0 0 0 0 0 0 0 0 0 0 0 0 0 0 0 0 0 0 0 0 0 0 0 0 0 0 0 0 0 0 0 0 0 0 0 0 0 0 0 0 0 0 0 0 0 0 0 0 0 0 0 0 0 0 0 0 0 0 0 0 0 0 0 0 0 0 data 20 0x10002 0x3eef 0xb0007 0x3423 0x38 0xacc 0x110003 0xacc 0x18 0x0 0x0 0x0 0x0 0x0 0x0 0x9 0x3 0x6 0x0 0x0 oops 0 methods 0
ciMethod java/lang/IllegalStateException <init> (Ljava/lang/String;)V 0 0 1 0 -1
ciMethod java/lang/AssertionError <init> ()V 0 0 1 0 -1
ciMethod java/lang/AssertionError <init> (Ljava/lang/Object;)V 0 0 1 0 -1
ciMethod java/lang/AssertionError <init> (Ljava/lang/String;Ljava/lang/Throwable;)V 0 0 1 0 -1
ciMethodData java/util/HashMap getOrDefault (Ljava/lang/Object;Ljava/lang/Object;)Ljava/lang/Object; 2 17346 orig 80 1 0 0 0 0 0 0 0 0 0 0 0 0 0 0 0 0 0 0 0 0 0 0 0 0 0 0 0 0 0 0 0 0 0 0 0 0 0 0 0 0 0 0 0 0 0 0 0 0 0 0 0 0 0 0 0 0 0 0 0 0 0 0 0 0 0 0 0 0 0 0 0 0 0 0 0 0 0 0 0 data 24 0x20005 0x82 0x20bd2313590 0x4340 0x0 0x0 0x70007 0x1b8b 0x38 0x2838 0xb0003 0x2838 0x18 0x0 0x0 0x0 0x0 0x0 0x0 0x9 0x3 0x0 0x0 0x0 oops 1 2 java/util/HashMap methods 0
ciMethodData java/lang/String substring (I)Ljava/lang/String; 2 11329 orig 80 0 0 0 0 0 0 0 0 0 0 0 0 0 0 0 0 0 0 0 0 0 0 0 0 0 0 0 0 0 0 0 0 0 0 0 0 0 0 0 0 0 0 0 0 0 0 0 0 0 0 0 0 0 0 0 0 0 0 0 0 0 0 0 0 0 0 0 0 0 0 0 0 0 0 0 0 0 0 0 0 data 22 0x30005 0xa5 0x20bcaf8c3f8 0x2b9c 0x0 0x0 0x60005 0xa5 0x20bcaf8c3f8 0x2b9c 0x0 0x0 0x0 0x0 0x0 0x0 0x0 0x0 0x9 0x2 0xffffffffffffffff 0x0 oops 2 2 java/lang/String 8 java/lang/String methods 0
ciMethodData java/util/LinkedHashMap get (Ljava/lang/Object;)Ljava/lang/Object; 2 42288 orig 80 0 0 0 0 0 0 0 0 0 0 0 0 0 0 0 0 0 0 0 0 0 0 0 0 0 0 0 0 0 0 0 0 0 0 0 0 0 0 0 0 0 0 0 0 0 0 0 0 0 0 0 0 0 0 0 0 0 0 0 0 0 0 0 0 0 0 0 0 0 0 0 0 0 0 0 0 0 0 0 0 data 30 0x20005 0x0 0x20bd0ca9f00 0xa530 0x0 0x0 0x70007 0x76a6 0x20 0x2e8a 0x100007 0x76a6 0x50 0x0 0x150005 0x0 0x0 0x0 0x0 0x0 0x0 0x0 0x0 0x0 0x0 0x0 0x9 0x2 0xffffffffffffffff 0xffffffffffffffff oops 1 2 java/util/LinkedHashMap methods 0
ciMethodData java/lang/String <init> ([CIILjava/lang/Void;)V 2 10747 orig 80 1 0 0 0 0 0 0 0 0 0 0 0 0 0 0 0 0 0 0 0 0 0 0 0 0 0 0 0 0 0 0 0 0 0 0 0 0 0 0 2 0 0 0 0 0 0 0 0 0 0 0 0 0 0 0 0 0 0 0 0 0 0 0 0 0 0 0 0 0 0 0 0 0 0 0 0 0 0 0 0 data 29 0x10002 0x29fb 0x8000000600050007 0x29f7 0x20 0x6 0x1e0007 0x0 0x40 0x29f7 0x240002 0x29f7 0x2d0002 0x29f8 0x430002 0x0 0x0 0x0 0x0 0x0 0x0 0x0 0x9 0x5 0xc 0x0 0x0 0x0 0x0 oops 0 methods 0
ciMethodData java/util/AbstractList <init> ()V 2 87410 orig 80 0 0 0 0 0 0 0 0 0 0 0 0 0 0 0 0 0 0 0 0 0 0 0 0 0 0 0 0 0 0 0 0 0 0 0 0 0 0 0 0 0 0 0 0 0 0 0 0 0 0 0 0 0 0 0 0 0 0 0 0 0 0 0 0 0 0 0 0 0 0 0 0 0 0 0 0 0 0 0 0 data 9 0x10002 0x15572 0x0 0x0 0x0 0x0 0x9 0x1 0x6 oops 0 methods 0
ciMethodData java/util/ArrayList <init> ()V 2 72450 orig 80 0 0 0 0 0 0 0 0 0 0 0 0 0 0 0 0 0 0 0 0 0 0 0 0 0 0 0 0 0 0 0 0 0 0 0 0 0 0 0 0 0 0 0 0 0 0 0 0 0 0 0 0 0 0 0 0 0 0 0 0 0 0 0 0 0 0 0 0 0 0 0 0 0 0 0 0 0 0 0 0 data 9 0x10002 0x11b02 0x0 0x0 0x0 0x0 0x9 0x1 0x0 oops 0 methods 0
ciMethodData java/lang/String <init> ([CII)V 2 10269 orig 80 0 0 0 0 0 0 0 0 0 0 0 0 0 0 0 0 0 0 0 0 0 0 0 0 0 0 0 0 0 0 0 0 0 0 0 0 0 0 0 0 0 0 0 0 0 0 0 0 0 0 0 0 0 0 0 0 0 0 0 0 0 0 0 0 0 0 0 0 0 0 0 0 0 0 0 0 0 0 0 0 data 16 0x70002 0x281d 0xa0002 0x281d 0x0 0x0 0x0 0x0 0x0 0x0 0x9 0x4 0xc 0x0 0x0 0x0 oops 0 methods 0
ciMethodData java/lang/String rangeCheck ([CII)Ljava/lang/Void; 2 10259 orig 80 0 0 0 0 0 0 0 0 0 0 0 0 0 0 0 0 0 0 0 0 0 0 0 0 0 0 0 0 0 0 0 0 0 0 0 0 0 0 0 0 0 0 0 0 0 0 0 0 0 0 0 0 0 0 0 0 0 0 0 0 0 0 0 0 0 0 0 0 0 0 0 0 0 0 0 0 0 0 0 0 data 13 0x40002 0x2813 0x0 0x0 0x0 0x0 0x0 0x0 0x9 0x3 0x0 0x0 0x0 oops 0 methods 0
ciMethodData java/lang/Object equals (Ljava/lang/Object;)Z 2 7517 orig 80 0 0 0 0 0 0 0 0 0 0 0 0 0 0 0 0 0 0 0 0 0 0 0 0 0 0 0 0 0 0 0 0 0 0 0 0 0 0 0 0 0 0 0 0 0 0 0 0 0 0 0 0 0 0 0 0 0 0 0 0 0 0 0 0 0 0 0 0 0 0 0 0 0 0 0 0 0 0 0 0 data 17 0x20007 0x1457 0x38 0x906 0x60003 0x906 0x18 0x0 0x0 0x0 0x0 0x0 0x0 0x9 0x2 0x0 0x0 oops 0 methods 0
ciMethodData java/lang/ref/Reference <init> (Ljava/lang/Object;)V 2 4200 orig 80 0 0 0 0 0 0 0 0 0 0 0 0 0 0 0 0 0 0 0 0 0 0 0 0 0 0 0 0 0 0 0 0 0 0 0 0 0 0 0 0 0 0 0 0 0 0 0 0 0 0 0 0 0 0 0 0 0 0 0 0 0 0 0 0 0 0 0 0 0 0 0 0 0 0 0 0 0 0 0 0 data 8 0x30002 0x1068 0x0 0x0 0x9 0x2 0x0 0x0 oops 0 methods 0
ciMethodData java/lang/invoke/DirectMethodHandle allocateInstance (Ljava/lang/Object;)Ljava/lang/Object; 2 33134 orig 80 0 0 0 0 0 0 0 0 0 0 0 0 0 0 0 0 0 0 0 0 0 0 0 0 0 0 0 0 0 0 0 0 0 0 0 0 0 0 0 0 0 0 0 0 0 0 0 0 0 0 0 0 0 0 0 0 0 0 0 0 0 0 0 0 0 0 0 0 0 0 0 0 0 0 0 0 0 0 0 0 data 21 0x10004 0x0 0x20bd1a6d868 0x17db 0x0 0x0 0xc0005 0x2 0x20bcaf8ef38 0x816c 0x0 0x0 0x0 0x0 0x0 0x0 0x0 0x0 0x9 0x1 0x0 oops 2 2 java/lang/invoke/DirectMethodHandle$Constructor 8 jdk/internal/misc/Unsafe methods 0
ciMethodData java/lang/invoke/DirectMethodHandle constructorMethod (Ljava/lang/Object;)Ljava/lang/Object; 2 33146 orig 80 0 0 0 0 0 0 0 0 0 0 0 0 0 0 0 0 0 0 0 0 0 0 0 0 0 0 0 0 0 0 0 0 0 0 0 0 0 0 0 0 0 0 0 0 0 0 0 0 0 0 0 0 0 0 0 0 0 0 0 0 0 0 0 0 0 0 0 0 0 0 0 0 0 0 0 0 0 0 0 0 data 15 0x10004 0x0 0x20bd1a6d868 0x17d9 0x0 0x0 0x0 0x0 0x0 0x0 0x0 0x0 0x9 0x1 0x0 oops 1 2 java/lang/invoke/DirectMethodHandle$Constructor methods 0
ciMethodData java/lang/invoke/LambdaForm$Holder constant_L (Ljava/lang/Object;)Ljava/lang/Object; 2 34656 orig 80 0 0 0 0 0 0 0 0 0 0 0 0 0 0 0 0 0 0 0 0 0 0 0 0 0 0 0 0 0 0 0 0 0 0 0 0 0 0 0 0 0 0 0 0 0 0 0 0 0 0 0 0 0 0 0 0 0 0 0 0 0 0 0 0 0 0 0 0 0 0 0 0 0 0 0 0 0 0 0 0 data 19 0x10004 0x0 0x20bd0dcff08 0x11b3 0x0 0x0 0x0 0x0 0x0 0x0 0x0 0x0 0x9 0x1 0x0 0xc 0x2 0x0 0x20bd0dcff08 oops 2 2 java/lang/invoke/BoundMethodHandle$Species_L 18 java/lang/invoke/BoundMethodHandle$Species_L methods 0
ciMethodData java/lang/invoke/Invokers$Holder linkToTargetMethod (Ljava/lang/Object;)Ljava/lang/Object; 2 34656 orig 80 0 0 0 0 0 0 0 0 0 0 0 0 0 0 0 0 0 0 0 0 0 0 0 0 0 0 0 0 0 0 0 0 0 0 0 0 0 0 0 0 0 0 0 0 0 0 0 0 0 0 0 0 0 0 0 0 0 0 0 0 0 0 0 0 0 0 0 0 0 0 0 0 0 0 0 0 0 0 0 0 data 27 0x10004 0x0 0x20bd0dcff08 0x11b3 0x0 0x0 0x4000b 0x75ad 0x20bd0dcff08 0x11b3 0x0 0x0 0x1 0x2 0x0 0x0 0x0 0x0 0x0 0x0 0x9 0x1 0x0 0xc 0x2 0x0 0x20bd0dcff08 oops 3 2 java/lang/invoke/BoundMethodHandle$Species_L 8 java/lang/invoke/BoundMethodHandle$Species_L 26 java/lang/invoke/BoundMethodHandle$Species_L methods 0
ciMethodData java/lang/invoke/Invokers$Holder linkToTargetMethod (Ljava/lang/Object;Ljava/lang/Object;)Ljava/lang/Object; 2 15672 orig 80 0 0 0 0 0 0 0 0 0 0 0 0 0 0 0 0 0 0 0 0 0 0 0 0 0 0 0 0 0 0 0 0 0 0 0 0 0 0 0 0 0 0 0 0 0 0 0 0 0 0 0 0 0 0 0 0 0 0 0 0 0 0 0 0 0 0 0 0 0 0 0 0 0 0 0 0 0 0 0 0 data 32 0x10004 0x0 0x20bd1a6d868 0x34e 0x20bd1a6e2c0 0x23 0x5000b 0x39c8 0x20bd1a6d868 0x34d 0x20bd1a6e2c0 0x23 0x3 0x1 0x2 0x2 0x0 0x0 0x0 0x0 0x0 0x0 0x9 0x2 0x0 0x0 0xc 0x4 0x0 0x2 0x1 0x2 oops 4 2 java/lang/invoke/DirectMethodHandle$Constructor 4 java/lang/invoke/BoundMethodHandle$Species_LL 8 java/lang/invoke/DirectMethodHandle$Constructor 10 java/lang/invoke/BoundMethodHandle$Species_LL methods 0
ciMethodData java/util/Collections emptyMap ()Ljava/util/Map; 2 21480 orig 80 0 0 0 0 0 0 0 0 0 0 0 0 0 0 0 0 0 0 0 0 0 0 0 0 0 0 0 0 0 0 0 0 0 0 0 0 0 0 0 0 0 0 0 0 0 0 0 0 0 0 0 0 0 0 0 0 0 0 0 0 0 0 0 0 0 0 0 0 0 0 0 0 0 0 0 0 0 0 0 0 data 4 0x0 0x0 0x9 0x0 oops 0 methods 0
ciMethodData java/lang/invoke/DirectMethodHandle$Holder newInvokeSpecial (Ljava/lang/Object;Ljava/lang/Object;)Ljava/lang/Object; 2 17398 orig 80 0 0 0 0 0 0 0 0 0 0 0 0 0 0 0 0 0 0 0 0 0 0 0 0 0 0 0 0 0 0 0 0 0 0 0 0 0 0 0 0 0 0 0 0 0 0 0 0 0 0 0 0 0 0 0 0 0 0 0 0 0 0 0 0 0 0 0 0 0 0 0 0 0 0 0 0 0 0 0 0 data 41 0x1000a 0x43f6 0x3 0x0 0x20bd1a6d868 0x2 0x6000a 0x43f6 0x3 0x0 0x20bd1a6d868 0x20bcaf8e478 0xd0004 0x0 0x20bcaf8e478 0xc 0x0 0x0 0x10000a 0x43f6 0x4 0x0 0x2 0x1 0x3 0x0 0x0 0x0 0x0 0x0 0x0 0x9 0x2 0x0 0x0 0xc 0x4 0x0 0x20bd1a6d868 0x1 0x3 oops 5 4 java/lang/invoke/DirectMethodHandle$Constructor 10 java/lang/invoke/DirectMethodHandle$Constructor 11 java/lang/invoke/MemberName 14 java/lang/invoke/MemberName 38 java/lang/invoke/DirectMethodHandle$Constructor methods 0
ciMethodData java/util/stream/AbstractPipeline isParallel ()Z 2 18337 orig 80 0 0 0 0 0 0 0 0 0 0 0 0 0 0 0 0 0 0 0 0 0 0 0 0 0 0 0 0 0 0 0 0 0 0 0 0 0 0 0 0 0 0 0 0 0 0 0 0 0 0 0 0 0 0 0 0 0 0 0 0 0 0 0 0 0 0 0 0 0 0 0 0 0 0 0 0 0 0 0 0 data 7 0x0 0x0 0x0 0x0 0x9 0x1 0x0 oops 0 methods 0
ciMethodData java/util/stream/PipelineHelper <init> ()V 2 10689 orig 80 0 0 0 0 0 0 0 0 0 0 0 0 0 0 0 0 0 0 0 0 0 0 0 0 0 0 0 0 0 0 0 0 0 0 0 0 0 0 0 0 0 0 0 0 0 0 0 0 0 0 0 0 0 0 0 0 0 0 0 0 0 0 0 0 0 0 0 0 0 0 0 0 0 0 0 0 0 0 0 0 data 7 0x10002 0x29c1 0x0 0x0 0x9 0x1 0x0 oops 0 methods 0
ciMethodData java/util/stream/StreamOpFlag getMask (I)I 2 5631 orig 80 0 0 0 0 0 0 0 0 0 0 0 0 0 0 0 0 0 0 0 0 0 0 0 0 0 0 0 0 0 0 0 0 0 0 0 0 0 0 0 0 0 0 0 0 0 0 0 0 0 0 0 0 0 0 0 0 0 0 0 0 0 0 0 0 0 0 0 0 0 0 0 0 0 0 0 0 0 0 0 0 data 14 0x10007 0x15ff 0x38 0x0 0x70003 0x0 0x18 0x0 0x0 0x0 0x0 0x9 0x1 0x0 oops 0 methods 0
ciMethodData java/util/stream/StreamOpFlag combineOpFlags (II)I 2 5631 orig 80 0 0 0 0 0 0 0 0 0 0 0 0 0 0 0 0 0 0 0 0 0 0 0 0 0 0 0 0 0 0 0 0 0 0 0 0 0 0 0 0 0 0 0 0 0 0 0 0 0 0 0 0 0 0 0 0 0 0 0 0 0 0 0 0 0 0 0 0 0 0 0 0 0 0 0 0 0 0 0 0 data 12 0x20002 0x15ff 0x0 0x0 0x0 0x0 0x0 0x0 0x9 0x2 0x0 0x0 oops 0 methods 0
ciMethodData java/util/stream/StreamSupport stream (Ljava/util/Spliterator;Z)Ljava/util/stream/Stream; 2 5120 orig 80 0 0 0 0 0 0 0 0 0 0 0 0 0 0 0 0 0 0 0 0 0 0 0 0 0 0 0 0 0 0 0 0 0 0 0 0 0 0 0 0 0 0 0 0 0 0 0 0 0 0 0 0 0 0 0 0 0 0 0 0 0 0 0 0 0 0 0 0 0 0 0 0 0 0 0 0 0 0 0 0 data 16 0x10002 0x1400 0xb0002 0x1400 0xf0002 0x1401 0x0 0x0 0x0 0x0 0x0 0x0 0x9 0x2 0x0 0x0 oops 0 methods 0
ciMethodData java/util/stream/StreamOpFlag fromCharacteristics (Ljava/util/Spliterator;)I 2 5123 orig 80 0 0 0 0 0 0 0 0 0 0 0 0 0 0 0 0 0 0 0 0 1 0 0 0 0 0 0 0 0 0 0 0 0 0 0 0 0 0 0 0 0 0 0 0 0 0 0 0 0 0 0 0 0 0 0 0 0 0 0 0 0 0 0 0 0 0 0 0 0 0 0 0 0 0 0 0 0 0 0 0 data 29 0x10005 0x9e3 0x20bd0dcaa50 0xa1c 0x20bd0dcaaf8 0x4 0xa0007 0x13f4 0x70 0xf 0x4000e0005 0x0 0x20bd0dcaba0 0xf 0x20bd0dcac28 0x1 0x130007 0xf 0x20 0x1 0x0 0x0 0x0 0x0 0x0 0x0 0x9 0x1 0x0 oops 4 2 java/util/Spliterators$ArraySpliterator 4 java/util/stream/Streams$ConcatSpliterator$OfRef 12 java/util/stream/Streams$RangeIntSpliterator 14 java/util/TreeMap$KeySpliterator methods 0
ciMethodData java/util/stream/ReferencePipeline$Head <init> (Ljava/util/Spliterator;IZ)V 2 5121 orig 80 0 0 0 0 0 0 0 0 0 0 0 0 0 0 0 0 0 0 0 0 0 0 0 0 0 0 0 0 0 0 0 0 0 0 0 0 0 0 0 0 0 0 0 0 0 0 0 0 0 0 0 0 0 0 0 0 0 0 0 0 0 0 0 0 0 0 0 0 0 0 0 0 0 0 0 0 0 0 0 0 data 10 0x40002 0x1401 0x0 0x0 0x9 0x4 0x0 0x0 0x0 0x0 oops 0 methods 0
ciMethodData java/util/stream/ReferencePipeline <init> (Ljava/util/Spliterator;IZ)V 2 5121 orig 80 0 0 0 0 0 0 0 0 0 0 0 0 0 0 0 0 0 0 0 0 0 0 0 0 0 0 0 0 0 0 0 0 0 0 0 0 0 0 0 0 0 0 0 0 0 0 0 0 0 0 0 0 0 0 0 0 0 0 0 0 0 0 0 0 0 0 0 0 0 0 0 0 0 0 0 0 0 0 0 0 data 10 0x40002 0x1401 0x0 0x0 0x9 0x4 0x0 0x0 0x0 0x0 oops 0 methods 0
ciMethodData java/util/stream/AbstractPipeline <init> (Ljava/util/Spliterator;IZ)V 2 5308 orig 80 0 0 0 0 0 0 0 0 0 0 0 0 0 0 0 0 0 0 0 0 0 0 0 0 0 0 0 0 0 0 0 0 0 0 0 0 0 0 0 0 0 0 0 0 0 0 0 0 0 0 0 0 0 0 0 0 0 0 0 0 0 0 0 0 0 0 0 0 0 0 0 0 0 0 0 0 0 0 0 0 data 14 0x10002 0x14bc 0x0 0x0 0x0 0x0 0x0 0x0 0x9 0x4 0x3e 0x0 0x0 0x0 oops 0 methods 0
ciMethodData java/util/stream/ReferencePipeline <init> (Ljava/util/stream/AbstractPipeline;I)V 2 6544 orig 80 0 0 0 0 0 0 0 0 0 0 0 0 0 0 0 0 0 0 0 0 0 0 0 0 0 0 0 0 0 0 0 0 0 0 0 0 0 0 0 0 0 0 0 0 0 0 0 0 0 0 0 0 0 0 0 0 0 0 0 0 0 0 0 0 0 0 0 0 0 0 0 0 0 0 0 0 0 0 0 0 data 9 0x30002 0x1990 0x0 0x0 0x9 0x3 0x1e 0x38 0x0 oops 0 methods 0
ciMethodData java/util/stream/AbstractPipeline <init> (Ljava/util/stream/AbstractPipeline;I)V 2 5123 orig 80 0 0 0 0 0 0 0 0 0 0 0 0 0 0 0 0 0 0 0 0 0 0 0 0 0 0 0 0 0 0 0 0 0 0 0 0 0 0 0 0 0 0 0 0 0 0 0 0 0 0 0 0 0 0 0 0 0 0 0 0 0 0 0 0 0 0 0 0 0 0 0 0 0 0 0 0 0 0 0 0 data 21 0x10002 0x1403 0x80007 0x1403 0x30 0x0 0x110002 0x0 0x330002 0x1403 0x0 0x0 0x0 0x0 0x0 0x0 0x9 0x3 0x1e 0x38 0x0 oops 0 methods 0
ciMethodData java/util/stream/AbstractPipeline sourceSpliterator (I)Ljava/util/Spliterator; 2 5156 orig 80 0 0 0 0 0 0 0 0 0 0 0 0 0 0 0 0 0 0 0 0 0 0 0 0 0 0 0 0 0 0 0 0 0 0 0 0 0 0 0 0 0 0 0 0 0 0 0 0 0 0 0 0 0 0 0 0 0 0 0 0 0 0 0 0 0 0 0 0 0 0 0 0 0 0 0 0 0 0 0 0 data 119 0x90007 0x0 0x38 0x1424 0x1c0003 0x1424 0xc0 0x260007 0x0 0x98 0x0 0x300005 0x0 0x0 0x0 0x0 0x0 0x350004 0x0 0x0 0x0 0x0 0x0 0x410003 0x0 0x28 0x4a0002 0x0 0x4f0005 0x81e 0x20bd2c8c320 0x85e 0x20bd2c8b630 0x3a8 0x520007 0x1424 0x1f0 0x0 0x560005 0x0 0x0 0x0 0x0 0x0 0x590007 0x0 0x1a0 0x0 0x740007 0x0 0x180 0x0 0x800005 0x0 0x0 0x0 0x0 0x0 0x830007 0x0 0x108 0x0 0x8d0005 0x0 0x0 0x0 0x0 0x0 0x900007 0x0 0x20 0x0 0xa20005 0x0 0x0 0x0 0x0 0x0 0xa90005 0x0 0x0 0x0 0x0 0x0 0xae0007 0x0 0x38 0x0 0xbd0003 0x0 0x18 0xe00002 0x0 0xf10003 0x0 0xfffffffffffffe98 0xf50007 0x123a 0x30 0x1ea 0xfe0002 0x1ea 0x0 0x0 0x0 0x0 0x0 0x0 0x0 0x0 0x0 0x0 0x0 0x0 0x0 0x9 0x2 0x0 0x0 oops 2 30 java/util/stream/SortedOps$OfRef 32 java/util/stream/ReferencePipeline$2 methods 0
ciMethodData java/lang/String toCharArray ()[C 2 17171 orig 80 0 0 0 0 0 0 0 0 0 0 0 0 0 0 0 0 0 0 0 0 0 0 0 0 0 0 0 0 0 0 0 0 0 0 0 0 0 0 0 0 0 0 0 0 0 0 0 0 0 0 0 0 0 0 0 0 0 0 0 0 0 0 0 0 0 0 0 0 0 0 0 0 0 0 0 0 0 0 0 0 data 26 0x10005 0x0 0x20bcaf8c3f8 0x4313 0x0 0x0 0x40007 0x98 0x48 0x427b 0xb0002 0x427b 0xe0003 0x427b 0x28 0x150002 0x98 0x0 0x0 0x0 0x0 0x0 0x0 0x9 0x1 0x0 oops 1 2 java/lang/String methods 0
ciMethodData java/lang/StringLatin1 toChars ([B)[C 2 5180 orig 80 0 0 0 0 0 0 0 0 0 0 0 0 0 0 0 0 0 0 0 0 0 0 0 0 0 0 0 0 0 0 0 0 0 0 0 0 0 0 0 0 0 0 0 0 0 0 0 0 0 0 0 0 0 0 0 0 0 0 0 0 0 0 0 0 0 0 0 0 0 0 0 0 0 0 0 0 0 0 0 0 data 11 0xb0002 0x143c 0x0 0x0 0x0 0x0 0x0 0x0 0x9 0x1 0x0 oops 0 methods 0
ciMethodData java/lang/StringUTF16 toChars ([B)[C 1 152 orig 80 0 0 0 0 0 0 0 0 0 0 0 0 0 0 0 0 0 0 0 0 0 0 0 0 0 0 0 0 0 0 0 0 0 0 0 0 0 0 0 0 0 0 0 0 0 0 0 0 0 0 0 0 0 0 0 0 0 0 0 0 0 0 0 0 0 0 0 0 0 0 0 0 0 0 0 0 0 0 0 0 data 11 0xd0002 0x98 0x0 0x0 0x0 0x0 0x0 0x0 0x9 0x1 0x0 oops 0 methods 0
ciMethodData java/util/stream/ReferencePipeline$StatelessOp <init> (Ljava/util/stream/AbstractPipeline;Ljava/util/stream/StreamShape;I)V 2 3769 orig 80 0 0 0 0 0 0 0 0 0 0 0 0 0 0 0 0 0 0 0 0 0 0 0 0 0 0 0 0 0 0 0 0 0 0 0 0 0 0 0 0 0 0 0 0 0 0 0 0 0 0 0 0 0 0 0 0 0 0 0 0 0 0 0 0 0 0 0 0 0 0 0 0 0 0 0 0 0 0 0 0 data 30 0x30002 0xeb9 0x90007 0xeb9 0x80 0x0 0xd0005 0x0 0x0 0x0 0x0 0x0 0x110007 0x0 0x30 0x0 0x180002 0x0 0x0 0x0 0x0 0x0 0x0 0x0 0x9 0x4 0x1e 0x38 0x0 0x0 oops 0 methods 0
ciMethodData java/util/stream/AbstractPipeline evaluate (Ljava/util/stream/TerminalOp;)Ljava/lang/Object; 2 4135 orig 80 0 0 0 0 0 0 0 0 0 0 0 0 0 0 0 0 0 0 0 0 0 0 0 0 0 0 0 0 0 0 0 0 0 0 0 0 0 0 0 0 0 0 0 0 0 0 0 0 0 0 0 0 0 0 0 0 0 0 0 0 0 0 0 0 0 0 0 0 0 0 0 0 0 0 0 0 0 0 0 0 data 87 0x30007 0x1027 0xb0 0x0 0x70005 0x0 0x0 0x0 0x0 0x0 0xb0005 0x0 0x0 0x0 0x0 0x0 0x100007 0x0 0x30 0x0 0x170002 0x0 0x1f0007 0x1027 0x30 0x0 0x280002 0x0 0x320005 0xccc 0x20bd2c8b630 0x357 0x20bd2c8b6d8 0x4 0x350007 0x1027 0xc8 0x0 0x3c0005 0x0 0x0 0x0 0x0 0x0 0x410005 0x0 0x0 0x0 0x0 0x0 0x440005 0x0 0x0 0x0 0x0 0x0 0x490003 0x0 0xa8 0x500005 0x477 0x20bd2c8b780 0xa39 0x20bd2c8b828 0x177 0x550005 0xccc 0x20bd2c8b630 0x357 0x20bd2c8b6d8 0x4 0x580005 0x477 0x20bd2c8b780 0xa39 0x20bd2c8b828 0x177 0x0 0x0 0x0 0x0 0x0 0x0 0x9 0x2 0xffffffffffffffff 0xffffffffffffffff oops 8 30 java/util/stream/ReferencePipeline$2 32 java/util/stream/ReferencePipeline$7 61 java/util/stream/ReduceOps$3 63 java/util/stream/ForEachOps$ForEachOp$OfRef 67 java/util/stream/ReferencePipeline$2 69 java/util/stream/ReferencePipeline$7 73 java/util/stream/ReduceOps$3 75 java/util/stream/ForEachOps$ForEachOp$OfRef methods 0
ciMethodData java/util/Collection stream ()Ljava/util/stream/Stream; 2 3288 orig 80 0 0 0 0 0 0 0 0 0 0 0 0 0 0 0 0 0 0 0 0 0 0 0 0 0 0 0 0 0 0 0 0 0 0 0 0 0 0 0 0 0 0 0 0 0 0 0 0 0 0 0 0 0 0 0 0 0 0 0 0 0 0 0 0 0 0 0 0 0 0 0 0 0 0 0 0 0 0 0 0 data 17 0x10005 0x4f0 0x20bcaf8f6e8 0x7df 0x20bd1717f98 0x9 0x70002 0xcd8 0x0 0x0 0x0 0x0 0x0 0x0 0x9 0x1 0x0 oops 2 2 java/util/ArrayList 4 java/util/concurrent/CopyOnWriteArrayList methods 0
ciMethodData java/util/stream/ReferencePipeline anyMatch (Ljava/util/function/Predicate;)Z 1 756 orig 80 0 0 0 0 0 0 0 0 0 0 0 0 0 0 0 0 0 0 0 0 0 0 0 0 0 0 0 0 0 0 0 0 0 0 0 0 0 0 0 0 0 0 0 0 0 0 0 0 0 0 0 0 0 0 0 0 0 0 0 0 0 0 0 0 0 0 0 0 0 0 0 0 0 0 0 0 0 0 0 0 data 30 0x50002 0x2f4 0x80005 0xf2 0x20bd0caa248 0x202 0x0 0x0 0xb0004 0x0 0x20bcaf8fd00 0x2f4 0x0 0x0 0xe0005 0xf2 0x20bcaf8fd00 0x202 0x0 0x0 0x0 0x0 0x0 0x0 0x0 0x0 0x9 0x2 0x0 0x0 oops 3 4 java/util/stream/ReferencePipeline$3 10 java/lang/Boolean 16 java/lang/Boolean methods 0
ciMethodData java/util/stream/MatchOps makeRef (Ljava/util/function/Predicate;Ljava/util/stream/MatchOps$MatchKind;)Ljava/util/stream/TerminalOp; 2 1055 orig 80 0 0 0 0 0 0 0 0 0 0 0 0 0 0 0 0 0 0 0 0 0 0 0 0 0 0 0 0 0 0 0 0 0 0 0 0 0 0 0 0 0 0 0 0 0 0 0 0 0 0 0 0 0 0 0 0 0 0 0 0 0 0 0 0 0 0 0 0 0 0 0 0 0 0 0 0 0 0 0 0 data 24 0x10002 0x41f 0x60002 0x41f 0x14000a 0x41f 0x5 0x0 0x20bd1a74600 0x1 0x2 0x20bd06d2af0 0x190002 0x41f 0x0 0x0 0x0 0x0 0x0 0x0 0x9 0x2 0x0 0x0 oops 2 8 java/util/stream/MatchOps$MatchKind 11  @bci java/util/stream/MatchOps makeRef (Ljava/util/function/Predicate;Ljava/util/stream/MatchOps$MatchKind;)Ljava/util/stream/TerminalOp; 20 <appendix> member <vmtarget> ; methods 0
ciMethodData java/lang/ref/WeakReference <init> (Ljava/lang/Object;)V 2 2862 orig 80 0 0 0 0 0 0 0 0 0 0 0 0 0 0 0 0 0 0 0 0 0 0 0 0 0 0 0 0 0 0 0 0 0 0 0 0 0 0 0 0 0 0 0 0 0 0 0 0 0 0 0 0 0 0 0 0 0 0 0 0 0 0 0 0 0 0 0 0 0 0 0 0 0 0 0 0 0 0 0 0 data 8 0x20002 0xb2e 0x0 0x0 0x9 0x2 0x0 0x0 oops 0 methods 0
ciMethod java/util/stream/Streams$RangeIntSpliterator getComparator ()Ljava/util/Comparator; 30 0 15 0 0
ciMethodData java/util/stream/ReferencePipeline map (Ljava/util/function/Function;)Ljava/util/stream/Stream; 2 2002 orig 80 0 0 0 0 0 0 0 0 0 0 0 0 0 0 0 0 0 0 0 0 0 0 0 0 0 0 0 0 0 0 0 0 0 0 0 0 0 0 0 0 0 0 0 0 0 0 0 0 0 0 0 0 0 0 0 0 0 0 0 0 0 0 0 0 0 0 0 0 0 0 0 0 0 0 0 0 0 0 0 0 data 14 0x10002 0x7d2 0x160002 0x7d2 0x0 0x0 0x0 0x0 0x0 0x0 0x9 0x2 0x0 0x0 oops 0 methods 0
ciMethodData java/util/stream/ReferencePipeline$3 <init> (Ljava/util/stream/ReferencePipeline;Ljava/util/stream/AbstractPipeline;Ljava/util/stream/StreamShape;ILjava/util/function/Function;)V 2 1991 orig 80 0 0 0 0 0 0 0 0 0 0 0 0 0 0 0 0 0 0 0 0 0 0 0 0 0 0 0 0 0 0 0 0 0 0 0 0 0 0 0 0 0 0 0 0 0 0 0 0 0 0 0 0 0 0 0 0 0 0 0 0 0 0 0 0 0 0 0 0 0 0 0 0 0 0 0 0 0 0 0 0 data 18 0x80002 0x7c7 0x120002 0x7c7 0x0 0x0 0x0 0x0 0x0 0x0 0x9 0x6 0xde 0x0 0x38 0x0 0x0 0x0 oops 0 methods 0
ciMethodData java/util/Spliterators spliterator (Ljava/util/Collection;I)Ljava/util/Spliterator; 2 1275 orig 80 0 0 0 0 0 0 0 0 0 0 0 0 0 0 0 0 0 0 0 0 0 0 0 0 0 0 0 0 0 0 0 0 0 0 0 0 0 0 0 0 0 0 0 0 0 0 0 0 0 0 0 0 0 0 0 0 0 0 0 0 0 0 0 0 0 0 0 0 0 0 0 0 0 0 0 0 0 0 0 0 data 20 0x50002 0x4fb 0x80004 0xc3 0x20bd06d1d30 0x10a 0x20bd06d1dd8 0x1 0xc0002 0x4fb 0x0 0x0 0x0 0x0 0x0 0x0 0x9 0x2 0x0 0x0 oops 2 4 java/util/Properties$EntrySet 6 java/util/LinkedHashMap$LinkedKeySet methods 0
ciMethodData java/util/HashMap computeIfAbsent (Ljava/lang/Object;Ljava/util/function/Function;)Ljava/lang/Object; 2 5988 orig 80 0 0 0 0 0 0 0 0 0 0 0 0 0 0 0 0 0 0 0 0 0 0 0 0 0 0 0 0 0 0 0 0 0 0 0 0 0 0 0 0 0 0 0 0 0 0 0 0 0 0 0 0 0 0 0 0 0 0 0 0 0 0 0 0 0 0 0 0 0 0 0 0 0 0 0 0 0 0 0 0 data 181 0x10007 0x1764 0x30 0x0 0x80002 0x0 0xd0002 0x1764 0x220007 0x1b 0x60 0x1749 0x2c0007 0x1e 0x40 0x172b 0x350007 0x172b 0x50 0x0 0x390005 0x0 0x20bd2313590 0x39 0x0 0x0 0x510007 0xa3d 0x240 0xd27 0x560004 0x0 0x20bd23137b0 0xd27 0x0 0x0 0x590007 0xd27 0x98 0x0 0x5e0004 0x0 0x0 0x0 0x0 0x0 0x660005 0x0 0x0 0x0 0x0 0x0 0x6b0003 0x0 0x100 0x780007 0x890 0xc8 0x71f 0x840007 0x504 0x90 0x21b 0x880007 0x0 0x88 0x21b 0x8e0005 0xcc 0x20bcaf900d8 0xa 0x20bcaf8c3f8 0x145 0x910007 0x0 0x38 0x21b 0x980003 0x71f 0x38 0xa60007 0x288 0xffffffffffffff38 0x608 0xab0007 0x608 0x70 0x71f 0xb60007 0x0 0x50 0x71f 0xbc0005 0x0 0x20bd2313590 0x71f 0x0 0x0 0xca0005 0xfda 0x20bd06d2720 0x2e 0x20bd06d27c8 0x3d 0xd70007 0x1045 0x30 0x0 0xde0002 0x0 0xe40007 0x1045 0x20 0x0 0xeb0007 0x1045 0x50 0x0 0xf80005 0x0 0x0 0x0 0x0 0x0 0x1000007 0x1045 0x68 0x0 0x10c0005 0x0 0x0 0x0 0x0 0x0 0x1100003 0x0 0xc8 0x11e0005 0x0 0x20bd2313590 0x1045 0x0 0x0 0x1210004 0x0 0x20bd23137b0 0x1045 0x0 0x0 0x1260007 0x1045 0x50 0x0 0x12d0005 0x0 0x0 0x0 0x0 0x0 0x1440005 0x0 0x20bd2313590 0x1045 0x0 0x0 0x0 0x0 0x0 0x0 0x0 0x0 0x0 0x0 0x0 0x0 0x0 0x9 0x3 0x0 0x0 0x0 oops 10 22 java/util/HashMap 32 java/util/HashMap$Node 69 java/lang/Integer 71 java/lang/String 94 java/util/HashMap 100  @bci java/util/zip/ZipFile$Source initCEN (ILjava/util/zip/ZipCoder;)V 507 <appendix> argL0 ; 102  @bci com/sun/tools/javac/platform/JDKPlatformProvider$PlatformDescriptionImpl getFileManager ()Ljavax/tools/JavaFileManager; 542 <appendix> argL0 ; 139 java/util/HashMap 145 java/util/HashMap$Node 161 java/util/HashMap methods 0
ciMethod com/sun/tools/javac/util/AbstractLog warning (Lcom/sun/tools/javac/util/JCDiagnostic$Warning;)V 0 0 1 0 -1
ciMethod com/sun/tools/javac/util/JCDiagnostic$DiagnosticInfo of (Lcom/sun/tools/javac/util/JCDiagnostic$DiagnosticType;Lcom/sun/tools/javac/code/Lint$LintCategory;Ljava/lang/String;Ljava/lang/String;[Ljava/lang/Object;)Lcom/sun/tools/javac/util/JCDiagnostic$DiagnosticInfo; 0 0 1 0 -1
ciMethod com/sun/tools/javac/util/Assert check (Z)V 236 0 25151 0 0
ciMethod com/sun/tools/javac/util/Assert checkNonNull (Ljava/lang/Object;)Ljava/lang/Object; 520 0 27873 0 0
ciMethod com/sun/tools/javac/util/Assert check (ZLjava/util/function/Supplier;)V 512 0 785 0 -1
ciMethod com/sun/tools/javac/util/Assert checkNull (Ljava/lang/Object;Ljava/lang/String;)V 4 0 58 0 0
ciMethod com/sun/tools/javac/util/Assert checkNonNull (Ljava/lang/Object;Ljava/lang/String;)Ljava/lang/Object; 442 0 59 0 -1
ciMethod com/sun/tools/javac/util/Assert checkNonNull (Ljava/lang/Object;Ljava/util/function/Supplier;)Ljava/lang/Object; 512 0 5728 0 0
ciMethod com/sun/tools/javac/util/Assert error ()Ljava/lang/Error; 0 0 1 0 -1
ciMethod com/sun/tools/javac/util/Assert error (Ljava/lang/String;)Ljava/lang/Error; 0 0 1 0 -1
ciMethod com/sun/tools/javac/util/JCDiagnostic$Factory fragment (Lcom/sun/tools/javac/util/JCDiagnostic$Fragment;)Lcom/sun/tools/javac/util/JCDiagnostic; 0 0 1 0 -1
ciMethod com/sun/tools/javac/util/JCDiagnostic$Factory create (Ljava/util/Set;Lcom/sun/tools/javac/util/DiagnosticSource;Lcom/sun/tools/javac/util/JCDiagnostic$DiagnosticPosition;Lcom/sun/tools/javac/util/JCDiagnostic$DiagnosticInfo;)Lcom/sun/tools/javac/util/JCDiagnostic; 0 0 1 0 -1
ciMethod com/sun/tools/javac/util/JCDiagnostic$Factory normalize (Lcom/sun/tools/javac/util/JCDiagnostic$DiagnosticInfo;)Lcom/sun/tools/javac/util/JCDiagnostic$DiagnosticInfo; 0 0 1 0 -1
ciMethod com/sun/tools/javac/util/List nil ()Lcom/sun/tools/javac/util/List; 520 0 31741 0 88
ciMethod com/sun/tools/javac/util/List of (Ljava/lang/Object;)Lcom/sun/tools/javac/util/List; 444 0 11443 0 -1
ciMethod com/sun/tools/javac/util/List isEmpty ()Z 514 0 1199 0 0
ciMethod com/sun/tools/javac/util/List setTail (Lcom/sun/tools/javac/util/List;)Lcom/sun/tools/javac/util/List; 512 0 1761 0 -1
ciMethod com/sun/tools/javac/code/Symbol <init> (Lcom/sun/tools/javac/code/Kinds$Kind;JLcom/sun/tools/javac/util/Name;Lcom/sun/tools/javac/code/Type;Lcom/sun/tools/javac/code/Symbol;)V 536 0 4703 0 0
ciMethod com/sun/tools/javac/code/Symbol getQualifiedName ()Lcom/sun/tools/javac/util/Name; 284 0 142 0 -1
ciMethod com/sun/tools/javac/code/Symbol flatName ()Lcom/sun/tools/javac/util/Name; 512 0 3733 0 0
ciMethod com/sun/tools/javac/code/Symbol enclClass ()Lcom/sun/tools/javac/code/Symbol$ClassSymbol; 1906 1272 192 0 -1
ciMethod com/sun/tools/javac/code/Symbol complete ()V 522 0 7457 0 0
ciMethod com/sun/tools/javac/code/AnnoConstruct <init> ()V 518 0 9794 0 0
ciMethod com/sun/tools/javac/code/Symbol$TypeSymbol <init> (Lcom/sun/tools/javac/code/Kinds$Kind;JLcom/sun/tools/javac/util/Name;Lcom/sun/tools/javac/code/Type;Lcom/sun/tools/javac/code/Symbol;)V 606 0 2774 0 0
ciMethod com/sun/tools/javac/code/Symbol$TypeSymbol formFullName (Lcom/sun/tools/javac/util/Name;Lcom/sun/tools/javac/code/Symbol;)Lcom/sun/tools/javac/util/Name; 598 0 3190 0 0
ciMethod com/sun/tools/javac/code/Symbol$TypeSymbol formFlatName (Lcom/sun/tools/javac/util/Name;Lcom/sun/tools/javac/code/Symbol;)Lcom/sun/tools/javac/util/Name; 512 0 3742 0 0
ciMethod com/sun/tools/javac/code/Type hasTag (Lcom/sun/tools/javac/code/TypeTag;)Z 10 0 7048 0 0
ciMethod com/sun/tools/javac/code/Type getTag ()Lcom/sun/tools/javac/code/TypeTag; 0 0 1 0 -1
ciMethod com/sun/tools/javac/code/Type isPrimitive ()Z 258 0 129 0 -1
ciMethod com/sun/tools/javac/code/Type <init> (Lcom/sun/tools/javac/code/Symbol$TypeSymbol;Lcom/sun/tools/javac/util/List;)V 532 0 5093 0 0
ciMethod com/sun/tools/javac/code/Type getMetadata ()Lcom/sun/tools/javac/util/List; 258 0 129 0 -1
ciMethod com/sun/tools/javac/code/Type getEnclosingType ()Lcom/sun/tools/javac/code/Type; 0 0 1 0 -1
ciMethod com/sun/tools/javac/code/Type$ClassType <init> (Lcom/sun/tools/javac/code/Type;Lcom/sun/tools/javac/util/List;Lcom/sun/tools/javac/code/Symbol$TypeSymbol;)V 546 0 2725 0 0
ciMethod com/sun/tools/javac/code/Type$ClassType <init> (Lcom/sun/tools/javac/code/Type;Lcom/sun/tools/javac/util/List;Lcom/sun/tools/javac/code/Symbol$TypeSymbol;Lcom/sun/tools/javac/util/List;)V 770 0 3134 0 0
ciMethod com/sun/tools/javac/code/Type$ClassType getTag ()Lcom/sun/tools/javac/code/TypeTag; 528 0 3113 0 0
ciMethod com/sun/tools/javac/util/JCDiagnostic <init> (Lcom/sun/tools/javac/api/DiagnosticFormatter;Lcom/sun/tools/javac/util/JCDiagnostic$DiagnosticInfo;Ljava/util/Set;Lcom/sun/tools/javac/util/DiagnosticSource;Lcom/sun/tools/javac/util/JCDiagnostic$DiagnosticPosition;)V 0 0 1 0 -1
ciMethod java/util/TreeMap$KeySpliterator getComparator ()Ljava/util/Comparator; 2 0 1 0 0
ciMethodData java/util/List spliterator ()Ljava/util/Spliterator; 1 504 orig 80 0 0 0 0 0 0 0 0 0 0 0 0 0 0 0 0 0 0 0 0 0 0 0 0 0 0 0 0 0 0 0 0 0 0 0 0 0 0 0 0 0 0 0 0 0 0 0 0 0 0 0 0 0 0 0 0 0 0 0 0 0 0 0 0 0 0 0 0 0 0 0 0 0 0 0 0 0 0 0 0 data 23 0x10004 0x0 0x20bd1ed82f0 0x197 0x20bd0ca9fa8 0x61 0x40007 0x1f8 0x30 0x0 0xc0002 0x0 0x130002 0x1f8 0x0 0x0 0x0 0x0 0x0 0x0 0x9 0x1 0x0 oops 2 2 com/sun/tools/javac/util/List 4 com/sun/tools/javac/util/List$1 methods 0
ciMethod com/sun/tools/javac/resources/CompilerProperties$Fragments BadUtf8ByteSequenceAt (I)Lcom/sun/tools/javac/util/JCDiagnostic$Fragment; 0 0 1 0 -1
ciMethod com/sun/tools/javac/code/Symbol$Completer complete (Lcom/sun/tools/javac/code/Symbol;)V 0 0 1 0 -1
ciMethod com/sun/tools/javac/code/ClassFinder$BadClassFile <init> (Lcom/sun/tools/javac/code/Symbol$TypeSymbol;Ljavax/tools/JavaFileObject;Lcom/sun/tools/javac/util/JCDiagnostic;Lcom/sun/tools/javac/util/JCDiagnostic$Factory;Lcom/sun/tools/javac/code/DeferredCompletionFailureHandler;)V 0 0 1 0 -1
ciMethod com/sun/tools/javac/code/Symbol$ClassSymbol <init> (JLcom/sun/tools/javac/util/Name;Lcom/sun/tools/javac/code/Type;Lcom/sun/tools/javac/code/Symbol;)V 516 0 2139 0 0
ciMethod com/sun/tools/javac/code/Symbol$ClassSymbol <init> (JLcom/sun/tools/javac/util/Name;Lcom/sun/tools/javac/code/Symbol;)V 540 0 2127 0 0
ciMethod com/sun/tools/javac/code/Symbol$ClassSymbol erasure (Lcom/sun/tools/javac/code/Types;)Lcom/sun/tools/javac/code/Type; 158 0 1835 0 0
ciMethod com/sun/tools/javac/code/Symbol$PackageSymbol <init> (Lcom/sun/tools/javac/util/Name;Lcom/sun/tools/javac/code/Symbol;)V 344 0 503 0 -1
ciMethod com/sun/tools/javac/code/Symbol$PackageSymbol getQualifiedName ()Lcom/sun/tools/javac/util/Name; 284 0 142 0 0
ciMethod com/sun/tools/javac/code/Symbol$PackageSymbol exists ()Z 418 0 3035 0 0
ciMethod com/sun/tools/javac/util/Names fromUtf ([BIILcom/sun/tools/javac/util/Convert$Validation;)Lcom/sun/tools/javac/util/Name; 442 0 5315 0 0
ciMethod com/sun/tools/javac/util/Names fromUtfLax ([BII)Lcom/sun/tools/javac/util/Name; 0 0 1 0 -1
ciMethod com/sun/tools/javac/util/Name$Table fromChars ([CII)Lcom/sun/tools/javac/util/Name; 0 0 1 0 -1
ciMethod com/sun/tools/javac/util/Name$Table fromString (Ljava/lang/String;)Lcom/sun/tools/javac/util/Name; 520 0 11781 0 0
ciMethod com/sun/tools/javac/util/Name$Table fromUtf ([BIILcom/sun/tools/javac/util/Convert$Validation;)Lcom/sun/tools/javac/util/Name; 0 0 1 0 -1
ciMethod com/sun/tools/javac/util/UnsharedNameTable fromValidUtf ([BII)Lcom/sun/tools/javac/util/Name; 73736 7054 24233 0 0
ciMethod com/sun/tools/javac/util/UnsharedNameTable fromChars ([CII)Lcom/sun/tools/javac/util/Name; 536 0 11839 0 0
ciMethod com/sun/tools/javac/util/UnsharedNameTable fromUtf ([BIILcom/sun/tools/javac/util/Convert$Validation;)Lcom/sun/tools/javac/util/Name; 536 0 12913 0 0
ciMethod com/sun/tools/javac/util/Utf8NameTable hashValue ([BII)I 440 4442 9029 0 208
ciMethod com/sun/tools/javac/util/Utf8NameTable equals ([BI[BII)Z 140 1311940 5701 0 288
ciMethod com/sun/tools/javac/util/Name <init> (Lcom/sun/tools/javac/util/Name$Table;)V 470 0 1847 0 0
ciMethod com/sun/tools/javac/util/Name length ()I 0 0 1 0 -1
ciMethod com/sun/tools/javac/util/Name toString ()Ljava/lang/String; 0 0 1 0 -1
ciMethod com/sun/tools/javac/util/Name equals (Ljava/lang/Object;)Z 28 0 187 0 0
ciMethod com/sun/tools/javac/util/Name nameEquals (Lcom/sun/tools/javac/util/Name;)Z 0 0 1 0 -1
ciMethod com/sun/tools/javac/util/Name append (CLcom/sun/tools/javac/util/Name;)Lcom/sun/tools/javac/util/Name; 0 0 1 0 -1
ciMethod com/sun/tools/javac/util/Name isEmpty ()Z 376 0 4264 0 0
ciMethod com/sun/tools/javac/util/Name lastIndexOfAscii (C)I 0 0 1 0 -1
ciMethod com/sun/tools/javac/util/Name subName (II)Lcom/sun/tools/javac/util/Name; 372 0 3642 0 0
ciMethod com/sun/tools/javac/util/Name subName (I)Lcom/sun/tools/javac/util/Name; 348 0 988 0 0
ciMethod com/sun/tools/javac/util/UnsharedNameTable$NameImpl <init> (Lcom/sun/tools/javac/util/UnsharedNameTable;[BI)V 466 0 1847 0 0
ciMethod com/sun/tools/javac/util/UnsharedNameTable$NameImpl getByteData ()[B 324 0 162 0 0
ciMethod com/sun/tools/javac/util/UnsharedNameTable$NameImpl getByteOffset ()I 324 0 32750 0 0
ciMethod com/sun/tools/javac/util/UnsharedNameTable$NameImpl getByteLength ()I 524 0 41719 0 0
ciMethod com/sun/tools/javac/util/UnsharedNameTable$NameImpl getNameIndex ()I 294 0 147 0 0
ciMethod com/sun/tools/javac/util/Utf8NameTable$NameImpl <init> (Lcom/sun/tools/javac/util/Utf8NameTable;)V 468 0 1847 0 0
ciMethod com/sun/tools/javac/util/Utf8NameTable$NameImpl getByteData ()[B 0 0 1 0 -1
ciMethod com/sun/tools/javac/util/Utf8NameTable$NameImpl getByteOffset ()I 0 0 1 0 -1
ciMethod com/sun/tools/javac/util/Utf8NameTable$NameImpl getByteLength ()I 0 0 1 0 -1
ciMethod com/sun/tools/javac/util/Utf8NameTable$NameImpl getNameIndex ()I 0 0 1 0 -1
ciMethod com/sun/tools/javac/util/Utf8NameTable$NameImpl nameEquals (Lcom/sun/tools/javac/util/Name;)Z 512 0 945 0 -1
ciMethod com/sun/tools/javac/util/Utf8NameTable$NameImpl length ()I 376 0 4270 0 0
ciMethod com/sun/tools/javac/util/Utf8NameTable$NameImpl toString ()Ljava/lang/String; 524 0 9680 0 0
ciMethod com/sun/tools/javac/util/Utf8NameTable$NameImpl hashCode ()I 536 0 17455 0 80
ciMethod com/sun/tools/javac/util/Utf8NameTable$NameImpl append (CLcom/sun/tools/javac/util/Name;)Lcom/sun/tools/javac/util/Name; 526 0 7161 0 0
ciMethod com/sun/tools/javac/util/Utf8NameTable$NameImpl lastIndexOfAscii (C)I 348 4208 5276 0 1040
ciMethod com/sun/tools/javac/util/UnsharedNameTable$HashEntry <init> (Lcom/sun/tools/javac/util/UnsharedNameTable$NameImpl;)V 474 0 1847 0 0
ciMethod com/sun/tools/javac/util/Convert utfValidate ([BIILcom/sun/tools/javac/util/Convert$Validation;)V 0 0 5753 0 0
ciMethod com/sun/tools/javac/util/Convert utf2chars ([BI[CIILcom/sun/tools/javac/util/Convert$Validation;)I 270 6350 3892 0 -1
ciMethod com/sun/tools/javac/util/Convert utf2string ([BIILcom/sun/tools/javac/util/Convert$Validation;)Ljava/lang/String; 528 0 9680 0 0
ciMethod com/sun/tools/javac/util/Convert utfNumChars ([BII)I 362 4172 7690 0 232
ciMethod com/sun/tools/javac/util/Convert chars2utf ([CI[BII)I 454 4328 2233 0 600
ciMethod com/sun/tools/javac/util/Convert shortName (Lcom/sun/tools/javac/util/Name;)Lcom/sun/tools/javac/util/Name; 366 0 1434 0 0
ciMethod com/sun/tools/javac/util/Convert packagePart (Lcom/sun/tools/javac/util/Name;)Lcom/sun/tools/javac/util/Name; 372 0 3642 0 0
ciMethod com/sun/tools/javac/jvm/ClassReader badClassFile (Ljava/lang/String;[Ljava/lang/Object;)Lcom/sun/tools/javac/code/ClassFinder$BadClassFile; 0 0 1 0 -1
ciMethod com/sun/tools/javac/jvm/ClassReader badClassFile (Lcom/sun/tools/javac/util/JCDiagnostic$Fragment;)Lcom/sun/tools/javac/code/ClassFinder$BadClassFile; 0 0 1 0 -1
ciMethod com/sun/tools/javac/jvm/ClassReader badClassFile (Lcom/sun/tools/javac/util/JCDiagnostic;)Lcom/sun/tools/javac/code/ClassFinder$BadClassFile; 0 0 1 0 -1
ciMethod com/sun/tools/javac/jvm/ClassReader sigToType ()Lcom/sun/tools/javac/code/Type; 536 12 4859 0 -1
ciMethod com/sun/tools/javac/jvm/ClassReader classSigToType ()Lcom/sun/tools/javac/code/Type; 200 6158 2116 0 -1
ciMethod com/sun/tools/javac/jvm/ClassReader quoteBadSignature ()Ljava/lang/String; 0 0 1 0 -1
ciMethod com/sun/tools/javac/jvm/ClassReader sigToTypes (C)Lcom/sun/tools/javac/util/List; 116 130 1270 0 0
ciMethod com/sun/tools/javac/jvm/ClassReader readName ([BII)Lcom/sun/tools/javac/util/Name; 342 0 2470 0 0
ciMethod com/sun/tools/javac/jvm/ClassReader enterClass (Lcom/sun/tools/javac/util/Name;)Lcom/sun/tools/javac/code/Symbol$ClassSymbol; 204 0 2122 0 0
ciMethod com/sun/tools/javac/jvm/ClassReader$1 <init> (Lcom/sun/tools/javac/jvm/ClassReader;Lcom/sun/tools/javac/code/Type;Lcom/sun/tools/javac/util/List;Lcom/sun/tools/javac/code/Symbol$TypeSymbol;Lcom/sun/tools/javac/code/Symbol$ClassSymbol;Lcom/sun/tools/javac/util/List;)V 48 0 338 0 0
ciMethod com/sun/tools/javac/code/Types$DefaultTypeVisitor visit (Lcom/sun/tools/javac/code/Type;Ljava/lang/Object;)Ljava/lang/Object; 2264 0 343 0 -1
ciMethod com/sun/tools/javac/code/Symtab lookupPackage (Lcom/sun/tools/javac/code/Symbol$ModuleSymbol;Lcom/sun/tools/javac/util/Name;Z)Lcom/sun/tools/javac/code/Symbol$PackageSymbol; 474 0 3754 0 0
ciMethod com/sun/tools/javac/code/Symtab defineClass (Lcom/sun/tools/javac/util/Name;Lcom/sun/tools/javac/code/Symbol;)Lcom/sun/tools/javac/code/Symbol$ClassSymbol; 654 0 2007 0 0
ciMethod com/sun/tools/javac/code/Symtab getClass (Lcom/sun/tools/javac/code/Symbol$ModuleSymbol;Lcom/sun/tools/javac/util/Name;)Lcom/sun/tools/javac/code/Symbol$ClassSymbol; 780 0 4806 0 0
ciMethod com/sun/tools/javac/code/Symtab lookupPackage (Lcom/sun/tools/javac/code/Symbol$ModuleSymbol;Lcom/sun/tools/javac/util/Name;)Lcom/sun/tools/javac/code/Symbol$PackageSymbol; 472 0 3658 0 0
ciMethod com/sun/tools/javac/code/Symtab doEnterClass (Lcom/sun/tools/javac/code/Symbol$ModuleSymbol;Lcom/sun/tools/javac/code/Symbol$ClassSymbol;)V 654 0 2007 0 0
ciMethod com/sun/tools/javac/code/Symtab enterClass (Lcom/sun/tools/javac/code/Symbol$ModuleSymbol;Lcom/sun/tools/javac/util/Name;)Lcom/sun/tools/javac/code/Symbol$ClassSymbol; 166 0 2762 0 0
ciMethod com/sun/tools/javac/code/Symtab enterPackage (Lcom/sun/tools/javac/code/Symbol$ModuleSymbol;Lcom/sun/tools/javac/util/Name;)Lcom/sun/tools/javac/code/Symbol$PackageSymbol; 514 0 1389 0 0
ciMethod com/sun/tools/javac/code/Symtab doEnterPackage (Lcom/sun/tools/javac/code/Symbol$ModuleSymbol;Lcom/sun/tools/javac/code/Symbol$PackageSymbol;)V 342 0 502 0 -1
ciMethod com/sun/tools/javac/code/Symtab getPackage (Lcom/sun/tools/javac/code/Symbol$ModuleSymbol;Lcom/sun/tools/javac/util/Name;)Lcom/sun/tools/javac/code/Symbol$PackageSymbol; 538 0 4256 0 0
ciMethod com/sun/tools/javac/code/Kinds$Kind matches (Lcom/sun/tools/javac/code/Kinds$KindSelector;)Z 540 0 7482 0 0
ciMethod com/sun/tools/javac/code/Kinds$KindSelector contains (Lcom/sun/tools/javac/code/Kinds$KindSelector;)Z 540 0 10283 0 0
ciMethod com/sun/tools/javac/util/Convert$Validation allowSingleByteNul ()Z 692 0 346 0 -1
ciMethod com/sun/tools/javac/util/Convert$Validation allowLongEncoding ()Z 12 0 1 0 -1
ciMethod com/sun/tools/javac/util/Convert$Validation allowAnything ()Z 12 0 1 0 -1
ciMethod com/sun/tools/javac/comp/Annotate$AnnotationTypeMetadata notAnAnnotationType ()Lcom/sun/tools/javac/comp/Annotate$AnnotationTypeMetadata; 516 0 2273 0 0
ciMethodData com/sun/tools/javac/util/List nil ()Lcom/sun/tools/javac/util/List; 2 33436 orig 80 0 0 0 0 0 0 0 0 0 0 0 0 0 0 0 0 0 0 0 0 0 0 0 0 0 0 0 0 0 0 0 0 0 0 0 0 0 0 0 0 0 0 0 0 0 0 0 0 0 0 0 0 0 0 0 0 0 0 0 0 0 0 0 0 0 0 0 0 0 0 0 0 0 0 0 0 0 0 0 0 data 4 0x0 0x0 0x9 0x0 oops 0 methods 0
ciMethod com/sun/tools/javac/code/Types erasure (Lcom/sun/tools/javac/code/Type;)Lcom/sun/tools/javac/code/Type; 194 0 268 0 -1
ciMethod com/sun/tools/javac/code/Types eraseNotNeeded (Lcom/sun/tools/javac/code/Type;)Z 108 0 343 0 -1
ciMethod com/sun/tools/javac/code/Types erasure (Lcom/sun/tools/javac/code/Type;Z)Lcom/sun/tools/javac/code/Type; 108 0 342 0 -1
ciMethodData com/sun/tools/javac/util/Assert check (Z)V 2 25066 orig 80 0 0 0 0 0 0 0 0 0 0 0 0 0 0 0 0 0 0 0 0 0 0 0 0 0 0 0 0 0 0 0 0 0 0 0 0 0 0 0 0 0 0 0 0 0 0 0 0 0 0 0 0 0 0 0 0 0 0 0 0 0 0 0 0 0 0 0 0 0 0 0 0 0 0 0 0 0 0 0 0 data 15 0x10007 0x61ea 0x30 0x0 0x40002 0x0 0x0 0x0 0x0 0x0 0x0 0x0 0x9 0x1 0x0 oops 0 methods 0
ciMethod  @bci com/sun/tools/javac/code/Symtab getClass (Lcom/sun/tools/javac/code/Symbol$ModuleSymbol;Lcom/sun/tools/javac/util/Name;)Lcom/sun/tools/javac/code/Symbol$ClassSymbol; 7 <appendix> member <vmtarget> ; <init> (Lcom/sun/tools/javac/util/Name;)V 780 0 5091 0 0
ciMethodData com/sun/tools/javac/util/Utf8NameTable hashValue ([BII)I 2 8809 orig 80 0 0 0 0 0 0 0 0 0 0 0 0 0 0 0 0 0 0 0 0 0 0 0 0 0 0 0 0 0 0 0 0 0 0 0 0 0 0 0 0 0 0 0 0 0 0 0 0 0 0 0 0 0 0 0 0 0 0 0 0 0 0 0 0 0 0 0 0 0 0 0 0 0 0 0 0 0 0 0 0 data 15 0x60007 0x2269 0x38 0x1f816 0x160003 0x1f816 0xffffffffffffffe0 0x0 0x0 0x0 0x9 0x3 0x0 0x0 0x0 oops 0 methods 0
ciMethodData com/sun/tools/javac/util/Convert chars2utf ([CI[BII)I 2 2006 orig 80 0 0 0 0 0 0 0 0 0 0 0 0 0 0 0 0 0 0 0 0 0 0 0 0 0 0 0 0 0 0 0 0 0 0 0 0 0 0 0 0 0 0 0 0 0 0 0 0 0 0 0 0 0 0 0 0 0 0 0 0 0 0 0 0 0 0 0 0 0 0 0 0 0 0 0 0 0 0 0 0 data 36 0x100007 0x7d6 0xc8 0x44f3 0x1c0007 0x0 0x58 0x44f3 0x230007 0x0 0x38 0x44f3 0x300003 0x44f3 0x50 0x380007 0x0 0x38 0x0 0x5d0003 0x0 0x18 0x990003 0x44f3 0xffffffffffffff50 0x0 0x0 0x0 0x0 0x9 0x5 0x0 0x0 0x0 0x0 0x0 oops 0 methods 0
ciMethodData com/sun/tools/javac/util/UnsharedNameTable fromValidUtf ([BII)Lcom/sun/tools/javac/util/Name; 2 7271 orig 80 0 0 0 0 0 0 0 0 0 0 0 0 0 0 0 0 0 0 0 0 0 0 0 0 0 0 0 0 0 0 0 0 0 0 0 0 0 0 0 0 0 0 0 0 0 0 0 0 0 0 0 0 0 0 0 0 0 0 0 0 0 0 0 0 0 0 0 0 0 0 0 0 0 0 0 0 0 0 0 0 data 94 0x30002 0x1c67 0x220007 0x65d 0x1c8 0x172c 0x270005 0x0 0x20bcb377840 0x172c 0x0 0x0 0x2a0004 0x0 0x20bd048d088 0x172c 0x0 0x0 0x310007 0x172c 0xb0 0x0 0x380007 0x0 0x68 0x0 0x490004 0x0 0x0 0x0 0x0 0x0 0x4a0003 0x0 0xc0 0x510002 0x0 0x5f0003 0x0 0x98 0x640005 0x88 0x20bd048d088 0x16a4 0x0 0x0 0x680007 0x11b 0x50 0x1611 0x740002 0x1611 0x770007 0x7 0x20 0x161d 0x880003 0x122 0xfffffffffffffe50 0x960002 0x65d 0xab0002 0x65d 0xb60002 0x65d 0xbd0007 0x39 0x68 0x624 0xc80004 0x0 0x20bcb377840 0x624 0x0 0x0 0xc90003 0x624 0x28 0xd30002 0x39 0x0 0x0 0x0 0x0 0x0 0x0 0x0 0x0 0x9 0x4 0x0 0x0 0x0 0x0 oops 4 8 com/sun/tools/javac/util/UnsharedNameTable$HashEntry 14 com/sun/tools/javac/util/UnsharedNameTable$NameImpl 42 com/sun/tools/javac/util/UnsharedNameTable$NameImpl 71 com/sun/tools/javac/util/UnsharedNameTable$HashEntry methods 0
ciMethodData com/sun/tools/javac/util/Assert checkNonNull (Ljava/lang/Object;)Ljava/lang/Object; 2 27641 orig 80 0 0 0 0 0 0 0 0 0 0 0 0 0 0 0 0 0 0 0 0 0 0 0 0 0 0 0 0 0 0 0 0 0 0 0 0 0 0 0 0 0 0 0 0 0 0 0 0 0 0 0 0 0 0 0 0 0 0 0 0 0 0 0 0 0 0 0 0 0 0 0 0 0 0 0 0 0 0 0 0 data 15 0x10007 0x6bf9 0x30 0x0 0x40002 0x0 0x0 0x0 0x0 0x0 0x0 0x0 0x9 0x1 0x0 oops 0 methods 0
ciMethodData com/sun/tools/javac/util/UnsharedNameTable$NameImpl getByteLength ()I 2 41457 orig 80 0 0 0 0 0 0 0 0 0 0 0 0 0 0 0 0 0 0 0 0 0 0 0 0 0 0 0 0 0 0 0 0 0 0 0 0 0 0 0 0 0 0 0 0 0 0 0 0 0 0 0 0 0 0 0 0 0 0 0 0 0 0 0 0 0 0 0 0 0 0 0 0 0 0 0 0 0 0 0 0 data 7 0x0 0x0 0x0 0x0 0x9 0x1 0x0 oops 0 methods 0
ciMethodData com/sun/tools/javac/util/Utf8NameTable equals ([BI[BII)Z 2 5631 orig 80 0 0 0 0 0 0 0 0 0 0 0 0 0 0 0 0 0 0 0 0 0 0 0 0 0 0 0 0 0 0 0 0 0 0 0 0 0 0 0 0 0 0 0 0 0 0 0 0 0 0 0 0 0 0 0 0 0 0 0 0 0 0 0 0 0 0 0 0 0 0 0 0 0 0 0 0 0 0 0 0 data 19 0x50007 0x160a 0x40 0xd0e0 0x140007 0xd0ec 0xffffffffffffffe0 0x7 0x0 0x0 0x0 0x0 0x9 0x5 0x0 0x0 0x0 0x0 0x0 oops 0 methods 0
ciMethodData com/sun/tools/javac/util/Name$Table fromString (Ljava/lang/String;)Lcom/sun/tools/javac/util/Name; 2 11566 orig 80 0 0 0 0 0 0 0 0 0 0 0 0 0 0 0 0 0 0 0 0 0 0 0 0 0 0 0 0 0 0 0 0 0 0 0 0 0 0 0 0 0 0 0 0 0 0 0 0 0 0 0 0 0 0 0 0 0 0 0 0 0 0 0 0 0 0 0 0 0 0 0 0 0 0 0 0 0 0 0 0 data 22 0x10005 0x24 0x20bcaf8c3f8 0x2d0a 0x0 0x0 0xa0005 0x0 0x20bd0a54eb0 0x2d2e 0x0 0x0 0x0 0x0 0x0 0x0 0x0 0x0 0x9 0x2 0xffffffffffffffff 0x0 oops 2 2 java/lang/String 8 com/sun/tools/javac/util/UnsharedNameTable methods 0
ciMethodData com/sun/tools/javac/util/UnsharedNameTable$NameImpl <init> (Lcom/sun/tools/javac/util/UnsharedNameTable;[BI)V 2 1614 orig 80 0 0 0 0 0 0 0 0 0 0 0 0 0 0 0 0 0 0 0 0 0 0 0 0 0 0 0 0 0 0 0 0 0 0 0 0 0 0 0 0 0 0 0 0 0 0 0 0 0 0 0 0 0 0 0 0 0 0 0 0 0 0 0 0 0 0 0 0 0 0 0 0 0 0 0 0 0 0 0 0 data 12 0x20002 0x64e 0x0 0x0 0x0 0x0 0x9 0x4 0xe 0x0 0x0 0x0 oops 0 methods 0
ciMethodData com/sun/tools/javac/util/Utf8NameTable$NameImpl <init> (Lcom/sun/tools/javac/util/Utf8NameTable;)V 2 1613 orig 80 0 0 0 0 0 0 0 0 0 0 0 0 0 0 0 0 0 0 0 0 0 0 0 0 0 0 0 0 0 0 0 0 0 0 0 0 0 0 0 0 0 0 0 0 0 0 0 0 0 0 0 0 0 0 0 0 0 0 0 0 0 0 0 0 0 0 0 0 0 0 0 0 0 0 0 0 0 0 0 0 data 8 0x20002 0x64d 0x0 0x0 0x9 0x2 0x6 0x0 oops 0 methods 0
ciMethodData com/sun/tools/javac/util/Name <init> (Lcom/sun/tools/javac/util/Name$Table;)V 2 1612 orig 80 0 0 0 0 0 0 0 0 0 0 0 0 0 0 0 0 0 0 0 0 0 0 0 0 0 0 0 0 0 0 0 0 0 0 0 0 0 0 0 0 0 0 0 0 0 0 0 0 0 0 0 0 0 0 0 0 0 0 0 0 0 0 0 0 0 0 0 0 0 0 0 0 0 0 0 0 0 0 0 0 data 10 0x10002 0x64c 0x0 0x0 0x0 0x0 0x9 0x2 0x6 0x0 oops 0 methods 0
ciMethodData com/sun/tools/javac/util/UnsharedNameTable fromChars ([CII)Lcom/sun/tools/javac/util/Name; 2 11571 orig 80 0 0 0 0 0 0 0 0 0 0 0 0 0 0 0 0 0 0 0 0 0 0 0 0 0 0 0 0 0 0 0 0 0 0 0 0 0 0 0 0 0 0 0 0 0 0 0 0 0 0 0 0 0 0 0 0 0 0 0 0 0 0 0 0 0 0 0 0 0 0 0 0 0 0 0 0 0 0 0 0 data 20 0xd0002 0x2d33 0x180005 0x2d33 0x0 0x0 0x0 0x0 0x0 0x0 0x0 0x0 0x0 0x0 0x9 0x4 0xffffffffffffffff 0xffffffffffffffff 0x0 0x0 oops 0 methods 0
ciMethodData com/sun/tools/javac/util/UnsharedNameTable$HashEntry <init> (Lcom/sun/tools/javac/util/UnsharedNameTable$NameImpl;)V 2 1610 orig 80 0 0 0 0 0 0 0 0 0 0 0 0 0 0 0 0 0 0 0 0 0 0 0 0 0 0 0 0 0 0 0 0 0 0 0 0 0 0 0 0 0 0 0 0 0 0 0 0 0 0 0 0 0 0 0 0 0 0 0 0 0 0 0 0 0 0 0 0 0 0 0 0 0 0 0 0 0 0 0 0 data 8 0x20002 0x64a 0x0 0x0 0x9 0x2 0x0 0x0 oops 0 methods 0
ciMethodData com/sun/tools/javac/util/Assert checkNull (Ljava/lang/Object;Ljava/lang/String;)V 1 56 orig 80 0 0 0 0 0 0 0 0 0 0 0 0 0 0 0 0 0 0 0 0 0 0 0 0 0 0 0 0 0 0 0 0 0 0 0 0 0 0 0 0 0 0 0 0 0 0 0 0 0 0 0 0 0 0 0 0 0 0 0 0 0 0 0 0 0 0 0 0 0 0 0 0 0 0 0 0 0 0 0 0 data 16 0x10007 0x38 0x30 0x0 0x50002 0x0 0x0 0x0 0x0 0x0 0x0 0x0 0x9 0x2 0x0 0xffffffffffffffff oops 0 methods 0
ciMethodData com/sun/tools/javac/util/Utf8NameTable$NameImpl hashCode ()I 2 17189 orig 80 0 0 0 0 0 0 0 0 0 0 0 0 0 0 0 0 0 0 0 0 0 0 0 0 0 0 0 0 0 0 0 0 0 0 0 0 0 0 0 0 0 0 0 0 0 0 0 0 0 0 0 0 0 0 0 0 0 0 0 0 0 0 0 0 0 0 0 0 0 0 0 0 0 0 0 0 0 0 0 0 data 15 0x10005 0x0 0x20bd048d088 0x4325 0x0 0x0 0x0 0x0 0x0 0x0 0x0 0x0 0x9 0x1 0x0 oops 1 2 com/sun/tools/javac/util/UnsharedNameTable$NameImpl methods 0
ciMethodData com/sun/tools/javac/util/Convert utfNumChars ([BII)I 2 7509 orig 80 0 0 0 0 0 0 0 0 0 0 0 0 0 0 0 0 0 0 0 0 0 0 0 0 0 0 0 0 0 0 0 0 0 0 0 0 0 0 0 0 0 0 0 0 0 0 0 0 0 0 0 0 0 0 0 0 0 0 0 0 0 0 0 0 0 0 0 0 0 0 0 0 0 0 0 0 0 0 0 0 data 19 0x60007 0x1d55 0x58 0x2471e 0x160007 0x0 0xffffffffffffffe0 0x2471e 0x1c0003 0x2471e 0xffffffffffffffc0 0x0 0x0 0x0 0x9 0x3 0x0 0x0 0x0 oops 0 methods 0
ciMethodData com/sun/tools/javac/util/Convert utf2chars ([BI[CIILcom/sun/tools/javac/util/Convert$Validation;)I 2 3757 orig 80 1 0 0 0 0 0 0 0 0 0 0 0 0 0 0 0 0 0 0 0 0 0 0 0 0 0 0 0 0 0 0 0 0 0 1 0 0 0 0 0 0 0 0 0 0 0 0 0 0 0 0 0 0 0 0 0 0 0 0 0 0 0 0 0 0 0 0 0 0 0 0 0 0 0 0 0 0 0 0 0 data 191 0x80007 0xeae 0x580 0xbea5 0x180007 0xbea5 0x4a8 0x0 0x240007 0x0 0x208 0x0 0x2c0007 0x0 0x38 0x0 0x370003 0x0 0x90 0x3c0005 0x0 0x0 0x0 0x0 0x0 0x3f0007 0x0 0x38 0x0 0x450003 0x0 0x28 0x4e0002 0x0 0x540005 0x0 0x0 0x0 0x0 0x0 0x570007 0x0 0x50 0x0 0x630007 0x0 0x30 0x0 0x6c0002 0x0 0x820005 0x0 0x0 0x0 0x0 0x0 0x850007 0x0 0x70 0x0 0x8d0007 0x0 0x50 0x0 0x920007 0x0 0x30 0x0 0x9b0002 0x0 0x9f0003 0x0 0x318 0xab0007 0x0 0x208 0x0 0xb30007 0x0 0x38 0x0 0xc60003 0x0 0x90 0xcb0005 0x0 0x0 0x0 0x0 0x0 0xce0007 0x0 0x38 0x0 0xd70003 0x0 0x28 0xe00002 0x0 0xe60005 0x0 0x0 0x0 0x0 0x0 0xe90007 0x0 0x70 0x0 0xf50007 0x0 0x40 0x0 0x1010007 0x0 0x30 0x0 0x10a0002 0x0 0x1290005 0x0 0x0 0x0 0x0 0x0 0x12c0007 0x0 0x50 0x0 0x1350007 0x0 0x30 0x0 0x13e0002 0x0 0x1420003 0x0 0x110 0x1470005 0x0 0x0 0x0 0x0 0x0 0x14a0007 0x0 0x38 0x0 0x1550003 0x0 0xa8 0x15e0002 0x0 0x1640005 0x80d0 0x20bd048ad20 0x3dd5 0x0 0x0 0x1670007 0x789d 0x50 0x4608 0x16c0007 0x4608 0x30 0x0 0x1750002 0x0 0x17a0007 0x4608 0x20 0x789d 0x1860003 0xbea5 0xfffffffffffffa98 0x0 0x0 0x0 0x0 0x0 0x0 0x0 0x9 0x6 0x0 0x0 0x0 0x0 0x0 0x0 oops 1 155 com/sun/tools/javac/util/Convert$Validation methods 0
ciMethodData com/sun/tools/javac/util/Utf8NameTable$NameImpl lastIndexOfAscii (C)I 2 5102 orig 80 0 0 0 0 0 0 0 0 0 0 0 0 0 0 0 0 0 0 0 0 0 0 0 0 0 0 0 0 0 0 0 0 0 0 0 0 0 0 0 0 0 0 0 0 0 0 0 0 0 0 0 0 0 0 0 0 0 0 0 0 0 0 0 0 0 0 0 0 0 0 0 0 0 0 0 0 0 0 0 0 data 54 0x40007 0x0 0x38 0x13ee 0x80003 0x13ee 0x18 0xc0002 0x13ee 0x130005 0x0 0x20bd048d088 0x13ee 0x0 0x0 0x180005 0x0 0x20bd048d088 0x13ee 0x0 0x0 0x1e0005 0x0 0x20bd048d088 0x13ee 0x0 0x0 0x2b0007 0x3a4 0x58 0xc27a 0x360007 0x104a 0x38 0xb230 0x3c0003 0xb230 0xffffffffffffffc0 0x410007 0x104a 0x20 0x3a4 0x4c0002 0x104a 0x0 0x0 0x0 0x0 0x0 0x0 0x9 0x2 0x0 0x0 oops 3 11 com/sun/tools/javac/util/UnsharedNameTable$NameImpl 17 com/sun/tools/javac/util/UnsharedNameTable$NameImpl 23 com/sun/tools/javac/util/UnsharedNameTable$NameImpl methods 0
ciMethodData com/sun/tools/javac/util/UnsharedNameTable$NameImpl getByteOffset ()I 2 32588 orig 80 0 0 0 0 0 0 0 0 0 0 0 0 0 0 0 0 0 0 0 0 0 0 0 0 0 0 0 0 0 0 0 0 0 0 0 0 0 0 0 0 0 0 0 0 0 0 0 0 0 0 0 0 0 0 0 0 0 0 0 0 0 0 0 0 0 0 0 0 0 0 0 0 0 0 0 0 0 0 0 0 data 4 0x0 0x9 0x1 0x0 oops 0 methods 0
ciMethodData com/sun/tools/javac/code/AnnoConstruct <init> ()V 2 9535 orig 80 0 0 0 0 0 0 0 0 0 0 0 0 0 0 0 0 0 0 0 0 0 0 0 0 0 0 0 0 0 0 0 0 0 0 0 0 0 0 0 0 0 0 0 0 0 0 0 0 0 0 0 0 0 0 0 0 0 0 0 0 0 0 0 0 0 0 0 0 0 0 0 0 0 0 0 0 0 0 0 0 data 7 0x10002 0x253f 0x0 0x0 0x9 0x1 0x0 oops 0 methods 0
ciMethodData com/sun/tools/javac/util/Utf8NameTable$NameImpl toString ()Ljava/lang/String; 2 9418 orig 80 0 0 0 0 0 0 0 0 0 0 0 0 0 0 0 0 0 0 0 0 0 0 0 0 0 0 0 0 0 0 0 0 0 0 0 0 0 0 0 0 0 0 0 0 0 0 0 0 0 0 0 0 0 0 0 0 0 0 0 0 0 0 0 0 0 0 0 0 0 0 0 0 0 0 0 0 0 0 0 0 data 32 0x10005 0x0 0x20bd048d088 0x24ca 0x0 0x0 0x50005 0x0 0x20bd048d088 0x24ca 0x0 0x0 0x90005 0x0 0x20bd048d088 0x24ca 0x0 0x0 0xf0002 0x24ca 0x1b0002 0x0 0x0 0x0 0x0 0x0 0x0 0x0 0x9 0x1 0x0 0x130001 oops 3 2 com/sun/tools/javac/util/UnsharedNameTable$NameImpl 8 com/sun/tools/javac/util/UnsharedNameTable$NameImpl 14 com/sun/tools/javac/util/UnsharedNameTable$NameImpl methods 0
ciMethodData com/sun/tools/javac/util/Convert utf2string ([BIILcom/sun/tools/javac/util/Convert$Validation;)Ljava/lang/String; 2 9430 orig 80 0 0 0 0 0 0 0 0 0 0 0 0 0 0 0 0 0 0 0 0 0 0 0 0 0 0 0 0 0 0 0 0 0 0 0 0 0 0 0 0 0 0 0 0 0 0 0 0 0 0 0 0 0 0 0 0 0 0 0 0 0 0 0 0 0 0 0 0 0 0 0 0 0 0 0 0 0 0 0 0 data 16 0xc0002 0x24d6 0x1a0002 0x24d6 0x0 0x0 0x0 0x0 0x0 0x0 0x9 0x4 0x0 0x0 0x0 0x0 oops 0 methods 0
ciMethodData com/sun/tools/javac/util/List isEmpty ()Z 2 1327 orig 80 0 0 0 0 0 0 0 0 0 0 0 0 0 0 0 0 0 0 0 0 0 0 0 0 0 0 0 0 0 0 0 0 0 0 0 0 0 0 0 0 0 0 0 0 0 0 0 0 0 0 0 0 0 0 0 0 0 0 0 0 0 0 0 0 0 0 0 0 0 0 0 0 0 0 0 0 0 0 0 0 data 16 0x40007 0x52f 0x38 0x0 0x80003 0x0 0x18 0x0 0x0 0x0 0x0 0x0 0x0 0x9 0x1 0x0 oops 0 methods 0
ciMethodData com/sun/tools/javac/code/Kinds$KindSelector contains (Lcom/sun/tools/javac/code/Kinds$KindSelector;)Z 2 10021 orig 80 0 0 0 0 0 0 0 0 0 0 0 0 0 0 0 0 0 0 0 0 0 0 0 0 0 0 0 0 0 0 0 0 0 0 0 0 0 0 0 0 0 0 0 0 0 0 0 0 0 0 0 0 0 0 0 0 0 0 0 0 0 0 0 0 0 0 0 0 0 0 0 0 0 0 0 0 0 0 0 0 data 15 0x90007 0x1d30 0x38 0x9f3 0xd0003 0x9f3 0x18 0x0 0x0 0x0 0x0 0x9 0x2 0x0 0x0 oops 0 methods 0
ciMethodData com/sun/tools/javac/code/Kinds$Kind matches (Lcom/sun/tools/javac/code/Kinds$KindSelector;)Z 2 7219 orig 80 0 0 0 0 0 0 0 0 0 0 0 0 0 0 0 0 0 0 0 0 0 0 0 0 0 0 0 0 0 0 0 0 0 0 0 0 0 0 0 0 0 0 0 0 0 0 0 0 0 0 0 0 0 0 0 0 0 0 0 0 0 0 0 0 0 0 0 0 0 0 0 0 0 0 0 0 0 0 0 0 data 16 0x50005 0x0 0x20bd06811d8 0x1c33 0x0 0x0 0x0 0x0 0x0 0x0 0x0 0x0 0x9 0x2 0x0 0x0 oops 1 2 com/sun/tools/javac/code/Kinds$KindSelector methods 0
ciMethodData com/sun/tools/javac/util/Utf8NameTable$NameImpl append (CLcom/sun/tools/javac/util/Name;)Lcom/sun/tools/javac/util/Name; 2 6898 orig 80 0 0 0 0 0 0 0 0 0 0 0 0 0 0 0 0 0 0 0 0 0 0 0 0 0 0 0 0 0 0 0 0 0 0 0 0 0 0 0 0 0 0 0 0 0 0 0 0 0 0 0 0 0 0 0 0 0 0 0 0 0 0 0 0 0 0 0 0 0 0 0 0 0 0 0 0 0 0 0 0 data 84 0x40007 0x0 0x38 0x1af2 0x80003 0x1af2 0x18 0xc0002 0x1af2 0x100004 0x0 0x20bd048d088 0x1af2 0x0 0x0 0x1c0007 0x0 0x38 0x1af2 0x200003 0x1af2 0x18 0x240002 0x1af2 0x280005 0x0 0x20bd048d088 0x1af2 0x0 0x0 0x2e0005 0x0 0x20bd048d088 0x1af2 0x0 0x0 0x340005 0x0 0x20bd048d088 0x1af2 0x0 0x0 0x3a0005 0x0 0x20bd048d088 0x1af2 0x0 0x0 0x400005 0x0 0x20bd048d088 0x1af2 0x0 0x0 0x460005 0x0 0x20bd048d088 0x1af2 0x0 0x0 0x5f0002 0x1af2 0x750002 0x1af2 0x850005 0x0 0x20bd0a54eb0 0x1af2 0x0 0x0 0x930002 0x0 0x0 0x0 0x0 0x0 0x0 0x0 0x9 0x3 0x0 0x0 0x0 0x890001 oops 8 11 com/sun/tools/javac/util/UnsharedNameTable$NameImpl 26 com/sun/tools/javac/util/UnsharedNameTable$NameImpl 32 com/sun/tools/javac/util/UnsharedNameTable$NameImpl 38 com/sun/tools/javac/util/UnsharedNameTable$NameImpl 44 com/sun/tools/javac/util/UnsharedNameTable$NameImpl 50 com/sun/tools/javac/util/UnsharedNameTable$NameImpl 56 com/sun/tools/javac/util/UnsharedNameTable$NameImpl 66 com/sun/tools/javac/util/UnsharedNameTable methods 0
ciMethodData com/sun/tools/javac/util/UnsharedNameTable fromUtf ([BIILcom/sun/tools/javac/util/Convert$Validation;)Lcom/sun/tools/javac/util/Name; 2 12658 orig 80 0 0 0 0 0 0 0 0 0 0 0 0 0 0 0 0 0 0 0 0 0 0 0 0 0 0 0 0 0 0 0 0 0 0 0 0 0 0 0 0 0 0 0 0 0 0 0 0 0 0 0 0 0 0 0 0 0 0 0 0 0 0 0 0 0 0 0 0 0 0 0 0 0 0 0 0 0 0 0 0 data 25 0x50007 0x1af7 0x30 0x167b 0xd0002 0x167b 0x140005 0x3172 0x0 0x0 0x0 0x0 0x0 0x0 0x0 0x0 0x0 0x0 0x9 0x5 0xffffffffffffffff 0xffffffffffffffff 0x0 0x0 0xffffffffffffffff oops 0 methods 0
ciMethodData com/sun/tools/javac/util/Convert utfValidate ([BIILcom/sun/tools/javac/util/Convert$Validation;)V 2 6272 orig 80 0 0 0 0 0 0 0 0 0 0 0 0 0 0 0 0 0 0 0 0 0 0 0 0 0 0 0 0 0 0 0 0 0 0 0 0 0 0 0 0 0 0 0 0 0 0 0 0 0 0 0 0 0 0 0 0 0 0 0 0 0 0 0 0 0 0 0 0 0 0 0 0 0 0 0 0 0 0 0 0 data 14 0x60002 0x1880 0x0 0x0 0x0 0x0 0x0 0x0 0x9 0x4 0xffffffffffffffff 0x0 0x0 0xffffffffffffffff oops 0 methods 0
ciMethodData com/sun/tools/javac/code/Symbol <init> (Lcom/sun/tools/javac/code/Kinds$Kind;JLcom/sun/tools/javac/util/Name;Lcom/sun/tools/javac/code/Type;Lcom/sun/tools/javac/code/Symbol;)V 2 4435 orig 80 0 0 0 0 0 0 0 0 0 0 0 0 0 0 0 0 0 0 0 0 0 0 0 0 0 0 0 0 0 0 0 0 0 0 0 0 0 0 0 0 0 0 0 0 0 0 0 0 0 0 0 0 0 0 0 0 0 0 0 0 0 0 0 0 0 0 0 0 0 0 0 0 0 0 0 0 0 0 0 0 data 16 0x10002 0x1153 0x0 0x0 0x0 0x0 0x0 0x9 0x7 0x3e 0x0 0x0 0x0 0x0 0x0 0x0 oops 0 methods 0
ciMethodData com/sun/tools/javac/code/Type <init> (Lcom/sun/tools/javac/code/Symbol$TypeSymbol;Lcom/sun/tools/javac/util/List;)V 2 4827 orig 80 0 0 0 0 0 0 0 0 0 0 0 0 0 0 0 0 0 0 0 0 0 0 0 0 0 0 0 0 0 0 0 0 0 0 0 0 0 0 0 0 0 0 0 0 0 0 0 0 0 0 0 0 0 0 0 0 0 0 0 0 0 0 0 0 0 0 0 0 0 0 0 0 0 0 0 0 0 0 0 0 data 15 0x10002 0x12db 0x50002 0x12db 0x0 0x0 0x0 0x0 0x0 0x0 0x9 0x3 0x6 0x0 0x0 oops 0 methods 0
ciMethodData com/sun/tools/javac/code/Symbol$TypeSymbol <init> (Lcom/sun/tools/javac/code/Kinds$Kind;JLcom/sun/tools/javac/util/Name;Lcom/sun/tools/javac/code/Type;Lcom/sun/tools/javac/code/Symbol;)V 2 2471 orig 80 0 0 0 0 0 0 0 0 0 0 0 0 0 0 0 0 0 0 0 0 0 0 0 0 0 0 0 0 0 0 0 0 0 0 0 0 0 0 0 0 0 0 0 0 0 0 0 0 0 0 0 0 0 0 0 0 0 0 0 0 0 0 0 0 0 0 0 0 0 0 0 0 0 0 0 0 0 0 0 0 data 13 0x90002 0x9a7 0x0 0x0 0x9 0x7 0x3e 0x0 0x0 0x0 0x0 0x0 0x0 oops 0 methods 0
ciMethodData com/sun/tools/javac/code/Symbol$TypeSymbol formFullName (Lcom/sun/tools/javac/util/Name;Lcom/sun/tools/javac/code/Symbol;)Lcom/sun/tools/javac/util/Name; 2 2905 orig 80 0 0 0 0 0 0 0 0 0 0 0 0 0 0 0 0 0 0 0 0 0 0 0 0 0 0 0 0 0 0 0 0 0 0 0 0 0 0 0 0 0 0 0 0 0 0 0 0 0 0 0 0 0 0 0 0 0 0 0 0 0 0 0 0 0 0 0 0 0 0 0 0 0 0 0 0 0 0 0 0 data 62 0x10007 0xb59 0x20 0x0 0xd0007 0x0 0xe0 0xb59 0x170005 0x0 0x20bcb394d98 0xb59 0x0 0x0 0x1a0007 0x0 0x90 0xb59 0x240007 0xb2f 0x70 0x2a 0x2e0005 0x0 0x20bd1ed8248 0x2a 0x0 0x0 0x310007 0x2a 0x20 0x0 0x370005 0x32 0x20bd048f698 0xae9 0x20bd0bc08a8 0x3e 0x3c0007 0x0 0x40 0xb59 0x4a0007 0xb1b 0x20 0x3e 0x530005 0x0 0x20bd048d088 0xb1b 0x0 0x0 0x0 0x0 0x0 0x0 0x0 0x0 0x9 0x2 0x0 0x0 oops 5 10 com/sun/tools/javac/code/Kinds$Kind 24 com/sun/tools/javac/code/Type$ClassType 34 com/sun/tools/javac/code/Symbol$PackageSymbol 36 com/sun/tools/javac/code/Symbol$RootPackageSymbol 48 com/sun/tools/javac/util/UnsharedNameTable$NameImpl methods 0
ciMethodData com/sun/tools/javac/code/Type hasTag (Lcom/sun/tools/javac/code/TypeTag;)Z 2 7095 orig 80 0 0 0 0 0 0 0 0 0 0 0 0 0 0 0 0 0 0 0 0 0 0 0 0 0 0 0 0 0 0 0 0 0 0 0 0 0 0 0 0 0 0 0 0 0 0 0 0 0 0 0 0 0 0 0 0 0 0 0 0 0 0 0 0 0 0 0 0 0 0 0 0 0 0 0 0 0 0 0 0 data 23 0x20005 0x9f4 0x20bd0489cf8 0xc28 0x20bd1ed8248 0x59b 0x50007 0x11e2 0x38 0x9d5 0x90003 0x9d5 0x18 0x0 0x0 0x0 0x0 0x0 0x0 0x9 0x2 0x0 0x0 oops 2 2 com/sun/tools/javac/code/Type$1 4 com/sun/tools/javac/code/Type$ClassType methods 0
ciMethodData com/sun/tools/javac/code/Symtab getPackage (Lcom/sun/tools/javac/code/Symbol$ModuleSymbol;Lcom/sun/tools/javac/util/Name;)Lcom/sun/tools/javac/code/Symbol$PackageSymbol; 2 4029 orig 80 0 0 0 0 0 0 0 0 0 0 0 0 0 0 0 0 0 0 0 0 0 0 0 0 0 0 0 0 0 0 0 0 0 0 0 0 0 0 0 0 0 0 0 0 0 0 0 0 0 0 0 0 0 0 0 0 0 0 0 0 0 0 0 0 0 0 0 0 0 0 0 0 0 0 0 0 0 0 0 0 data 37 0x50002 0xfbd 0x80005 0x0 0x20bd2313590 0xfbd 0x0 0x0 0xd0004 0x0 0x20bd0bc0800 0x169 0x20bd2313590 0xe54 0x110005 0x0 0x20bd0bc0800 0x169 0x20bd2313590 0xe54 0x160104 0x0 0x20bd048f698 0xdc7 0x20bd0bc08a8 0x39 0x0 0x0 0x0 0x0 0x0 0x0 0x9 0x3 0x0 0xffffffffffffffff 0xffffffffffffffff oops 7 4 java/util/HashMap 10 java/util/Collections$EmptyMap 12 java/util/HashMap 16 java/util/Collections$EmptyMap 18 java/util/HashMap 22 com/sun/tools/javac/code/Symbol$PackageSymbol 24 com/sun/tools/javac/code/Symbol$RootPackageSymbol methods 0
ciMethodData com/sun/tools/javac/util/JCDiagnostic$Factory fragment (Lcom/sun/tools/javac/util/JCDiagnostic$Fragment;)Lcom/sun/tools/javac/util/JCDiagnostic; 1 0 orig 80 0 0 0 0 0 0 0 0 0 0 0 0 0 0 0 0 0 0 0 0 0 0 0 0 0 0 0 0 0 0 0 0 0 0 0 0 0 0 0 0 0 0 0 0 0 0 0 0 0 0 0 0 0 0 0 0 0 0 0 0 0 0 0 0 0 0 0 0 0 0 0 0 0 0 0 0 0 0 0 0 data 18 0x30002 0x0 0x90005 0x0 0x0 0x0 0x0 0x0 0x0 0x0 0x0 0x0 0x0 0x0 0x9 0x2 0x0 0x0 oops 0 methods 0
ciMethodData com/sun/tools/javac/jvm/ClassReader badClassFile (Lcom/sun/tools/javac/util/JCDiagnostic;)Lcom/sun/tools/javac/code/ClassFinder$BadClassFile; 1 0 orig 80 0 0 0 0 0 0 0 0 0 0 0 0 0 0 0 0 0 0 0 0 0 0 0 0 0 0 0 0 0 0 0 0 0 0 0 0 0 0 0 0 0 0 0 0 0 0 0 0 0 0 0 0 0 0 0 0 0 0 0 0 0 0 0 0 0 0 0 0 0 0 0 0 0 0 0 0 0 0 0 0 data 18 0x80005 0x0 0x0 0x0 0x0 0x0 0x180002 0x0 0x0 0x0 0x0 0x0 0x0 0x0 0x9 0x2 0x0 0xffffffffffffffff oops 0 methods 0
ciMethodData com/sun/tools/javac/jvm/ClassReader badClassFile (Lcom/sun/tools/javac/util/JCDiagnostic$Fragment;)Lcom/sun/tools/javac/code/ClassFinder$BadClassFile; 1 0 orig 80 0 0 0 0 0 0 0 0 0 0 0 0 0 0 0 0 0 0 0 0 0 0 0 0 0 0 0 0 0 0 0 0 0 0 0 0 0 0 0 0 0 0 0 0 0 0 0 0 0 0 0 0 0 0 0 0 0 0 0 0 0 0 0 0 0 0 0 0 0 0 0 0 0 0 0 0 0 0 0 0 data 22 0x60005 0x0 0x0 0x0 0x0 0x0 0x90005 0x0 0x0 0x0 0x0 0x0 0x0 0x0 0x0 0x0 0x0 0x0 0x9 0x2 0x0 0x0 oops 0 methods 0
ciMethodData com/sun/tools/javac/code/Symtab enterPackage (Lcom/sun/tools/javac/code/Symbol$ModuleSymbol;Lcom/sun/tools/javac/util/Name;)Lcom/sun/tools/javac/code/Symbol$PackageSymbol; 2 1477 orig 80 0 0 0 0 0 0 0 0 0 0 0 0 0 0 0 0 0 0 0 0 0 0 0 0 0 0 0 0 0 0 0 0 0 0 0 0 0 0 0 0 0 0 0 0 0 0 0 0 0 0 0 0 0 0 0 0 0 0 0 0 0 0 0 0 0 0 0 0 0 0 0 0 0 0 0 0 0 0 0 0 data 62 0x10002 0x5c5 0x80005 0x0 0x20bd048d928 0x5c5 0x0 0x0 0xd0007 0x467 0x158 0x15e 0x110005 0x0 0x20bd048d088 0x15e 0x0 0x0 0x140007 0x0 0x38 0x15e 0x180003 0x15e 0x18 0x1d000a 0x15e 0x3 0x0 0x2 0x20bd2c8aa00 0x220002 0x15e 0x2a0002 0x15e 0x300002 0x15e 0x330005 0x0 0x20bd048d928 0x15e 0x0 0x0 0x360002 0x15e 0x4a0005 0x15e 0x0 0x0 0x0 0x0 0x0 0x0 0x0 0x0 0x0 0x0 0x9 0x3 0x0 0x0 0x0 oops 4 4 com/sun/tools/javac/code/Symtab 14 com/sun/tools/javac/util/UnsharedNameTable$NameImpl 30  @bci com/sun/tools/javac/code/Symtab enterPackage (Lcom/sun/tools/javac/code/Symbol$ModuleSymbol;Lcom/sun/tools/javac/util/Name;)Lcom/sun/tools/javac/code/Symbol$PackageSymbol; 29 <appendix> member <vmtarget> ; 39 com/sun/tools/javac/code/Symtab methods 0
ciMethodData com/sun/tools/javac/util/Name isEmpty ()Z 2 4082 orig 80 0 0 0 0 0 0 0 0 0 0 0 0 0 0 0 0 0 0 0 0 0 0 0 0 0 0 0 0 0 0 0 0 0 0 0 0 0 0 0 0 0 0 0 0 0 0 0 0 0 0 0 0 0 0 0 0 0 0 0 0 0 0 0 0 0 0 0 0 0 0 0 0 0 0 0 0 0 0 0 0 data 22 0x10005 0x0 0x20bd048d088 0xff2 0x0 0x0 0x40007 0xff2 0x38 0x0 0x80003 0x0 0x18 0x0 0x0 0x0 0x0 0x0 0x0 0x9 0x1 0x0 oops 1 2 com/sun/tools/javac/util/UnsharedNameTable$NameImpl methods 0
ciMethodData com/sun/tools/javac/util/Utf8NameTable$NameImpl length ()I 2 4082 orig 80 0 0 0 0 0 0 0 0 0 0 0 0 0 0 0 0 0 0 0 0 0 0 0 0 0 0 0 0 0 0 0 0 0 0 0 0 0 0 0 0 0 0 0 0 0 0 0 0 0 0 0 0 0 0 0 0 0 0 0 0 0 0 0 0 0 0 0 0 0 0 0 0 0 0 0 0 0 0 0 0 data 29 0x10005 0x0 0x20bd048d088 0xff2 0x0 0x0 0x50005 0x0 0x20bd048d088 0xff2 0x0 0x0 0x90005 0x0 0x20bd048d088 0xff2 0x0 0x0 0xc0002 0xff2 0x0 0x0 0x0 0x0 0x0 0x0 0x9 0x1 0x0 oops 3 2 com/sun/tools/javac/util/UnsharedNameTable$NameImpl 8 com/sun/tools/javac/util/UnsharedNameTable$NameImpl 14 com/sun/tools/javac/util/UnsharedNameTable$NameImpl methods 0
ciMethodData com/sun/tools/javac/util/Convert shortName (Lcom/sun/tools/javac/util/Name;)Lcom/sun/tools/javac/util/Name; 2 1313 orig 80 0 0 0 0 0 0 0 0 0 0 0 0 0 0 0 0 0 0 0 0 0 0 0 0 0 0 0 0 0 0 0 0 0 0 0 0 0 0 0 0 0 0 0 0 0 0 0 0 0 0 0 0 0 0 0 0 0 0 0 0 0 0 0 0 0 0 0 0 0 0 0 0 0 0 0 0 0 0 0 0 data 28 0x30005 0x0 0x20bd048d088 0x521 0x0 0x0 0xa0007 0x1f0 0x68 0x331 0xf0005 0x0 0x20bd048d088 0x331 0x0 0x0 0x120003 0x331 0x18 0x0 0x0 0x0 0x0 0x0 0x0 0x9 0x1 0x0 oops 2 2 com/sun/tools/javac/util/UnsharedNameTable$NameImpl 12 com/sun/tools/javac/util/UnsharedNameTable$NameImpl methods 0
ciMethodData com/sun/tools/javac/util/Name subName (I)Lcom/sun/tools/javac/util/Name; 1 814 orig 80 0 0 0 0 0 0 0 0 0 0 0 0 0 0 0 0 0 0 0 0 0 0 0 0 0 0 0 0 0 0 0 0 0 0 0 0 0 0 0 0 0 0 0 0 0 0 0 0 0 0 0 0 0 0 0 0 0 0 0 0 0 0 0 0 0 0 0 0 0 0 0 0 0 0 0 0 0 0 0 0 data 28 0x50005 0x0 0x20bd048d088 0x32e 0x0 0x0 0x90005 0x1f 0x20bcaf8c3f8 0x30f 0x0 0x0 0xc0005 0x0 0x20bd0a54eb0 0x32e 0x0 0x0 0x0 0x0 0x0 0x0 0x0 0x0 0x9 0x2 0xffffffffffffffff 0x0 oops 3 2 com/sun/tools/javac/util/UnsharedNameTable$NameImpl 8 java/lang/String 14 com/sun/tools/javac/util/UnsharedNameTable methods 0
ciMethodData com/sun/tools/javac/util/Names fromUtf ([BIILcom/sun/tools/javac/util/Convert$Validation;)Lcom/sun/tools/javac/util/Name; 2 6051 orig 80 0 0 0 0 0 0 0 0 0 0 0 0 0 0 0 0 0 0 0 0 0 0 0 0 0 0 0 0 0 0 0 0 0 0 0 0 0 0 0 0 0 0 0 0 0 0 0 0 0 0 0 0 0 0 0 0 0 0 0 0 0 0 0 0 0 0 0 0 0 0 0 0 0 0 0 0 0 0 0 0 data 19 0x90005 0x0 0x20bd0a54eb0 0x17a3 0x0 0x0 0x0 0x0 0x0 0x0 0x0 0x0 0x9 0x5 0x0 0xffffffffffffffff 0x0 0x0 0xffffffffffffffff oops 1 2 com/sun/tools/javac/util/UnsharedNameTable methods 0
ciMethodData com/sun/tools/javac/util/Convert packagePart (Lcom/sun/tools/javac/util/Name;)Lcom/sun/tools/javac/util/Name; 2 3456 orig 80 0 0 0 0 0 0 0 0 0 0 0 0 0 0 0 0 0 0 0 0 0 0 0 0 0 0 0 0 0 0 0 0 0 0 0 0 0 0 0 0 0 0 0 0 0 0 0 0 0 0 0 0 0 0 0 0 0 0 0 0 0 0 0 0 0 0 0 0 0 0 0 0 0 0 0 0 0 0 0 0 data 23 0x30005 0x0 0x20bd048d088 0xd80 0x0 0x0 0x70002 0xd80 0xe0005 0x0 0x20bd048d088 0xd80 0x0 0x0 0x0 0x0 0x0 0x0 0x0 0x0 0x9 0x1 0x0 oops 2 2 com/sun/tools/javac/util/UnsharedNameTable$NameImpl 10 com/sun/tools/javac/util/UnsharedNameTable$NameImpl methods 0
ciMethodData com/sun/tools/javac/util/Name subName (II)Lcom/sun/tools/javac/util/Name; 2 3458 orig 80 0 0 0 0 0 0 0 0 0 0 0 0 0 0 0 0 0 0 0 0 0 0 0 0 0 0 0 0 0 0 0 0 0 0 0 0 0 0 0 0 0 0 0 0 0 0 0 0 0 0 0 0 0 0 0 0 0 0 0 0 0 0 0 0 0 0 0 0 0 0 0 0 0 0 0 0 0 0 0 0 data 29 0x50005 0x0 0x20bd048d088 0xd82 0x0 0x0 0xa0005 0x82 0x20bcaf8c3f8 0xd00 0x0 0x0 0xd0005 0x0 0x20bd0a54eb0 0xd82 0x0 0x0 0x0 0x0 0x0 0x0 0x0 0x0 0x9 0x3 0x0 0x0 0x0 oops 3 2 com/sun/tools/javac/util/UnsharedNameTable$NameImpl 8 java/lang/String 14 com/sun/tools/javac/util/UnsharedNameTable methods 0
ciMethodData com/sun/tools/javac/util/Names fromUtfLax ([BII)Lcom/sun/tools/javac/util/Name; 1 0 orig 80 0 0 0 0 0 0 0 0 0 0 0 0 0 0 0 0 0 0 0 0 0 0 0 0 0 0 0 0 0 0 0 0 0 0 0 0 0 0 0 0 0 0 0 0 0 0 0 0 0 0 0 0 0 0 0 0 0 0 0 0 0 0 0 0 0 0 0 0 0 0 0 0 0 0 0 0 0 0 0 0 data 21 0xa0005 0x0 0x0 0x0 0x0 0x0 0x160002 0x0 0x0 0x0 0x0 0x0 0x0 0x0 0x9 0x4 0xffffffffffffffff 0xffffffffffffffff 0x0 0x0 0xe0001 oops 0 methods 0
ciMethodData com/sun/tools/javac/code/Symtab enterClass (Lcom/sun/tools/javac/code/Symbol$ModuleSymbol;Lcom/sun/tools/javac/util/Name;)Lcom/sun/tools/javac/code/Symbol$ClassSymbol; 2 2679 orig 80 0 0 0 0 0 0 0 0 0 0 0 0 0 0 0 0 0 0 0 0 0 0 0 0 0 0 0 0 0 0 0 0 0 0 0 0 0 0 0 0 0 0 0 0 0 0 0 0 0 0 0 0 0 0 0 0 0 0 0 0 0 0 0 0 0 0 0 0 0 0 0 0 0 0 0 0 0 0 0 0 data 49 0x10002 0xa77 0x80002 0xa77 0xb0005 0x0 0x20bd048d928 0xa77 0x0 0x0 0x100002 0xa77 0x180002 0xa77 0x220005 0x0 0x20bd048d928 0xa77 0x0 0x0 0x290007 0x87f 0x90 0x1f8 0x2e0002 0x1f8 0x320005 0x0 0x20bd048d928 0x1f8 0x0 0x0 0x3e0005 0x1f8 0x0 0x0 0x0 0x0 0x0 0x0 0x0 0x0 0x0 0x0 0x9 0x3 0x0 0x0 0x0 oops 3 6 com/sun/tools/javac/code/Symtab 16 com/sun/tools/javac/code/Symtab 28 com/sun/tools/javac/code/Symtab methods 0
ciMethodData com/sun/tools/javac/code/Symbol complete ()V 2 7277 orig 80 0 0 0 0 0 0 0 0 0 0 0 0 0 0 0 0 0 0 0 0 0 0 0 0 0 0 0 0 0 0 0 0 0 0 0 0 0 0 0 0 0 0 0 0 0 0 0 0 0 0 0 0 0 0 0 0 0 0 0 0 0 0 0 0 0 0 0 0 0 0 0 0 0 0 0 0 0 0 0 0 data 19 0x70007 0x19ff 0x50 0x26e 0x180005 0x217 0x20bd211c240 0x53 0x20bd211c2e8 0x4 0x0 0x0 0x0 0x0 0x0 0x0 0x9 0x1 0x0 oops 2 6  @bci com/sun/tools/javac/comp/Modules completeModule (Lcom/sun/tools/javac/code/Symbol$ModuleSymbol;)V 10 <appendix> member <vmtarget> ; 8  @bci com/sun/tools/javac/code/Symtab enterModule (Lcom/sun/tools/javac/util/Name;)Lcom/sun/tools/javac/code/Symbol$ModuleSymbol; 37 <appendix> member <vmtarget> ; methods 0
ciMethodData com/sun/tools/javac/comp/Annotate$AnnotationTypeMetadata notAnAnnotationType ()Lcom/sun/tools/javac/comp/Annotate$AnnotationTypeMetadata; 2 2062 orig 80 0 0 0 0 0 0 0 0 0 0 0 0 0 0 0 0 0 0 0 0 0 0 0 0 0 0 0 0 0 0 0 0 0 0 0 0 0 0 0 0 0 0 0 0 0 0 0 0 0 0 0 0 0 0 0 0 0 0 0 0 0 0 0 0 0 0 0 0 0 0 0 0 0 0 0 0 0 0 0 0 data 4 0x0 0x0 0x9 0x0 oops 0 methods 0
ciMethodData com/sun/tools/javac/code/Symbol flatName ()Lcom/sun/tools/javac/util/Name; 2 3477 orig 80 0 0 0 0 0 0 0 0 0 0 0 0 0 0 0 0 0 0 0 0 0 0 0 0 0 0 0 0 0 0 0 0 0 0 0 0 0 0 0 0 0 0 0 0 0 0 0 0 0 0 0 0 0 0 0 0 0 0 0 0 0 0 0 0 0 0 0 0 0 0 0 0 0 0 0 0 0 0 0 0 data 15 0x10005 0x0 0x20bd048f698 0xd95 0x0 0x0 0x0 0x0 0x0 0x0 0x0 0x0 0x9 0x1 0x0 oops 1 2 com/sun/tools/javac/code/Symbol$PackageSymbol methods 0
ciMethodData com/sun/tools/javac/code/Symbol$TypeSymbol formFlatName (Lcom/sun/tools/javac/util/Name;Lcom/sun/tools/javac/code/Symbol;)Lcom/sun/tools/javac/util/Name; 2 3540 orig 80 0 0 0 0 0 0 0 0 0 0 0 0 0 0 0 0 0 0 0 0 0 0 0 0 0 0 0 0 0 0 0 0 0 0 0 0 0 0 0 0 0 0 0 0 0 0 0 0 0 0 0 0 0 0 0 0 0 0 0 0 0 0 0 0 0 0 0 0 0 0 0 0 0 0 0 0 0 0 0 0 data 65 0x10007 0x0 0xe0 0xdd4 0xb0005 0x6 0x20bcb394d98 0xdce 0x0 0x0 0xe0007 0x0 0x90 0xdd4 0x180007 0xd95 0x70 0x3f 0x220005 0x0 0x20bd1ed8248 0x3f 0x0 0x0 0x250007 0x3f 0x20 0x0 0x310007 0xd95 0x38 0x3f 0x360003 0x3f 0x18 0x3d0005 0x0 0x20bd048f698 0xd95 0x20bd1ed81a0 0x3f 0x420007 0x0 0x40 0xdd4 0x500007 0xdd4 0x20 0x0 0x580005 0x0 0x20bd048d088 0xdd4 0x0 0x0 0x0 0x0 0x0 0x0 0x0 0x0 0x9 0x2 0x0 0x0 oops 5 6 com/sun/tools/javac/code/Kinds$Kind 20 com/sun/tools/javac/code/Type$ClassType 37 com/sun/tools/javac/code/Symbol$PackageSymbol 39 com/sun/tools/javac/code/Symbol$ClassSymbol 51 com/sun/tools/javac/util/UnsharedNameTable$NameImpl methods 0
ciMethodData com/sun/tools/javac/util/Assert checkNonNull (Ljava/lang/Object;Ljava/util/function/Supplier;)Ljava/lang/Object; 2 5482 orig 80 0 0 0 0 0 0 0 0 0 0 0 0 0 0 0 0 0 0 0 0 0 0 0 0 0 0 0 0 0 0 0 0 0 0 0 0 0 0 0 0 0 0 0 0 0 0 0 0 0 0 0 0 0 0 0 0 0 0 0 0 0 0 0 0 0 0 0 0 0 0 0 0 0 0 0 0 0 0 0 0 data 28 0x10007 0x156a 0x90 0x0 0x50005 0x0 0x0 0x0 0x0 0x0 0xa0004 0x0 0x0 0x0 0x0 0x0 0xd0002 0x0 0x0 0x0 0x0 0x0 0x0 0x0 0x9 0x2 0x0 0xffffffffffffffff oops 0 methods 0
ciMethodData com/sun/tools/javac/code/Symbol$ClassSymbol <init> (JLcom/sun/tools/javac/util/Name;Lcom/sun/tools/javac/code/Type;Lcom/sun/tools/javac/code/Symbol;)V 2 1883 orig 80 0 0 0 0 0 0 0 0 0 0 0 0 0 0 0 0 0 0 0 0 0 0 0 0 0 0 0 0 0 0 0 0 0 0 0 0 0 0 0 0 0 0 0 0 0 0 0 0 0 0 0 0 0 0 0 0 0 0 0 0 0 0 0 0 0 0 0 0 0 0 0 0 0 0 0 0 0 0 0 0 data 26 0xa0002 0x75b 0xe0002 0x75b 0x220002 0x75b 0x2c0002 0x75b 0x3d0002 0x75b 0x480002 0x75b 0x0 0x0 0x0 0x0 0x0 0x0 0x9 0x6 0xffe 0x0 0x0 0x0 0x0 0x0 oops 0 methods 0
ciMethodData com/sun/tools/javac/code/Symbol$ClassSymbol <init> (JLcom/sun/tools/javac/util/Name;Lcom/sun/tools/javac/code/Symbol;)V 2 1857 orig 80 0 0 0 0 0 0 0 0 0 0 0 0 0 0 0 0 0 0 0 0 0 0 0 0 0 0 0 0 0 0 0 0 0 0 0 0 0 0 0 0 0 0 0 0 0 0 0 0 0 0 0 0 0 0 0 0 0 0 0 0 0 0 0 0 0 0 0 0 0 0 0 0 0 0 0 0 0 0 0 0 data 15 0xc0002 0x741 0x110002 0x741 0x0 0x0 0x0 0x0 0x9 0x5 0xffe 0x0 0x0 0x0 0x0 oops 0 methods 0
ciMethodData com/sun/tools/javac/code/Type$ClassType <init> (Lcom/sun/tools/javac/code/Type;Lcom/sun/tools/javac/util/List;Lcom/sun/tools/javac/code/Symbol$TypeSymbol;)V 2 2624 orig 80 0 0 0 0 0 0 0 0 0 0 0 0 0 0 0 0 0 0 0 0 0 0 0 0 0 0 0 0 0 0 0 0 0 0 0 0 0 0 0 0 0 0 0 0 0 0 0 0 0 0 0 0 0 0 0 0 0 0 0 0 0 0 0 0 0 0 0 0 0 0 0 0 0 0 0 0 0 0 0 0 data 16 0x40002 0xa40 0x70002 0xa40 0x0 0x0 0x0 0x0 0x0 0x0 0x9 0x4 0x7e 0x0 0x0 0x0 oops 0 methods 0
ciMethod  @bci com/sun/tools/javac/code/Symtab lookupPackage (Lcom/sun/tools/javac/code/Symbol$ModuleSymbol;Lcom/sun/tools/javac/util/Name;Z)Lcom/sun/tools/javac/code/Symbol$PackageSymbol; 112 <appendix> member <vmtarget> ; <init> (Lcom/sun/tools/javac/code/Symtab;)V 160 0 593 0 0
ciMethodData com/sun/tools/javac/code/Symtab getClass (Lcom/sun/tools/javac/code/Symbol$ModuleSymbol;Lcom/sun/tools/javac/util/Name;)Lcom/sun/tools/javac/code/Symbol$ClassSymbol; 2 4699 orig 80 0 0 0 0 0 0 0 0 0 0 0 0 0 0 0 0 0 0 0 0 0 0 0 0 0 0 0 0 0 0 0 0 0 0 0 0 0 0 0 0 0 0 0 0 0 0 0 0 0 0 0 0 0 0 0 0 0 0 0 0 0 0 0 0 0 0 0 0 0 0 0 0 0 0 0 0 0 0 0 0 data 47 0x30002 0x125b 0x7000a 0x125b 0x3 0x0 0x20bd048d088 0x20bd1c1b0f8 0xc0002 0x125b 0x150002 0x125b 0x180005 0x0 0x20bd2313590 0x125b 0x0 0x0 0x1d0004 0x0 0x20bd2313590 0xcc6 0x20bd0bc0800 0x595 0x210005 0x0 0x20bd2313590 0xcc6 0x20bd0bc0800 0x595 0x260104 0x0 0x20bd1ed81a0 0x9ee 0x0 0x0 0x0 0x0 0x0 0x0 0x0 0x0 0x9 0x3 0x0 0x0 0x0 oops 8 6 com/sun/tools/javac/util/UnsharedNameTable$NameImpl 7  @bci com/sun/tools/javac/code/Symtab getClass (Lcom/sun/tools/javac/code/Symbol$ModuleSymbol;Lcom/sun/tools/javac/util/Name;)Lcom/sun/tools/javac/code/Symbol$ClassSymbol; 7 <appendix> member <vmtarget> ; 14 java/util/HashMap 20 java/util/HashMap 22 java/util/Collections$EmptyMap 26 java/util/HashMap 28 java/util/Collections$EmptyMap 32 com/sun/tools/javac/code/Symbol$ClassSymbol methods 0
ciMethodData  @bci com/sun/tools/javac/code/Symtab getClass (Lcom/sun/tools/javac/code/Symbol$ModuleSymbol;Lcom/sun/tools/javac/util/Name;)Lcom/sun/tools/javac/code/Symbol$ClassSymbol; 7 <appendix> member <vmtarget> ; <init> (Lcom/sun/tools/javac/util/Name;)V 2 4703 orig 80 0 0 0 0 0 0 0 0 0 0 0 0 0 0 0 0 0 0 0 0 0 0 0 0 0 0 0 0 0 0 0 0 0 0 0 0 0 0 0 0 0 0 0 0 0 0 0 0 0 0 0 0 0 0 0 0 0 0 0 0 0 0 0 0 0 0 0 0 0 0 0 0 0 0 0 0 0 0 0 0 data 10 0x10002 0x125f 0x0 0x0 0x0 0x0 0x9 0x2 0x6 0x0 oops 0 methods 0
ciMethodData com/sun/tools/javac/code/Type$ClassType <init> (Lcom/sun/tools/javac/code/Type;Lcom/sun/tools/javac/util/List;Lcom/sun/tools/javac/code/Symbol$TypeSymbol;Lcom/sun/tools/javac/util/List;)V 2 2749 orig 80 0 0 0 0 0 0 0 0 0 0 0 0 0 0 0 0 0 0 0 0 0 0 0 0 0 0 0 0 0 0 0 0 0 0 0 0 0 0 0 0 0 0 0 0 0 0 0 0 0 0 0 0 0 0 0 0 0 0 0 0 0 0 0 0 0 0 0 0 0 0 0 0 0 0 0 0 0 0 0 0 data 13 0x40002 0xabd 0x0 0x0 0x0 0x0 0x9 0x5 0x7e 0x0 0x0 0x0 0x0 oops 0 methods 0
ciMethodData com/sun/tools/javac/jvm/ClassReader classSigToType ()Lcom/sun/tools/javac/code/Type; 2 2016 orig 80 0 0 0 0 0 0 0 0 0 0 0 0 0 0 0 0 0 0 0 0 0 0 0 0 0 0 0 0 0 0 0 0 0 0 0 0 0 0 0 0 0 0 0 0 0 0 0 0 0 0 0 0 0 0 0 0 0 0 0 0 0 0 0 0 0 0 0 0 0 0 0 0 0 0 0 0 0 0 0 0 data 196 0xb0007 0x7e0 0xb0 0x0 0x190005 0x0 0x0 0x0 0x0 0x0 0x1c0004 0x0 0x0 0x0 0x0 0x0 0x1d0005 0x0 0x0 0x0 0x0 0x0 0x460008 0xa 0xe83e 0x418 0x0 0x348 0x186c 0x400 0x6ac 0x60 0x13a 0x148 0x7d0005 0x6ac 0x0 0x0 0x0 0x0 0x800005 0x0 0x20bd1ed7808 0x6ac 0x0 0x0 0x890007 0x6 0x68 0x6a6 0x920005 0x0 0x20bd1ed81a0 0x6a6 0x0 0x0 0x950003 0x6a6 0x38 0x9d0002 0x6 0xa20002 0x6 0xc60005 0x13a 0x0 0x0 0x0 0x0 0xc90005 0x0 0x20bd1ed7808 0x13a 0x0 0x0 0xd10005 0x0 0x20bd1ed7808 0x13a 0x0 0x0 0xe10004 0x0 0x20bd1ed8248 0x13a 0x0 0x0 0xeb0007 0x11f 0x70 0x1b 0xf00005 0x0 0x20bd1ed82f0 0x1b 0x0 0x0 0xf30007 0x1b 0x20 0x0 0x10c0002 0x13a 0x1200008 0x6 0x0 0xb0 0x6 0x98 0x134 0x40 0x1440007 0x6f 0x58 0xc5 0x1520007 0xc5 0x38 0x0 0x1780003 0x0 0xfffffffffffffcf8 0x1940003 0x6 0xfffffffffffffce0 0x1a60002 0x0 0x1ae0007 0x0 0xa0 0x0 0x1be0005 0x0 0x0 0x0 0x0 0x0 0x1c10005 0x0 0x0 0x0 0x0 0x0 0x1cb0002 0x0 0x1d00002 0x0 0x1e60003 0x0 0xfffffffffffffc18 0x1fb0003 0x186c 0xfffffffffffffc00 0x20f0003 0xe83e 0xfffffffffffffbe8 0x0 0x0 0x0 0x0 0x0 0x0 0x0 0x0 0x0 0x0 0x0 0x0 0x0 0x0 0x0 0x0 0x0 0x0 0x0 0x0 0x0 0x0 0x0 0x0 0x0 0x0 0x0 0x0 0x0 0x0 0x0 0x0 0x0 0x0 0x0 0x9 0x1 0x0 0xaf0001 0xaf0001 oops 6 42 com/sun/tools/javac/jvm/ClassReader 52 com/sun/tools/javac/code/Symbol$ClassSymbol 71 com/sun/tools/javac/jvm/ClassReader 77 com/sun/tools/javac/jvm/ClassReader 83 com/sun/tools/javac/code/Type$ClassType 93 com/sun/tools/javac/util/List methods 0
ciMethodData com/sun/tools/javac/jvm/ClassReader readName ([BII)Lcom/sun/tools/javac/util/Name; 2 2755 orig 80 0 0 0 0 0 0 0 0 0 0 0 0 0 0 0 0 0 0 0 0 0 0 0 0 0 0 0 0 0 0 0 0 0 0 0 0 0 0 0 0 0 0 0 0 0 0 0 0 0 0 0 0 0 0 0 0 0 0 0 0 0 0 0 0 0 0 0 0 0 0 0 0 0 0 0 0 0 0 0 0 data 47 0xb0005 0x0 0x20bd048ab88 0xac3 0x0 0x0 0x150007 0x0 0xa0 0x0 0x240002 0x0 0x270002 0x0 0x2a0005 0x0 0x0 0x0 0x0 0x0 0x340005 0x0 0x0 0x0 0x0 0x0 0x3d0002 0x0 0x400005 0x0 0x0 0x0 0x0 0x0 0x0 0x0 0x0 0x0 0x0 0x0 0x9 0x4 0x0 0x0 0x0 0x0 0xf0001 oops 1 2 com/sun/tools/javac/util/Names methods 0
ciMethodData com/sun/tools/javac/jvm/ClassReader enterClass (Lcom/sun/tools/javac/util/Name;)Lcom/sun/tools/javac/code/Symbol$ClassSymbol; 2 2020 orig 80 0 0 0 0 0 0 0 0 0 0 0 0 0 0 0 0 0 0 0 0 0 0 0 0 0 0 0 0 0 0 0 0 0 0 0 0 0 0 0 0 0 0 0 0 0 0 0 0 0 0 0 0 0 0 0 0 0 0 0 0 0 0 0 0 0 0 0 0 0 0 0 0 0 0 0 0 0 0 0 0 data 16 0x90005 0x0 0x20bd048d928 0x7e4 0x0 0x0 0x0 0x0 0x0 0x0 0x0 0x0 0x9 0x2 0x0 0x0 oops 1 2 com/sun/tools/javac/code/Symtab methods 0
ciMethodData com/sun/tools/javac/code/Symbol$ClassSymbol erasure (Lcom/sun/tools/javac/code/Types;)Lcom/sun/tools/javac/code/Type; 2 2606 orig 80 0 0 0 0 0 0 0 0 0 0 0 0 0 0 0 0 0 0 0 0 0 0 0 0 0 0 0 0 0 0 0 0 0 0 0 0 0 0 0 0 0 0 0 0 0 0 0 0 0 0 0 0 0 0 0 0 0 0 0 0 0 0 0 0 0 0 0 0 0 0 0 0 0 0 0 0 0 0 0 0 data 36 0x40007 0x93d 0xd0 0xf1 0x110005 0x0 0x20bd1ed8248 0xf1 0x0 0x0 0x140005 0x0 0x20bd1edde68 0xf1 0x0 0x0 0x170002 0xf1 0x1f0005 0x0 0x20bd1ed8248 0xf1 0x0 0x0 0x220002 0xf1 0x0 0x0 0x0 0x0 0x0 0x0 0x9 0x2 0x0 0x0 oops 3 6 com/sun/tools/javac/code/Type$ClassType 12 com/sun/tools/javac/code/Types 20 com/sun/tools/javac/code/Type$ClassType methods 0
ciMethodData com/sun/tools/javac/jvm/ClassReader sigToTypes (C)Lcom/sun/tools/javac/util/List; 2 1462 orig 80 0 0 0 0 0 0 0 0 0 0 0 0 0 0 0 0 0 0 0 0 0 0 0 0 0 0 0 0 0 0 0 0 0 0 0 0 0 0 0 0 0 0 0 0 0 0 0 0 0 0 0 0 0 0 0 0 0 0 0 0 0 0 0 0 0 0 0 0 0 0 0 0 0 0 0 0 0 0 0 0 data 33 0x10002 0x5b6 0x110007 0x5b6 0xa8 0x6a0 0x160005 0x0 0x20bd1ed7808 0x6a0 0x0 0x0 0x190002 0x6a0 0x1c0005 0x0 0x20bd1ed82f0 0x6a0 0x0 0x0 0x200003 0x6a0 0xffffffffffffff70 0x0 0x0 0x0 0x0 0x0 0x0 0x9 0x2 0xffffffffffffffff 0x0 oops 2 8 com/sun/tools/javac/jvm/ClassReader 16 com/sun/tools/javac/util/List methods 0
ciMethodData com/sun/tools/javac/jvm/ClassReader$1 <init> (Lcom/sun/tools/javac/jvm/ClassReader;Lcom/sun/tools/javac/code/Type;Lcom/sun/tools/javac/util/List;Lcom/sun/tools/javac/code/Symbol$TypeSymbol;Lcom/sun/tools/javac/code/Symbol$ClassSymbol;Lcom/sun/tools/javac/util/List;)V 1 371 orig 80 0 0 0 0 0 0 0 0 0 0 0 0 0 0 0 0 0 0 0 0 0 0 0 0 0 0 0 0 0 0 0 0 0 0 0 0 0 0 0 0 0 0 0 0 0 0 0 0 0 0 0 0 0 0 0 0 0 0 0 0 0 0 0 0 0 0 0 0 0 0 0 0 0 0 0 0 0 0 0 0 data 19 0xf0002 0x173 0x1b0002 0x173 0x0 0x0 0x0 0x0 0x0 0x0 0x9 0x7 0x1fe 0x0 0x0 0x0 0x0 0x0 0x0 oops 0 methods 0
ciMethodData com/sun/tools/javac/code/Symtab lookupPackage (Lcom/sun/tools/javac/code/Symbol$ModuleSymbol;Lcom/sun/tools/javac/util/Name;)Lcom/sun/tools/javac/code/Symbol$PackageSymbol; 2 3514 orig 80 0 0 0 0 0 0 0 0 0 0 0 0 0 0 0 0 0 0 0 0 0 0 0 0 0 0 0 0 0 0 0 0 0 0 0 0 0 0 0 0 0 0 0 0 0 0 0 0 0 0 0 0 0 0 0 0 0 0 0 0 0 0 0 0 0 0 0 0 0 0 0 0 0 0 0 0 0 0 0 0 data 17 0x40005 0xdba 0x0 0x0 0x0 0x0 0x0 0x0 0x0 0x0 0x0 0x0 0x9 0x3 0xffffffffffffffff 0xffffffffffffffff 0xffffffffffffffff oops 0 methods 0
ciMethodData com/sun/tools/javac/code/Symtab lookupPackage (Lcom/sun/tools/javac/code/Symbol$ModuleSymbol;Lcom/sun/tools/javac/util/Name;Z)Lcom/sun/tools/javac/code/Symbol$PackageSymbol; 2 3527 orig 80 0 0 0 0 0 0 0 0 0 0 0 0 0 0 0 0 0 0 0 0 0 0 0 0 0 0 0 0 0 0 0 0 0 0 0 0 0 0 0 0 0 0 0 0 0 0 0 0 0 0 0 0 0 0 0 0 0 0 0 0 0 0 0 0 0 0 0 0 0 0 0 0 0 0 0 0 0 0 0 0 data 208 0x10002 0xdc7 0x60005 0x0 0x20bd048d088 0xdc7 0x0 0x0 0x90007 0xdc7 0x20 0x0 0x160007 0xdc7 0x50 0x0 0x1c0005 0x0 0x0 0x0 0x0 0x0 0x210005 0x0 0x20bd0ca9e58 0xbbb 0x20bd048dc40 0x20c 0x290005 0x0 0x20bd0ca9f00 0xdc7 0x0 0x0 0x2e0104 0x0 0x20bd048f698 0x339 0x0 0x0 0x350007 0xa8e 0x20 0x339 0x3e0005 0x0 0x20bd048d928 0xa8e 0x0 0x0 0x450007 0x38 0x70 0xa56 0x4a0005 0x0 0x20bd048f698 0xa56 0x0 0x0 0x4d0007 0x86e 0x40 0x1e8 0x510007 0x219 0x20 0x7 0x5b0007 0x0 0x138 0x219 0x620005 0x0 0x20bd1ed82f0 0x1b8 0x20bd0ca9fa8 0x61 0x65000a 0x219 0x1 0x20bd0caa050 0x6a0005 0x0 0x20bd0caa0f8 0x219 0x0 0x0 0x70000a 0x219 0x3 0x0 0x20bd048d928 0x20bd0caa1a0 0x750005 0x0 0x20bd0caa248 0x219 0x0 0x0 0x7a0007 0x219 0x38 0x0 0x7e0003 0x0 0x18 0x860007 0x219 0x280 0x0 0x8f0005 0x0 0x0 0x0 0x0 0x0 0x960007 0x0 0xa0 0x0 0x9b0005 0x0 0x0 0x0 0x0 0x0 0x9e0007 0x0 0x50 0x0 0xac0005 0x0 0x0 0x0 0x0 0x0 0xb80005 0x0 0x0 0x0 0x0 0x0 0xbf0005 0x0 0x0 0x0 0x0 0x0 0xc40005 0x0 0x0 0x0 0x0 0x0 0xc70007 0x0 0x20 0x0 0xd30005 0x0 0x0 0x0 0x0 0x0 0xda0005 0x0 0x0 0x0 0x0 0x0 0xdf0005 0x0 0x0 0x0 0x0 0x0 0xe20007 0x0 0x50 0x0 0xf00005 0x0 0x0 0x0 0x0 0x0 0xff0005 0x0 0x20bd048d928 0x219 0x0 0x0 0x0 0x0 0x0 0x0 0x0 0x0 0x0 0x0 0x0 0x9 0x4 0x0 0x0 0x0 0x0 oops 15 4 com/sun/tools/javac/util/UnsharedNameTable$NameImpl 24 com/sun/tools/javac/code/Symtab$4 26 com/sun/tools/javac/code/Symbol$ModuleSymbol 30 java/util/LinkedHashMap 36 com/sun/tools/javac/code/Symbol$PackageSymbol 46 com/sun/tools/javac/code/Symtab 56 com/sun/tools/javac/code/Symbol$PackageSymbol 74 com/sun/tools/javac/util/List 76 com/sun/tools/javac/util/List$1 81  @bci com/sun/tools/javac/code/Symtab lookupPackage (Lcom/sun/tools/javac/code/Symbol$ModuleSymbol;Lcom/sun/tools/javac/util/Name;Z)Lcom/sun/tools/javac/code/Symbol$PackageSymbol; 101 <appendix> argL0 ; 84 java/util/stream/ReferencePipeline$Head 92 com/sun/tools/javac/code/Symtab 93  @bci com/sun/tools/javac/code/Symtab lookupPackage (Lcom/sun/tools/javac/code/Symbol$ModuleSymbol;Lcom/sun/tools/javac/util/Name;Z)Lcom/sun/tools/javac/code/Symbol$PackageSymbol; 112 <appendix> member <vmtarget> ; 96 java/util/stream/ReferencePipeline$3 189 com/sun/tools/javac/code/Symtab methods 0
ciMethodData com/sun/tools/javac/code/Symtab defineClass (Lcom/sun/tools/javac/util/Name;Lcom/sun/tools/javac/code/Symbol;)Lcom/sun/tools/javac/code/Symbol$ClassSymbol; 2 1731 orig 80 0 0 0 0 0 0 0 0 0 0 0 0 0 0 0 0 0 0 0 0 0 0 0 0 0 0 0 0 0 0 0 0 0 0 0 0 0 0 0 0 0 0 0 0 0 0 0 0 0 0 0 0 0 0 0 0 0 0 0 0 0 0 0 0 0 0 0 0 0 0 0 0 0 0 0 0 0 0 0 0 data 11 0x70002 0x6c3 0x0 0x0 0x0 0x0 0x9 0x3 0x0 0x0 0x0 oops 0 methods 0
ciMethodData com/sun/tools/javac/code/Symtab doEnterClass (Lcom/sun/tools/javac/code/Symbol$ModuleSymbol;Lcom/sun/tools/javac/code/Symbol$ClassSymbol;)V 2 1778 orig 80 0 0 0 0 0 0 0 0 0 0 0 0 0 0 0 0 0 0 0 0 0 0 0 0 0 0 0 0 0 0 0 0 0 0 0 0 0 0 0 0 0 0 0 0 0 0 0 0 0 0 0 0 0 0 0 0 0 0 0 0 0 0 0 0 0 0 0 0 0 0 0 0 0 0 0 0 0 0 0 0 data 33 0x8000a 0x6f2 0x1 0x20bd1d19600 0xd0005 0x0 0x20bd2313590 0x6f2 0x0 0x0 0x120004 0x0 0x20bd2313590 0x6f2 0x0 0x0 0x170005 0x0 0x20bd2313590 0x6f2 0x0 0x0 0x0 0x0 0x0 0x0 0x0 0x0 0x9 0x3 0x0 0xffffffffffffffff 0xffffffffffffffff oops 4 3  @bci com/sun/tools/javac/code/Symtab doEnterClass (Lcom/sun/tools/javac/code/Symbol$ModuleSymbol;Lcom/sun/tools/javac/code/Symbol$ClassSymbol;)V 8 <appendix> argL0 ; 6 java/util/HashMap 12 java/util/HashMap 18 java/util/HashMap methods 0
ciMethodData com/sun/tools/javac/jvm/ClassReader sigToType ()Lcom/sun/tools/javac/code/Type; 2 5810 orig 80 0 0 0 0 0 0 0 0 0 0 0 0 0 0 0 0 0 0 0 0 0 0 0 0 0 0 0 0 0 0 0 0 0 0 0 0 0 0 0 0 0 0 0 0 0 0 0 0 0 0 0 0 0 0 0 0 0 0 0 0 0 0 0 0 0 0 0 0 0 0 0 0 0 0 0 0 0 0 0 0 data 367 0xa0008 0x6a 0x0 0x8f0 0x504 0x5a0 0x0 0x8f0 0x3a 0x470 0x2c 0x430 0x0 0x8f0 0x1d 0x480 0x0 0x8f0 0x0 0x8f0 0x0 0x8f0 0x0 0x8f0 0x0 0x8f0 0x0 0x8f0 0x0 0x8f0 0x0 0x8f0 0x0 0x8f0 0x0 0x8f0 0x0 0x8f0 0x0 0x8f0 0x0 0x8f0 0x0 0x8f0 0x5b 0x820 0x0 0x8f0 0x0 0x8f0 0x0 0x8f0 0x0 0x8f0 0x0 0x8f0 0xe 0x4c0 0xc 0x4c0 0x3 0x4c0 0x0 0x8f0 0x4 0x4c0 0x0 0x8f0 0x0 0x8f0 0x123 0x4c0 0x5d 0x4c0 0x0 0x8f0 0xb14 0x4c0 0x0 0x8f0 0x0 0x8f0 0x0 0x8f0 0x0 0x8f0 0x0 0x8f0 0x0 0x8f0 0x2 0x560 0x227 0x360 0x0 0x8f0 0xfa 0x560 0x0 0x8f0 0x0 0x8f0 0x0 0x8f0 0x86 0x560 0x72 0x560 0x1020007 0x227 0x38 0x237 0x10f0003 0x237 0xffffffffffffffe0 0x1200007 0x217 0x38 0x10 0x1260003 0x10 0x78 0x1380005 0x217 0x0 0x0 0x0 0x0 0x13b0005 0x0 0x20bd1ed7808 0x217 0x0 0x0 0x14a0005 0x0 0x20bd1ed7808 0x2c 0x0 0x0 0x15d0002 0x2c 0x1800002 0x3a 0x18f0005 0x0 0x20bd1ed7808 0x1d 0x0 0x0 0x1a20002 0x1d 0x2130005 0x0 0x20bd1ed7808 0xb14 0x0 0x0 0x21f0007 0x4b2 0x70 0x662 0x22d0007 0x662 0x50 0x0 0x2380005 0x0 0x0 0x0 0x0 0x0 0x2830005 0x0 0x20bd1ed7808 0x72 0x0 0x0 0x28d0002 0x72 0x29e0005 0x0 0x20bd1ed7808 0x504 0x0 0x0 0x2a30005 0x0 0x20bd1ed7808 0x504 0x0 0x0 0x2a70002 0x504 0x2b40007 0x504 0xb8 0x1 0x2c20007 0x0 0x98 0x1 0x2d20005 0x0 0x20bd1ed7808 0x1 0x0 0x0 0x2d50005 0x0 0x20bd0ca9fa8 0x1 0x0 0x0 0x2da0003 0x1 0xffffffffffffff60 0x2e30005 0x0 0x20bd0ca9fa8 0x504 0x20bd1ed82f0 0x1 0x2e60007 0x504 0xe8 0x1 0x2ee0004 0x0 0x20bd06d19b0 0x1 0x0 0x0 0x2f40005 0x0 0x20bd06d19b0 0x1 0x0 0x0 0x2f70007 0x0 0x50 0x1 0x2ff0004 0x0 0x20bd06d19b0 0x1 0x0 0x0 0x3170003 0x1 0xffffffffffffff00 0x3220005 0x0 0x20bd0ca9fa8 0x503 0x20bd1ed82f0 0x1 0x32c0002 0x504 0x3390005 0x0 0x20bd067f2b0 0x5b 0x0 0x0 0x3440005 0x0 0x20bd1ed7808 0x5b 0x0 0x0 0x3480005 0x0 0x20bd1ed7808 0x5b 0x0 0x0 0x34b0002 0x5b 0x3550005 0x0 0x20bd067f2b0 0x5b 0x0 0x0 0x3690005 0x0 0x0 0x0 0x0 0x0 0x36c0004 0x0 0x0 0x0 0x0 0x0 0x36d0005 0x0 0x0 0x0 0x0 0x0 0x0 0x0 0x0 0x0 0x0 0x0 0x0 0x0 0x0 0x0 0x0 0x0 0x0 0x0 0x0 0x0 0x0 0x0 0x0 0x0 0x0 0x0 0x0 0x0 0x0 0x0 0x0 0x0 0x0 0x0 0x0 0x0 0x0 0x0 0x0 0x0 0x0 0x0 0x0 0x0 0x0 0x0 0x0 0x0 0x0 0x0 0x0 0x0 0x0 0x0 0x0 0x0 0x0 0x0 0x0 0x0 0x0 0x0 0x0 0x0 0x9 0x1 0x0 oops 20 130 com/sun/tools/javac/jvm/ClassReader 136 com/sun/tools/javac/jvm/ClassReader 146 com/sun/tools/javac/jvm/ClassReader 154 com/sun/tools/javac/jvm/ClassReader 174 com/sun/tools/javac/jvm/ClassReader 182 com/sun/tools/javac/jvm/ClassReader 188 com/sun/tools/javac/jvm/ClassReader 204 com/sun/tools/javac/jvm/ClassReader 210 com/sun/tools/javac/util/List$1 219 com/sun/tools/javac/util/List$1 221 com/sun/tools/javac/util/List 229 com/sun/tools/javac/code/Type$TypeVar 235 com/sun/tools/javac/code/Type$TypeVar 245 com/sun/tools/javac/code/Type$TypeVar 254 com/sun/tools/javac/util/List$1 256 com/sun/tools/javac/util/List 262 com/sun/tools/javac/code/Scope$ScopeImpl 268 com/sun/tools/javac/jvm/ClassReader 274 com/sun/tools/javac/jvm/ClassReader 282 com/sun/tools/javac/code/Scope$ScopeImpl methods 0
ciMethodData com/sun/tools/javac/code/Type$ClassType getTag ()Lcom/sun/tools/javac/code/TypeTag; 2 2849 orig 80 0 0 0 0 0 0 0 0 0 0 0 0 0 0 0 0 0 0 0 0 0 0 0 0 0 0 0 0 0 0 0 0 0 0 0 0 0 0 0 0 0 0 0 0 0 0 0 0 0 0 0 0 0 0 0 0 0 0 0 0 0 0 0 0 0 0 0 0 0 0 0 0 0 0 0 0 0 0 0 0 data 5 0x0 0x0 0x9 0x1 0x0 oops 0 methods 0
ciMethodData com/sun/tools/javac/code/Symbol$PackageSymbol exists ()Z 2 2877 orig 80 0 0 0 0 0 0 0 0 0 0 0 0 0 0 0 0 0 0 0 0 0 0 0 0 0 0 0 0 0 0 0 0 0 0 0 0 0 0 0 0 0 0 0 0 0 0 0 0 0 0 0 0 0 0 0 0 0 0 0 0 0 0 0 0 0 0 0 0 0 0 0 0 0 0 0 0 0 0 0 0 data 14 0xa0007 0x1e0 0x38 0x95d 0xe0003 0x95d 0x18 0x0 0x0 0x0 0x0 0x9 0x1 0x0 oops 0 methods 0
ciMethodData  @bci com/sun/tools/javac/code/Symtab lookupPackage (Lcom/sun/tools/javac/code/Symbol$ModuleSymbol;Lcom/sun/tools/javac/util/Name;Z)Lcom/sun/tools/javac/code/Symbol$PackageSymbol; 112 <appendix> member <vmtarget> ; <init> (Lcom/sun/tools/javac/code/Symtab;)V 1 513 orig 80 0 0 0 0 0 0 0 0 0 0 0 0 0 0 0 0 0 0 0 0 0 0 0 0 0 0 0 0 0 0 0 0 0 0 0 0 0 0 0 0 0 0 0 0 0 0 0 0 0 0 0 0 0 0 0 0 0 0 0 0 0 0 0 0 0 0 0 0 0 0 0 0 0 0 0 0 0 0 0 0 data 10 0x10002 0x201 0x0 0x0 0x0 0x0 0x9 0x2 0x6 0x0 oops 0 methods 0
ciMethodData com/sun/tools/javac/code/Types erasure (Lcom/sun/tools/javac/code/Type;)Lcom/sun/tools/javac/code/Type; 1 289 orig 80 0 0 0 0 0 0 0 0 0 0 0 0 0 0 0 0 0 0 0 0 0 0 0 0 0 0 0 0 0 0 0 0 0 0 0 0 0 0 0 0 0 0 0 0 0 0 0 0 0 0 0 0 0 0 0 0 0 0 0 0 0 0 0 0 0 0 0 0 0 0 0 0 0 0 0 0 0 0 0 0 data 29 0x20005 0x121 0x0 0x0 0x0 0x0 0x50007 0x120 0x38 0x1 0x90003 0x1 0x48 0xf0005 0x120 0x0 0x0 0x0 0x0 0x0 0x0 0x0 0x0 0x0 0x0 0x9 0x2 0x0 0xffffffffffffffff oops 0 methods 0
ciMethodData com/sun/tools/javac/code/Types eraseNotNeeded (Lcom/sun/tools/javac/code/Type;)Z 1 289 orig 80 0 0 0 0 0 0 0 0 0 0 0 0 0 0 0 0 0 0 0 0 0 0 0 0 0 0 0 0 0 0 0 0 0 0 0 0 0 0 0 0 0 0 0 0 0 0 0 0 0 0 0 0 0 0 0 0 0 0 0 0 0 0 0 0 0 0 0 0 0 0 0 0 0 0 0 0 0 0 0 0 data 27 0x10005 0x0 0x20bd0489cf8 0xd2 0x20bd1ed8248 0x4f 0x40007 0x0 0x40 0x121 0x150007 0x120 0x38 0x1 0x190003 0x1 0x18 0x0 0x0 0x0 0x0 0x0 0x0 0x9 0x2 0x0 0xffffffffffffffff oops 2 2 com/sun/tools/javac/code/Type$1 4 com/sun/tools/javac/code/Type$ClassType methods 0
ciMethodData com/sun/tools/javac/code/Types erasure (Lcom/sun/tools/javac/code/Type;Z)Lcom/sun/tools/javac/code/Type; 1 288 orig 80 0 0 0 0 0 0 0 0 0 0 0 0 0 0 0 0 0 0 0 0 0 0 0 0 0 0 0 0 0 0 0 0 0 0 0 0 0 0 0 0 0 0 0 0 0 0 0 0 0 0 0 0 0 0 0 0 0 0 0 0 0 0 0 0 0 0 0 0 0 0 0 0 0 0 0 0 0 0 0 0 data 35 0x10005 0x0 0x20bd0489cf8 0xd2 0x20bd1ed8248 0x4e 0x40007 0x120 0x20 0x0 0xf0002 0x120 0x120005 0x15 0x20bd2df78f0 0x10b 0x0 0x0 0x150004 0x0 0x20bd0489cf8 0xd2 0x20bd1ed8248 0x4e 0x0 0x0 0x0 0x0 0x0 0x0 0x9 0x3 0x0 0xffffffffffffffff 0x0 oops 5 2 com/sun/tools/javac/code/Type$1 4 com/sun/tools/javac/code/Type$ClassType 14 com/sun/tools/javac/code/Types$14 20 com/sun/tools/javac/code/Type$1 22 com/sun/tools/javac/code/Type$ClassType methods 0
ciMethodData com/sun/tools/javac/util/Name equals (Ljava/lang/Object;)Z 1 929 orig 80 0 0 0 0 0 0 0 0 0 0 0 0 0 0 0 0 0 0 0 0 0 0 0 0 0 0 0 0 0 0 0 0 0 0 0 0 0 0 0 0 0 0 0 0 0 0 0 0 0 0 0 0 0 0 0 0 0 0 0 0 0 0 0 0 0 0 0 0 0 0 0 0 0 0 0 0 0 0 0 0 data 57 0x20007 0x3a1 0x20 0x0 0x80007 0x0 0xa0 0x3a1 0xc0005 0x107 0x20bd048d088 0x29a 0x0 0x0 0x100005 0x107 0x20bd048d088 0x29a 0x0 0x0 0x130007 0x3a1 0x20 0x0 0x190004 0x0 0x20bd048d088 0x3a1 0x0 0x0 0x250007 0x0 0x88 0x3a1 0x2a0005 0x0 0x20bd048d088 0x3a1 0x0 0x0 0x2d0007 0x3a1 0x38 0x0 0x310003 0x0 0x18 0x0 0x0 0x0 0x0 0x0 0x0 0x9 0x2 0x0 0x0 oops 4 10 com/sun/tools/javac/util/UnsharedNameTable$NameImpl 16 com/sun/tools/javac/util/UnsharedNameTable$NameImpl 26 com/sun/tools/javac/util/UnsharedNameTable$NameImpl 36 com/sun/tools/javac/util/UnsharedNameTable$NameImpl methods 0
ciMethodData com/sun/tools/javac/util/Utf8NameTable$NameImpl nameEquals (Lcom/sun/tools/javac/util/Name;)Z 1 689 orig 80 0 0 0 0 0 0 0 0 0 0 0 0 0 0 0 0 0 0 0 0 0 0 0 0 0 0 0 0 0 0 0 0 0 0 0 0 0 0 0 0 0 0 0 0 0 0 0 0 0 0 0 0 0 0 0 0 0 0 0 0 0 0 0 0 0 0 0 0 0 0 0 0 0 0 0 0 0 0 0 0 data 35 0x10004 0x0 0x20bd048d088 0x2b1 0x0 0x0 0x40005 0x0 0x20bd048d088 0x2b1 0x0 0x0 0x80005 0x0 0x20bd048d088 0x2b1 0x0 0x0 0xb0007 0x2b1 0x38 0x0 0xf0003 0x0 0x18 0x0 0x0 0x0 0x0 0x0 0x0 0x9 0x2 0x0 0x0 oops 3 2 com/sun/tools/javac/util/UnsharedNameTable$NameImpl 8 com/sun/tools/javac/util/UnsharedNameTable$NameImpl 14 com/sun/tools/javac/util/UnsharedNameTable$NameImpl methods 0
compile com/sun/tools/javac/jvm/ClassReader classSigToType ()Lcom/sun/tools/javac/code/Type; -1 4 inline 293 0 -1 0 com/sun/tools/javac/jvm/ClassReader classSigToType ()Lcom/sun/tools/javac/code/Type; 1 201 0 com/sun/tools/javac/jvm/ClassReader enterClass (Lcom/sun/tools/javac/util/Name;)Lcom/sun/tools/javac/code/Symbol$ClassSymbol; 2 9 0 com/sun/tools/javac/code/Symtab enterClass (Lcom/sun/tools/javac/code/Symbol$ModuleSymbol;Lcom/sun/tools/javac/util/Name;)Lcom/sun/tools/javac/code/Symbol$ClassSymbol; 3 1 0 com/sun/tools/javac/util/Assert checkNonNull (Ljava/lang/Object;)Ljava/lang/Object; 3 8 0 com/sun/tools/javac/util/Convert packagePart (Lcom/sun/tools/javac/util/Name;)Lcom/sun/tools/javac/util/Name; 4 3 0 com/sun/tools/javac/util/Utf8NameTable$NameImpl lastIndexOfAscii (C)I 5 12 0 com/sun/tools/javac/util/Assert check (Z)V 5 19 0 com/sun/tools/javac/util/UnsharedNameTable$NameImpl getByteData ()[B 5 24 0 com/sun/tools/javac/util/UnsharedNameTable$NameImpl getByteOffset ()I 5 30 0 com/sun/tools/javac/util/UnsharedNameTable$NameImpl getByteLength ()I 5 76 0 com/sun/tools/javac/util/Convert utfNumChars ([BII)I 4 14 0 com/sun/tools/javac/util/Name subName (II)Lcom/sun/tools/javac/util/Name; 5 5 0 com/sun/tools/javac/util/Utf8NameTable$NameImpl toString ()Ljava/lang/String; 6 1 0 com/sun/tools/javac/util/UnsharedNameTable$NameImpl getByteData ()[B 6 5 0 com/sun/tools/javac/util/UnsharedNameTable$NameImpl getByteOffset ()I 6 9 0 com/sun/tools/javac/util/UnsharedNameTable$NameImpl getByteLength ()I 6 15 0 com/sun/tools/javac/util/Convert utf2string ([BIILcom/sun/tools/javac/util/Convert$Validation;)Ljava/lang/String; 7 26 0 java/lang/String <init> ([CII)V 8 7 0 java/lang/String rangeCheck ([CII)Ljava/lang/Void; 9 4 0 java/lang/String checkBoundsOffCount (III)I 10 6 0 jdk/internal/util/Preconditions checkFromIndexSize (IIILjava/util/function/BiFunction;)I 8 10 0 java/lang/String <init> ([CIILjava/lang/Void;)V 9 1 0 java/lang/Object <init> ()V 9 36 0 java/lang/StringUTF16 compress ([CII)[B 9 45 0 java/lang/StringUTF16 coderFromArrayLen ([BI)B 5 10 0 java/lang/String substring (II)Ljava/lang/String; 6 1 0 java/lang/String length ()I 7 6 0 java/lang/String coder ()B 6 8 0 java/lang/String checkBoundsBeginEnd (III)V 7 6 0 jdk/internal/util/Preconditions checkFromToIndex (IIILjava/util/function/BiFunction;)I 6 28 0 java/lang/String isLatin1 ()Z 6 41 0 java/lang/StringLatin1 newString ([BII)Ljava/lang/String; 7 16 0 java/util/Arrays copyOfRange ([BII)[B 7 20 0 java/lang/String <init> ([BB)V 8 1 0 java/lang/Object <init> ()V 5 13 0 com/sun/tools/javac/util/Name$Table fromString (Ljava/lang/String;)Lcom/sun/tools/javac/util/Name; 6 1 0 java/lang/String toCharArray ()[C 7 1 0 java/lang/String isLatin1 ()Z 7 11 0 java/lang/StringLatin1 toChars ([B)[C 7 21 0 java/lang/StringUTF16 toChars ([B)[C 6 10 0 com/sun/tools/javac/util/UnsharedNameTable fromChars ([CII)Lcom/sun/tools/javac/util/Name; 7 13 0 com/sun/tools/javac/util/Convert chars2utf ([CI[BII)I 7 24 0 com/sun/tools/javac/util/UnsharedNameTable fromValidUtf ([BII)Lcom/sun/tools/javac/util/Name; 8 3 0 com/sun/tools/javac/util/Utf8NameTable hashValue ([BII)I 8 100 0 com/sun/tools/javac/util/UnsharedNameTable$NameImpl getByteLength ()I 8 116 0 com/sun/tools/javac/util/Utf8NameTable equals ([BI[BII)Z 8 171 0 com/sun/tools/javac/util/UnsharedNameTable$NameImpl <init> (Lcom/sun/tools/javac/util/UnsharedNameTable;[BI)V 9 2 0 com/sun/tools/javac/util/Utf8NameTable$NameImpl <init> (Lcom/sun/tools/javac/util/Utf8NameTable;)V 10 2 0 com/sun/tools/javac/util/Name <init> (Lcom/sun/tools/javac/util/Name$Table;)V 11 1 0 java/lang/Object <init> ()V 8 182 0 com/sun/tools/javac/util/UnsharedNameTable$HashEntry <init> (Lcom/sun/tools/javac/util/UnsharedNameTable$NameImpl;)V 9 2 0 java/lang/ref/WeakReference <init> (Ljava/lang/Object;)V 10 2 0 java/lang/ref/Reference <init> (Ljava/lang/Object;)V 11 3 0 java/lang/ref/Reference <init> (Ljava/lang/Object;Ljava/lang/ref/ReferenceQueue;)V 12 1 0 java/lang/Object <init> ()V 3 11 0 com/sun/tools/javac/code/Symtab lookupPackage (Lcom/sun/tools/javac/code/Symbol$ModuleSymbol;Lcom/sun/tools/javac/util/Name;)Lcom/sun/tools/javac/code/Symbol$PackageSymbol; 4 4 0 com/sun/tools/javac/code/Symtab lookupPackage (Lcom/sun/tools/javac/code/Symbol$ModuleSymbol;Lcom/sun/tools/javac/util/Name;Z)Lcom/sun/tools/javac/code/Symbol$PackageSymbol; 5 1 0 com/sun/tools/javac/util/Assert checkNonNull (Ljava/lang/Object;)Ljava/lang/Object; 5 6 0 com/sun/tools/javac/util/Name isEmpty ()Z 6 1 0 com/sun/tools/javac/util/Utf8NameTable$NameImpl length ()I 7 1 0 com/sun/tools/javac/util/UnsharedNameTable$NameImpl getByteData ()[B 7 5 0 com/sun/tools/javac/util/UnsharedNameTable$NameImpl getByteOffset ()I 7 9 0 com/sun/tools/javac/util/UnsharedNameTable$NameImpl getByteLength ()I 7 12 0 com/sun/tools/javac/util/Convert utfNumChars ([BII)I 5 33 0 com/sun/tools/javac/code/Symbol complete ()V 5 41 0 java/util/LinkedHashMap get (Ljava/lang/Object;)Ljava/lang/Object; 6 2 0 java/util/HashMap getNode (Ljava/lang/Object;)Ljava/util/HashMap$Node; 7 23 0 java/util/HashMap hash (Ljava/lang/Object;)I 8 9 0 com/sun/tools/javac/util/Utf8NameTable$NameImpl hashCode ()I 9 1 0 com/sun/tools/javac/util/UnsharedNameTable$NameImpl getNameIndex ()I 5 62 0 com/sun/tools/javac/code/Symtab getPackage (Lcom/sun/tools/javac/code/Symbol$ModuleSymbol;Lcom/sun/tools/javac/util/Name;)Lcom/sun/tools/javac/code/Symbol$PackageSymbol; 6 5 0 java/util/Collections emptyMap ()Ljava/util/Map; 6 8 0 java/util/HashMap getOrDefault (Ljava/lang/Object;Ljava/lang/Object;)Ljava/lang/Object; 7 2 0 java/util/HashMap getNode (Ljava/lang/Object;)Ljava/util/HashMap$Node; 8 23 0 java/util/HashMap hash (Ljava/lang/Object;)I 9 9 0 com/sun/tools/javac/util/Utf8NameTable$NameImpl hashCode ()I 10 1 0 com/sun/tools/javac/util/UnsharedNameTable$NameImpl getNameIndex ()I 6 17 0 java/util/HashMap get (Ljava/lang/Object;)Ljava/lang/Object; 7 2 0 java/util/HashMap getNode (Ljava/lang/Object;)Ljava/util/HashMap$Node; 8 23 0 java/util/HashMap hash (Ljava/lang/Object;)I 6 17 0 java/util/Collections$EmptyMap get (Ljava/lang/Object;)Ljava/lang/Object; 5 74 0 com/sun/tools/javac/code/Symbol$PackageSymbol exists ()Z 5 98 0 java/util/Collection stream ()Ljava/util/stream/Stream; 6 1 0 java/util/List spliterator ()Ljava/util/Spliterator; 6 7 0 java/util/stream/StreamSupport stream (Ljava/util/Spliterator;Z)Ljava/util/stream/Stream; 7 1 0 java/util/Objects requireNonNull (Ljava/lang/Object;)Ljava/lang/Object; 7 11 0 java/util/stream/StreamOpFlag fromCharacteristics (Ljava/util/Spliterator;)I 8 14 0 java/util/stream/Streams$RangeIntSpliterator getComparator ()Ljava/util/Comparator; 7 15 0 java/util/stream/ReferencePipeline$Head <init> (Ljava/util/Spliterator;IZ)V 8 4 0 java/util/stream/ReferencePipeline <init> (Ljava/util/Spliterator;IZ)V 9 4 0 java/util/stream/AbstractPipeline <init> (Ljava/util/Spliterator;IZ)V 10 1 0 java/util/stream/PipelineHelper <init> ()V 11 1 0 java/lang/Object <init> ()V 5 101 0 java/lang/invoke/Invokers$Holder linkToTargetMethod (Ljava/lang/Object;)Ljava/lang/Object; 6 4 0 java/lang/invoke/LambdaForm$Holder constant_L (Ljava/lang/Object;)Ljava/lang/Object; 5 106 0 java/util/stream/ReferencePipeline map (Ljava/util/function/Function;)Ljava/util/stream/Stream; 6 1 0 java/util/Objects requireNonNull (Ljava/lang/Object;)Ljava/lang/Object; 6 22 0 java/util/stream/ReferencePipeline$3 <init> (Ljava/util/stream/ReferencePipeline;Ljava/util/stream/AbstractPipeline;Ljava/util/stream/StreamShape;ILjava/util/function/Function;)V 7 8 0 java/util/Objects requireNonNull (Ljava/lang/Object;)Ljava/lang/Object; 7 18 0 java/util/stream/ReferencePipeline$StatelessOp <init> (Ljava/util/stream/AbstractPipeline;Ljava/util/stream/StreamShape;I)V 8 3 0 java/util/stream/ReferencePipeline <init> (Ljava/util/stream/AbstractPipeline;I)V 9 3 0 java/util/stream/AbstractPipeline <init> (Ljava/util/stream/AbstractPipeline;I)V 10 1 0 java/util/stream/PipelineHelper <init> ()V 11 1 0 java/lang/Object <init> ()V 10 51 0 java/util/stream/StreamOpFlag combineOpFlags (II)I 11 2 0 java/util/stream/StreamOpFlag getMask (I)I 5 112 0 java/lang/invoke/Invokers$Holder linkToTargetMethod (Ljava/lang/Object;Ljava/lang/Object;)Ljava/lang/Object; 6 5 0 java/lang/invoke/DirectMethodHandle$Holder newInvokeSpecial (Ljava/lang/Object;Ljava/lang/Object;)Ljava/lang/Object; 7 1 0 java/lang/invoke/DirectMethodHandle allocateInstance (Ljava/lang/Object;)Ljava/lang/Object; 7 6 0 java/lang/invoke/DirectMethodHandle constructorMethod (Ljava/lang/Object;)Ljava/lang/Object; 7 16 0  @bci com/sun/tools/javac/code/Symtab lookupPackage (Lcom/sun/tools/javac/code/Symbol$ModuleSymbol;Lcom/sun/tools/javac/util/Name;Z)Lcom/sun/tools/javac/code/Symbol$PackageSymbol; 112 <appendix> member <vmtarget> ; <init> (Lcom/sun/tools/javac/code/Symtab;)V 8 1 0 java/lang/Object <init> ()V 5 117 0 java/util/stream/ReferencePipeline anyMatch (Ljava/util/function/Predicate;)Z 6 14 0 java/lang/Boolean booleanValue ()Z 3 16 0 com/sun/tools/javac/util/Assert checkNonNull (Ljava/lang/Object;)Ljava/lang/Object; 3 24 0 com/sun/tools/javac/util/Assert checkNonNull (Ljava/lang/Object;)Ljava/lang/Object; 3 34 0 com/sun/tools/javac/code/Symtab getClass (Lcom/sun/tools/javac/code/Symbol$ModuleSymbol;Lcom/sun/tools/javac/util/Name;)Lcom/sun/tools/javac/code/Symbol$ClassSymbol; 4 3 0 java/util/Objects requireNonNull (Ljava/lang/Object;)Ljava/lang/Object; 4 7 0 java/lang/invoke/Invokers$Holder linkToTargetMethod (Ljava/lang/Object;Ljava/lang/Object;)Ljava/lang/Object; 5 5 0 java/lang/invoke/DirectMethodHandle$Holder newInvokeSpecial (Ljava/lang/Object;Ljava/lang/Object;)Ljava/lang/Object; 6 1 0 java/lang/invoke/DirectMethodHandle allocateInstance (Ljava/lang/Object;)Ljava/lang/Object; 6 6 0 java/lang/invoke/DirectMethodHandle constructorMethod (Ljava/lang/Object;)Ljava/lang/Object; 6 16 0  @bci com/sun/tools/javac/code/Symtab getClass (Lcom/sun/tools/javac/code/Symbol$ModuleSymbol;Lcom/sun/tools/javac/util/Name;)Lcom/sun/tools/javac/code/Symbol$ClassSymbol; 7 <appendix> member <vmtarget> ; <init> (Lcom/sun/tools/javac/util/Name;)V 7 1 0 java/lang/Object <init> ()V 4 12 0 com/sun/tools/javac/util/Assert checkNonNull (Ljava/lang/Object;Ljava/util/function/Supplier;)Ljava/lang/Object; 4 21 0 java/util/Collections emptyMap ()Ljava/util/Map; 4 24 0 java/util/HashMap getOrDefault (Ljava/lang/Object;Ljava/lang/Object;)Ljava/lang/Object; 5 2 0 java/util/HashMap getNode (Ljava/lang/Object;)Ljava/util/HashMap$Node; 6 23 0 java/util/HashMap hash (Ljava/lang/Object;)I 7 9 0 com/sun/tools/javac/util/Utf8NameTable$NameImpl hashCode ()I 8 1 0 com/sun/tools/javac/util/UnsharedNameTable$NameImpl getNameIndex ()I 4 33 0 java/util/HashMap get (Ljava/lang/Object;)Ljava/lang/Object; 5 2 0 java/util/HashMap getNode (Ljava/lang/Object;)Ljava/util/HashMap$Node; 6 23 0 java/util/HashMap hash (Ljava/lang/Object;)I 4 33 0 java/util/Collections$EmptyMap get (Ljava/lang/Object;)Ljava/lang/Object; 3 46 0 com/sun/tools/javac/util/Convert shortName (Lcom/sun/tools/javac/util/Name;)Lcom/sun/tools/javac/util/Name; 4 3 0 com/sun/tools/javac/util/Utf8NameTable$NameImpl lastIndexOfAscii (C)I 5 12 0 com/sun/tools/javac/util/Assert check (Z)V 5 19 0 com/sun/tools/javac/util/UnsharedNameTable$NameImpl getByteData ()[B 5 24 0 com/sun/tools/javac/util/UnsharedNameTable$NameImpl getByteOffset ()I 5 30 0 com/sun/tools/javac/util/UnsharedNameTable$NameImpl getByteLength ()I 5 76 0 com/sun/tools/javac/util/Convert utfNumChars ([BII)I 4 15 0 com/sun/tools/javac/util/Name subName (I)Lcom/sun/tools/javac/util/Name; 3 50 0 com/sun/tools/javac/code/Symtab defineClass (Lcom/sun/tools/javac/util/Name;Lcom/sun/tools/javac/code/Symbol;)Lcom/sun/tools/javac/code/Symbol$ClassSymbol; 4 7 0 com/sun/tools/javac/code/Symbol$ClassSymbol <init> (JLcom/sun/tools/javac/util/Name;Lcom/sun/tools/javac/code/Symbol;)V 5 12 0 com/sun/tools/javac/code/Type$ClassType <init> (Lcom/sun/tools/javac/code/Type;Lcom/sun/tools/javac/util/List;Lcom/sun/tools/javac/code/Symbol$TypeSymbol;)V 6 4 0 com/sun/tools/javac/util/List nil ()Lcom/sun/tools/javac/util/List; 6 7 0 com/sun/tools/javac/code/Type$ClassType <init> (Lcom/sun/tools/javac/code/Type;Lcom/sun/tools/javac/util/List;Lcom/sun/tools/javac/code/Symbol$TypeSymbol;Lcom/sun/tools/javac/util/List;)V 7 4 0 com/sun/tools/javac/code/Type <init> (Lcom/sun/tools/javac/code/Symbol$TypeSymbol;Lcom/sun/tools/javac/util/List;)V 8 1 0 com/sun/tools/javac/code/AnnoConstruct <init> ()V 9 1 0 java/lang/Object <init> ()V 8 5 0 com/sun/tools/javac/util/Assert checkNonNull (Ljava/lang/Object;)Ljava/lang/Object; 5 17 0 com/sun/tools/javac/code/Symbol$ClassSymbol <init> (JLcom/sun/tools/javac/util/Name;Lcom/sun/tools/javac/code/Type;Lcom/sun/tools/javac/code/Symbol;)V 6 10 0 com/sun/tools/javac/code/Symbol$TypeSymbol <init> (Lcom/sun/tools/javac/code/Kinds$Kind;JLcom/sun/tools/javac/util/Name;Lcom/sun/tools/javac/code/Type;Lcom/sun/tools/javac/code/Symbol;)V 7 9 0 com/sun/tools/javac/code/Symbol <init> (Lcom/sun/tools/javac/code/Kinds$Kind;JLcom/sun/tools/javac/util/Name;Lcom/sun/tools/javac/code/Type;Lcom/sun/tools/javac/code/Symbol;)V 8 1 0 com/sun/tools/javac/code/AnnoConstruct <init> ()V 9 1 0 java/lang/Object <init> ()V 6 14 0 com/sun/tools/javac/util/List nil ()Lcom/sun/tools/javac/util/List; 6 34 0 com/sun/tools/javac/code/Symbol$TypeSymbol formFullName (Lcom/sun/tools/javac/util/Name;Lcom/sun/tools/javac/code/Symbol;)Lcom/sun/tools/javac/util/Name; 7 23 0 com/sun/tools/javac/code/Kinds$Kind matches (Lcom/sun/tools/javac/code/Kinds$KindSelector;)Z 8 5 0 com/sun/tools/javac/code/Kinds$KindSelector contains (Lcom/sun/tools/javac/code/Kinds$KindSelector;)Z 7 46 0 com/sun/tools/javac/code/Type hasTag (Lcom/sun/tools/javac/code/TypeTag;)Z 8 2 0 com/sun/tools/javac/code/Type$ClassType getTag ()Lcom/sun/tools/javac/code/TypeTag; 7 55 0 com/sun/tools/javac/code/Symbol$PackageSymbol getQualifiedName ()Lcom/sun/tools/javac/util/Name; 7 83 0 com/sun/tools/javac/util/Utf8NameTable$NameImpl append (CLcom/sun/tools/javac/util/Name;)Lcom/sun/tools/javac/util/Name; 8 12 0 com/sun/tools/javac/util/Assert check (Z)V 8 36 0 com/sun/tools/javac/util/Assert check (Z)V 8 40 0 com/sun/tools/javac/util/UnsharedNameTable$NameImpl getByteData ()[B 8 46 0 com/sun/tools/javac/util/UnsharedNameTable$NameImpl getByteData ()[B 8 52 0 com/sun/tools/javac/util/UnsharedNameTable$NameImpl getByteOffset ()I 8 58 0 com/sun/tools/javac/util/UnsharedNameTable$NameImpl getByteOffset ()I 8 64 0 com/sun/tools/javac/util/UnsharedNameTable$NameImpl getByteLength ()I 8 70 0 com/sun/tools/javac/util/UnsharedNameTable$NameImpl getByteLength ()I 8 133 0 com/sun/tools/javac/util/UnsharedNameTable fromUtf ([BIILcom/sun/tools/javac/util/Convert$Validation;)Lcom/sun/tools/javac/util/Name; 9 20 0 com/sun/tools/javac/util/UnsharedNameTable fromValidUtf ([BII)Lcom/sun/tools/javac/util/Name; 10 3 0 com/sun/tools/javac/util/Utf8NameTable hashValue ([BII)I 10 100 0 com/sun/tools/javac/util/UnsharedNameTable$NameImpl getByteLength ()I 10 116 0 com/sun/tools/javac/util/Utf8NameTable equals ([BI[BII)Z 10 171 0 com/sun/tools/javac/util/UnsharedNameTable$NameImpl <init> (Lcom/sun/tools/javac/util/UnsharedNameTable;[BI)V 11 2 0 com/sun/tools/javac/util/Utf8NameTable$NameImpl <init> (Lcom/sun/tools/javac/util/Utf8NameTable;)V 12 2 0 com/sun/tools/javac/util/Name <init> (Lcom/sun/tools/javac/util/Name$Table;)V 13 1 0 java/lang/Object <init> ()V 10 182 0 com/sun/tools/javac/util/UnsharedNameTable$HashEntry <init> (Lcom/sun/tools/javac/util/UnsharedNameTable$NameImpl;)V 11 2 0 java/lang/ref/WeakReference <init> (Ljava/lang/Object;)V 12 2 0 java/lang/ref/Reference <init> (Ljava/lang/Object;)V 13 3 0 java/lang/ref/Reference <init> (Ljava/lang/Object;Ljava/lang/ref/ReferenceQueue;)V 14 1 0 java/lang/Object <init> ()V 6 44 0 com/sun/tools/javac/code/Symbol$TypeSymbol formFlatName (Lcom/sun/tools/javac/util/Name;Lcom/sun/tools/javac/code/Symbol;)Lcom/sun/tools/javac/util/Name; 7 11 0 com/sun/tools/javac/code/Kinds$Kind matches (Lcom/sun/tools/javac/code/Kinds$KindSelector;)Z 8 5 0 com/sun/tools/javac/code/Kinds$KindSelector contains (Lcom/sun/tools/javac/code/Kinds$KindSelector;)Z 7 34 0 com/sun/tools/javac/code/Type hasTag (Lcom/sun/tools/javac/code/TypeTag;)Z 8 2 0 com/sun/tools/javac/code/Type$ClassType getTag ()Lcom/sun/tools/javac/code/TypeTag; 7 61 0 com/sun/tools/javac/code/Symbol flatName ()Lcom/sun/tools/javac/util/Name; 8 1 0 com/sun/tools/javac/code/Symbol$PackageSymbol getQualifiedName ()Lcom/sun/tools/javac/util/Name; 7 88 0 com/sun/tools/javac/util/Utf8NameTable$NameImpl append (CLcom/sun/tools/javac/util/Name;)Lcom/sun/tools/javac/util/Name; 8 12 0 com/sun/tools/javac/util/Assert check (Z)V 8 36 0 com/sun/tools/javac/util/Assert check (Z)V 8 40 0 com/sun/tools/javac/util/UnsharedNameTable$NameImpl getByteData ()[B 8 46 0 com/sun/tools/javac/util/UnsharedNameTable$NameImpl getByteData ()[B 8 52 0 com/sun/tools/javac/util/UnsharedNameTable$NameImpl getByteOffset ()I 8 58 0 com/sun/tools/javac/util/UnsharedNameTable$NameImpl getByteOffset ()I 8 64 0 com/sun/tools/javac/util/UnsharedNameTable$NameImpl getByteLength ()I 8 70 0 com/sun/tools/javac/util/UnsharedNameTable$NameImpl getByteLength ()I 8 133 0 com/sun/tools/javac/util/UnsharedNameTable fromUtf ([BIILcom/sun/tools/javac/util/Convert$Validation;)Lcom/sun/tools/javac/util/Name; 9 20 0 com/sun/tools/javac/util/UnsharedNameTable fromValidUtf ([BII)Lcom/sun/tools/javac/util/Name; 10 3 0 com/sun/tools/javac/util/Utf8NameTable hashValue ([BII)I 10 100 0 com/sun/tools/javac/util/UnsharedNameTable$NameImpl getByteLength ()I 10 116 0 com/sun/tools/javac/util/Utf8NameTable equals ([BI[BII)Z 10 171 0 com/sun/tools/javac/util/UnsharedNameTable$NameImpl <init> (Lcom/sun/tools/javac/util/UnsharedNameTable;[BI)V 11 2 0 com/sun/tools/javac/util/Utf8NameTable$NameImpl <init> (Lcom/sun/tools/javac/util/Utf8NameTable;)V 12 2 0 com/sun/tools/javac/util/Name <init> (Lcom/sun/tools/javac/util/Name$Table;)V 13 1 0 java/lang/Object <init> ()V 10 182 0 com/sun/tools/javac/util/UnsharedNameTable$HashEntry <init> (Lcom/sun/tools/javac/util/UnsharedNameTable$NameImpl;)V 11 2 0 java/lang/ref/WeakReference <init> (Ljava/lang/Object;)V 12 2 0 java/lang/ref/Reference <init> (Ljava/lang/Object;)V 13 3 0 java/lang/ref/Reference <init> (Ljava/lang/Object;Ljava/lang/ref/ReferenceQueue;)V 14 1 0 java/lang/Object <init> ()V 6 61 0 com/sun/tools/javac/comp/Annotate$AnnotationTypeMetadata notAnAnnotationType ()Lcom/sun/tools/javac/comp/Annotate$AnnotationTypeMetadata; 6 72 0 java/util/ArrayList <init> ()V 7 1 0 java/util/AbstractList <init> ()V 8 1 0 java/util/AbstractCollection <init> ()V 9 1 0 java/lang/Object <init> ()V 3 62 0 com/sun/tools/javac/code/Symtab doEnterClass (Lcom/sun/tools/javac/code/Symbol$ModuleSymbol;Lcom/sun/tools/javac/code/Symbol$ClassSymbol;)V 4 8 0 java/lang/invoke/Invokers$Holder linkToTargetMethod (Ljava/lang/Object;)Ljava/lang/Object; 5 4 0 java/lang/invoke/LambdaForm$Holder constant_L (Ljava/lang/Object;)Ljava/lang/Object; 4 23 0 java/util/HashMap put (Ljava/lang/Object;Ljava/lang/Object;)Ljava/lang/Object; 5 2 0 java/util/HashMap hash (Ljava/lang/Object;)I 5 9 0 java/util/HashMap putVal (ILjava/lang/Object;Ljava/lang/Object;ZZ)Ljava/lang/Object; 6 56 0 java/util/HashMap newNode (ILjava/lang/Object;Ljava/lang/Object;Ljava/util/HashMap$Node;)Ljava/util/HashMap$Node; 7 9 0 java/util/HashMap$Node <init> (ILjava/lang/Object;Ljava/lang/Object;Ljava/util/HashMap$Node;)V 8 1 0 java/lang/Object <init> ()V 6 152 0 java/util/HashMap newNode (ILjava/lang/Object;Ljava/lang/Object;Ljava/util/HashMap$Node;)Ljava/util/HashMap$Node; 7 9 0 java/util/HashMap$Node <init> (ILjava/lang/Object;Ljava/lang/Object;Ljava/util/HashMap$Node;)V 8 1 0 java/lang/Object <init> ()V 6 253 0 java/util/HashMap afterNodeAccess (Ljava/util/HashMap$Node;)V 6 295 0 java/util/HashMap afterNodeInsertion (Z)V 1 240 0 com/sun/tools/javac/util/List isEmpty ()Z 1 268 0 com/sun/tools/javac/jvm/ClassReader$1 <init> (Lcom/sun/tools/javac/jvm/ClassReader;Lcom/sun/tools/javac/code/Type;Lcom/sun/tools/javac/util/List;Lcom/sun/tools/javac/code/Symbol$TypeSymbol;Lcom/sun/tools/javac/code/Symbol$ClassSymbol;Lcom/sun/tools/javac/util/List;)V 2 15 0 java/util/Objects requireNonNull (Ljava/lang/Object;)Ljava/lang/Object; 2 27 0 com/sun/tools/javac/code/Type$ClassType <init> (Lcom/sun/tools/javac/code/Type;Lcom/sun/tools/javac/util/List;Lcom/sun/tools/javac/code/Symbol$TypeSymbol;)V 3 4 0 com/sun/tools/javac/util/List nil ()Lcom/sun/tools/javac/util/List; 3 7 0 com/sun/tools/javac/code/Type$ClassType <init> (Lcom/sun/tools/javac/code/Type;Lcom/sun/tools/javac/util/List;Lcom/sun/tools/javac/code/Symbol$TypeSymbol;Lcom/sun/tools/javac/util/List;)V 4 4 0 com/sun/tools/javac/code/Type <init> (Lcom/sun/tools/javac/code/Symbol$TypeSymbol;Lcom/sun/tools/javac/util/List;)V 5 1 0 com/sun/tools/javac/code/AnnoConstruct <init> ()V 6 1 0 java/lang/Object <init> ()V 5 5 0 com/sun/tools/javac/util/Assert checkNonNull (Ljava/lang/Object;)Ljava/lang/Object; 1 125 0 com/sun/tools/javac/jvm/ClassReader readName ([BII)Lcom/sun/tools/javac/util/Name; 2 11 0 com/sun/tools/javac/util/Names fromUtf ([BIILcom/sun/tools/javac/util/Convert$Validation;)Lcom/sun/tools/javac/util/Name; 3 9 0 com/sun/tools/javac/util/UnsharedNameTable fromUtf ([BIILcom/sun/tools/javac/util/Convert$Validation;)Lcom/sun/tools/javac/util/Name; 4 13 0 com/sun/tools/javac/util/Convert utfValidate ([BIILcom/sun/tools/javac/util/Convert$Validation;)V 4 20 0 com/sun/tools/javac/util/UnsharedNameTable fromValidUtf ([BII)Lcom/sun/tools/javac/util/Name; 5 3 0 com/sun/tools/javac/util/Utf8NameTable hashValue ([BII)I 5 100 0 com/sun/tools/javac/util/UnsharedNameTable$NameImpl getByteLength ()I 5 116 0 com/sun/tools/javac/util/Utf8NameTable equals ([BI[BII)Z 5 171 0 com/sun/tools/javac/util/UnsharedNameTable$NameImpl <init> (Lcom/sun/tools/javac/util/UnsharedNameTable;[BI)V 6 2 0 com/sun/tools/javac/util/Utf8NameTable$NameImpl <init> (Lcom/sun/tools/javac/util/Utf8NameTable;)V 7 2 0 com/sun/tools/javac/util/Name <init> (Lcom/sun/tools/javac/util/Name$Table;)V 8 1 0 java/lang/Object <init> ()V 5 182 0 com/sun/tools/javac/util/UnsharedNameTable$HashEntry <init> (Lcom/sun/tools/javac/util/UnsharedNameTable$NameImpl;)V 6 2 0 java/lang/ref/WeakReference <init> (Ljava/lang/Object;)V 7 2 0 java/lang/ref/Reference <init> (Ljava/lang/Object;)V 8 3 0 java/lang/ref/Reference <init> (Ljava/lang/Object;Ljava/lang/ref/ReferenceQueue;)V 9 1 0 java/lang/Object <init> ()V 1 128 0 com/sun/tools/javac/jvm/ClassReader enterClass (Lcom/sun/tools/javac/util/Name;)Lcom/sun/tools/javac/code/Symbol$ClassSymbol; 2 9 0 com/sun/tools/javac/code/Symtab enterClass (Lcom/sun/tools/javac/code/Symbol$ModuleSymbol;Lcom/sun/tools/javac/util/Name;)Lcom/sun/tools/javac/code/Symbol$ClassSymbol; 3 1 0 com/sun/tools/javac/util/Assert checkNonNull (Ljava/lang/Object;)Ljava/lang/Object; 3 8 0 com/sun/tools/javac/util/Convert packagePart (Lcom/sun/tools/javac/util/Name;)Lcom/sun/tools/javac/util/Name; 4 3 0 com/sun/tools/javac/util/Utf8NameTable$NameImpl lastIndexOfAscii (C)I 5 12 0 com/sun/tools/javac/util/Assert check (Z)V 5 19 0 com/sun/tools/javac/util/UnsharedNameTable$NameImpl getByteData ()[B 5 24 0 com/sun/tools/javac/util/UnsharedNameTable$NameImpl getByteOffset ()I 5 30 0 com/sun/tools/javac/util/UnsharedNameTable$NameImpl getByteLength ()I 5 76 0 com/sun/tools/javac/util/Convert utfNumChars ([BII)I 4 14 0 com/sun/tools/javac/util/Name subName (II)Lcom/sun/tools/javac/util/Name; 5 5 0 com/sun/tools/javac/util/Utf8NameTable$NameImpl toString ()Ljava/lang/String; 6 1 0 com/sun/tools/javac/util/UnsharedNameTable$NameImpl getByteData ()[B 6 5 0 com/sun/tools/javac/util/UnsharedNameTable$NameImpl getByteOffset ()I 6 9 0 com/sun/tools/javac/util/UnsharedNameTable$NameImpl getByteLength ()I 6 15 0 com/sun/tools/javac/util/Convert utf2string ([BIILcom/sun/tools/javac/util/Convert$Validation;)Ljava/lang/String; 7 26 0 java/lang/String <init> ([CII)V 8 7 0 java/lang/String rangeCheck ([CII)Ljava/lang/Void; 9 4 0 java/lang/String checkBoundsOffCount (III)I 10 6 0 jdk/internal/util/Preconditions checkFromIndexSize (IIILjava/util/function/BiFunction;)I 8 10 0 java/lang/String <init> ([CIILjava/lang/Void;)V 9 1 0 java/lang/Object <init> ()V 9 36 0 java/lang/StringUTF16 compress ([CII)[B 9 45 0 java/lang/StringUTF16 coderFromArrayLen ([BI)B 5 10 0 java/lang/String substring (II)Ljava/lang/String; 6 1 0 java/lang/String length ()I 7 6 0 java/lang/String coder ()B 6 8 0 java/lang/String checkBoundsBeginEnd (III)V 7 6 0 jdk/internal/util/Preconditions checkFromToIndex (IIILjava/util/function/BiFunction;)I 1 157 0 com/sun/tools/javac/util/List nil ()Lcom/sun/tools/javac/util/List;
